Using pre-set license
Built from '6000.0/staging' branch; Version is '6000.0.42f1 (feb9a7235030) revision 16693671'; Using compiler version '193933523'; Build Type 'Release'
OS: 'Windows 11  (10.0.26200) 64bit Professional' Language: 'ja' Physical Memory: 32622 MB
BatchMode: 1, IsHumanControllingUs: 0, StartBugReporterOnCrash: 0, Is64bit: 1, IsPro: 1

COMMAND LINE ARGUMENTS:
C:\Program Files\Unity\Hub\Editor\6000.0.42f1\Editor\Unity.exe
-adb2
-batchMode
-noUpm
-name
AssetImportWorker1
-projectPath
D:/Factory/NeoWW
-logFile
Logs/AssetImportWorker1.log
-srvPort
60415
-job-worker-count
7
-background-job-worker-count
8
-gc-helper-count
1
Successfully changed project path to: D:/Factory/NeoWW
D:/Factory/NeoWW
[UnityMemory] Configuration Parameters - Can be set up in boot.config
    "memorysetup-bucket-allocator-granularity=16"
    "memorysetup-bucket-allocator-bucket-count=8"
    "memorysetup-bucket-allocator-block-size=33554432"
    "memorysetup-bucket-allocator-block-count=8"
    "memorysetup-main-allocator-block-size=16777216"
    "memorysetup-thread-allocator-block-size=16777216"
    "memorysetup-gfx-main-allocator-block-size=16777216"
    "memorysetup-gfx-thread-allocator-block-size=16777216"
    "memorysetup-cache-allocator-block-size=4194304"
    "memorysetup-typetree-allocator-block-size=2097152"
    "memorysetup-profiler-bucket-allocator-granularity=16"
    "memorysetup-profiler-bucket-allocator-bucket-count=8"
    "memorysetup-profiler-bucket-allocator-block-size=33554432"
    "memorysetup-profiler-bucket-allocator-block-count=8"
    "memorysetup-profiler-allocator-block-size=16777216"
    "memorysetup-profiler-editor-allocator-block-size=1048576"
    "memorysetup-temp-allocator-size-main=16777216"
    "memorysetup-job-temp-allocator-block-size=2097152"
    "memorysetup-job-temp-allocator-block-size-background=1048576"
    "memorysetup-job-temp-allocator-reduction-small-platforms=262144"
    "memorysetup-allocator-temp-initial-block-size-main=262144"
    "memorysetup-allocator-temp-initial-block-size-worker=262144"
    "memorysetup-temp-allocator-size-background-worker=32768"
    "memorysetup-temp-allocator-size-job-worker=262144"
    "memorysetup-temp-allocator-size-preload-manager=33554432"
    "memorysetup-temp-allocator-size-nav-mesh-worker=65536"
    "memorysetup-temp-allocator-size-audio-worker=65536"
    "memorysetup-temp-allocator-size-cloud-worker=32768"
    "memorysetup-temp-allocator-size-gi-baking-worker=262144"
    "memorysetup-temp-allocator-size-gi-baking-worker=262144"
    "memorysetup-temp-allocator-size-gi-baking-worker=262144"
    "memorysetup-temp-allocator-size-gi-baking-worker=262144"
    "memorysetup-temp-allocator-size-gi-baking-worker=262144"
    "memorysetup-temp-allocator-size-gfx=262144"
Player connection [44440]  Target information:

Player connection [44440]  * "[IP] 10.10.38.45 [Port] 0 [Flags] 2 [Guid] 1758308894 [EditorId] 1758308894 [Version] 1048832 [Id] WindowsEditor(7,F21H14) [Debug] 1 [PackageName] WindowsEditor [ProjectName] Editor" 

Player connection [44440]  * "[IP] 172.27.144.1 [Port] 0 [Flags] 2 [Guid] 1758308894 [EditorId] 1758308894 [Version] 1048832 [Id] WindowsEditor(7,F21H14) [Debug] 1 [PackageName] WindowsEditor [ProjectName] Editor" 

Player connection [44440] Host joined multi-casting on [225.0.0.222:54997]...
Player connection [44440] Host joined alternative multi-casting on [225.0.0.222:34997]...
JobSystem: Creating JobQueue using job-worker-count value 7
Input System module state changed to: Initialized.
[Physics::Module] Initialized fallback backend.
[Physics::Module] Id: 0xdecafbad
Library Redirect Path: Library/
[Physics::Module] Selected backend.
[Physics::Module] Name: PhysX
[Physics::Module] Id: 0xf2b8ea05
[Physics::Module] SDK Version: 4.1.2
[Physics::Module] Integration Version: 1.0.0
[Physics::Module] Threading Mode: Multi-Threaded
Refreshing native plugins compatible for Editor in 19.58 ms, found 6 plugins.
Preloading 1 native plugins for Editor in 1.09 ms.
Initialize engine version: 6000.0.42f1 (feb9a7235030)
[Subsystems] Discovering subsystems at path C:/Program Files/Unity/Hub/Editor/6000.0.42f1/Editor/Data/Resources/UnitySubsystems
[Subsystems] Discovering subsystems at path D:/Factory/NeoWW/Assets
GfxDevice: creating device client; kGfxThreadingModeNonThreaded
Direct3D:
    Version:  Direct3D 11.0 [level 11.1]
    Renderer: NVIDIA GeForce RTX 3060 (ID=0x2504)
    Vendor:   NVIDIA
    VRAM:     12115 MB
    Driver:   32.0.15.9186
Initialize mono
Mono path[0] = 'C:/Program Files/Unity/Hub/Editor/6000.0.42f1/Editor/Data/Managed'
Mono path[1] = 'C:/Program Files/Unity/Hub/Editor/6000.0.42f1/Editor/Data/MonoBleedingEdge/lib/mono/unityjit-win32'
Mono config path = 'C:/Program Files/Unity/Hub/Editor/6000.0.42f1/Editor/Data/MonoBleedingEdge/etc'
Using monoOptions --debugger-agent=transport=dt_socket,embedding=1,server=y,suspend=n,address=127.0.0.1:56836
Begin MonoManager ReloadAssembly
Registering precompiled unity dll's ...
Register platform support module: C:/Program Files/Unity/Hub/Editor/6000.0.42f1/Editor/Data/PlaybackEngines/WindowsStandaloneSupport/UnityEditor.WindowsStandalone.Extensions.dll
Register platform support module: C:/Program Files/Unity/Hub/Editor/6000.0.42f1/Editor/Data/PlaybackEngines/AndroidPlayer/UnityEditor.Android.Extensions.dll
Register platform support module: C:/Program Files/Unity/Hub/Editor/6000.0.42f1/Editor/Data/PlaybackEngines/iOSSupport/UnityEditor.iOS.Extensions.dll
Registered in 0.009615 seconds.
- Loaded All Assemblies, in  0.577 seconds
[usbmuxd] Start listen thread
[usbmuxd] Listen thread started
Native extension for iOS target not found
Native extension for Android target not found
Android Extension - Scanning For ADB Devices 463 ms
Native extension for WindowsStandalone target not found
Mono: successfully reloaded assembly
- Finished resetting the current domain, in  0.818 seconds
Domain Reload Profiling: 1391ms
	BeginReloadAssembly (280ms)
		ExecutionOrderSort (0ms)
		DisableScriptedObjects (0ms)
		BackupInstance (0ms)
		ReleaseScriptingObjects (0ms)
		CreateAndSetChildDomain (1ms)
	RebuildCommonClasses (42ms)
	RebuildNativeTypeToScriptingClass (11ms)
	initialDomainReloadingComplete (54ms)
	LoadAllAssembliesAndSetupDomain (186ms)
		LoadAssemblies (278ms)
		RebuildTransferFunctionScriptingTraits (0ms)
		AnalyzeDomain (180ms)
			TypeCache.Refresh (179ms)
				TypeCache.ScanAssembly (165ms)
			BuildScriptInfoCaches (0ms)
			ResolveRequiredComponents (0ms)
	FinalizeReload (818ms)
		ReleaseScriptCaches (0ms)
		RebuildScriptCaches (0ms)
		SetupLoadedEditorAssemblies (769ms)
			LogAssemblyErrors (0ms)
			InitializePlatformSupportModulesInManaged (559ms)
			SetLoadedEditorAssemblies (3ms)
			BeforeProcessingInitializeOnLoad (44ms)
			ProcessInitializeOnLoadAttributes (106ms)
			ProcessInitializeOnLoadMethodAttributes (57ms)
			AfterProcessingInitializeOnLoad (0ms)
			EditorAssembliesLoaded (0ms)
		ExecutionOrderSort2 (0ms)
		AwakeInstancesAfterBackupRestoration (0ms)
========================================================================
Worker process is ready to serve import requests
Import Worker Mode flag is 0x00
Begin MonoManager ReloadAssembly
Symbol file LoadedFromMemory is not a mono symbol file
- Loaded All Assemblies, in  1.064 seconds
Refreshing native plugins compatible for Editor in 14.75 ms, found 6 plugins.
Native extension for iOS target not found
Native extension for Android target not found
Native extension for WindowsStandalone target not found
Package Manager log level set to [2]
[Package Manager] Failed to launch server process. Reason: Unity was launched with the -noUpm command-line argument
[Package Manager] Unable to send message (not connected to server process).
[Package Manager] Cannot connect to Unity Package Manager local server
Refreshing native plugins compatible for Editor in 15.74 ms, found 6 plugins.
[Package Manager] Failed to launch server process. Reason: Unity was launched with the -noUpm command-line argument
[Package Manager] Unable to send message (not connected to server process).
[Package Manager] Cannot connect to Unity Package Manager local server
AssertionException: Error removing Draco for Unity WebGL sub-packages.. Failed fetching installed packages.
Assertion failure. Values are not equal.
Expected: Failure == Success
  at UnityEngine.Assertions.Assert.Fail (System.String message, System.String userMessage) [0x00043] in <612ea0208cc847f49d539e6511ed3cd5>:0 
  at UnityEngine.Assertions.Assert.AreEqual[T] (T expected, T actual, System.String message, System.Collections.Generic.IEqualityComparer`1[T] comparer) [0x0005f] in <612ea0208cc847f49d539e6511ed3cd5>:0 
  at UnityEngine.Assertions.Assert.AreEqual[T] (T expected, T actual, System.String message) [0x00009] in <612ea0208cc847f49d539e6511ed3cd5>:0 
  at SubPackage.SubPackageRemover.GetAllInstalledPackagesAsync (System.Double timeout) [0x000b7] in .\Library\PackageCache\com.unity.cloud.draco@2ad9855b1dfa\Editor\Scripts\SubPackage\SubPackageRemover.cs:79 
  at SubPackage.SubPackageRemover.TryRemoveObsoleteSubPackagesAsync () [0x0002a] in .\Library\PackageCache\com.unity.cloud.draco@2ad9855b1dfa\Editor\Scripts\SubPackage\SubPackageRemover.cs:33 
UnityEngine.DebugLogHandler:Internal_LogException_Injected(Exception, IntPtr)
UnityEngine.DebugLogHandler:Internal_LogException(Exception, Object)
UnityEngine.DebugLogHandler:LogException(Exception, Object)
UnityEngine.Logger:LogException(Exception, Object)
UnityEngine.Debug:LogException(Exception)
SubPackage.<TryRemoveObsoleteSubPackagesAsync>d__5:MoveNext() (at .\Library\PackageCache\com.unity.cloud.draco@2ad9855b1dfa\Editor\Scripts\SubPackage\SubPackageRemover.cs:50)
System.Runtime.CompilerServices.AsyncTaskMethodBuilder:Start(<TryRemoveObsoleteSubPackagesAsync>d__5&)
SubPackage.SubPackageRemover:TryRemoveObsoleteSubPackagesAsync()
System.Reflection.RuntimeMethodInfo:InternalInvoke(RuntimeMethodInfo, Object, Object[], Exception&)
System.Reflection.RuntimeMethodInfo:Invoke(Object, BindingFlags, Binder, Object[], CultureInfo)
System.Reflection.MethodBase:Invoke(Object, Object[])
UnityEditor.EditorAssemblies:ProcessInitializeOnLoadMethodAttributes()

(Filename: ./Library/PackageCache/com.unity.cloud.draco@2ad9855b1dfa/Editor/Scripts/SubPackage/SubPackageRemover.cs Line: 50)

Mono: successfully reloaded assembly
- Finished resetting the current domain, in  0.892 seconds
Domain Reload Profiling: 1952ms
	BeginReloadAssembly (285ms)
		ExecutionOrderSort (0ms)
		DisableScriptedObjects (5ms)
		BackupInstance (0ms)
		ReleaseScriptingObjects (0ms)
		CreateAndSetChildDomain (26ms)
	RebuildCommonClasses (40ms)
	RebuildNativeTypeToScriptingClass (11ms)
	initialDomainReloadingComplete (47ms)
	LoadAllAssembliesAndSetupDomain (677ms)
		LoadAssemblies (575ms)
		RebuildTransferFunctionScriptingTraits (0ms)
		AnalyzeDomain (322ms)
			TypeCache.Refresh (264ms)
				TypeCache.ScanAssembly (240ms)
			BuildScriptInfoCaches (46ms)
			ResolveRequiredComponents (9ms)
	FinalizeReload (893ms)
		ReleaseScriptCaches (0ms)
		RebuildScriptCaches (0ms)
		SetupLoadedEditorAssemblies (733ms)
			LogAssemblyErrors (0ms)
			InitializePlatformSupportModulesInManaged (22ms)
			SetLoadedEditorAssemblies (4ms)
			BeforeProcessingInitializeOnLoad (97ms)
			ProcessInitializeOnLoadAttributes (489ms)
			ProcessInitializeOnLoadMethodAttributes (114ms)
			AfterProcessingInitializeOnLoad (7ms)
			EditorAssembliesLoaded (0ms)
		ExecutionOrderSort2 (0ms)
		AwakeInstancesAfterBackupRestoration (6ms)
Launched and connected shader compiler UnityShaderCompiler.exe after 0.02 seconds
Refreshing native plugins compatible for Editor in 14.28 ms, found 6 plugins.
Preloading 1 native plugins for Editor in 0.14 ms.
Unloading 221 Unused Serialized files (Serialized files now loaded: 0)
Unloading 6918 unused Assets / (5.0 MB). Loaded Objects now: 7589.
Memory consumption went from 170.7 MB to 165.7 MB.
Total: 7.502100 ms (FindLiveObjects: 0.565500 ms CreateObjectMapping: 0.529700 ms MarkObjects: 3.920100 ms  DeleteObjects: 2.486000 ms)

========================================================================
Received Prepare
Begin MonoManager ReloadAssembly
Symbol file LoadedFromMemory is not a mono symbol file
- Loaded All Assemblies, in  1.074 seconds
Refreshing native plugins compatible for Editor in 16.35 ms, found 6 plugins.
Native extension for iOS target not found
Native extension for Android target not found
Native extension for WindowsStandalone target not found
[Package Manager] Failed to launch server process. Reason: Unity was launched with the -noUpm command-line argument
[Package Manager] Unable to send message (not connected to server process).
[Package Manager] Cannot connect to Unity Package Manager local server
[Package Manager] Failed to launch server process. Reason: Unity was launched with the -noUpm command-line argument
[Package Manager] Unable to send message (not connected to server process).
[Package Manager] Cannot connect to Unity Package Manager local server
AssertionException: Error removing Draco for Unity WebGL sub-packages.. Failed fetching installed packages.
Assertion failure. Values are not equal.
Expected: Failure == Success
  at UnityEngine.Assertions.Assert.Fail (System.String message, System.String userMessage) [0x00043] in <612ea0208cc847f49d539e6511ed3cd5>:0 
  at UnityEngine.Assertions.Assert.AreEqual[T] (T expected, T actual, System.String message, System.Collections.Generic.IEqualityComparer`1[T] comparer) [0x0005f] in <612ea0208cc847f49d539e6511ed3cd5>:0 
  at UnityEngine.Assertions.Assert.AreEqual[T] (T expected, T actual, System.String message) [0x00009] in <612ea0208cc847f49d539e6511ed3cd5>:0 
  at SubPackage.SubPackageRemover.GetAllInstalledPackagesAsync (System.Double timeout) [0x000b7] in .\Library\PackageCache\com.unity.cloud.draco@2ad9855b1dfa\Editor\Scripts\SubPackage\SubPackageRemover.cs:79 
  at SubPackage.SubPackageRemover.TryRemoveObsoleteSubPackagesAsync () [0x0002a] in .\Library\PackageCache\com.unity.cloud.draco@2ad9855b1dfa\Editor\Scripts\SubPackage\SubPackageRemover.cs:33 
UnityEngine.DebugLogHandler:Internal_LogException_Injected(Exception, IntPtr)
UnityEngine.DebugLogHandler:Internal_LogException(Exception, Object)
UnityEngine.DebugLogHandler:LogException(Exception, Object)
UnityEngine.Logger:LogException(Exception, Object)
UnityEngine.Debug:LogException(Exception)
SubPackage.<TryRemoveObsoleteSubPackagesAsync>d__5:MoveNext() (at .\Library\PackageCache\com.unity.cloud.draco@2ad9855b1dfa\Editor\Scripts\SubPackage\SubPackageRemover.cs:50)
System.Runtime.CompilerServices.AsyncTaskMethodBuilder:Start(<TryRemoveObsoleteSubPackagesAsync>d__5&)
SubPackage.SubPackageRemover:TryRemoveObsoleteSubPackagesAsync()
System.Reflection.RuntimeMethodInfo:InternalInvoke(RuntimeMethodInfo, Object, Object[], Exception&)
System.Reflection.RuntimeMethodInfo:Invoke(Object, BindingFlags, Binder, Object[], CultureInfo)
System.Reflection.MethodBase:Invoke(Object, Object[])
UnityEditor.EditorAssemblies:ProcessInitializeOnLoadMethodAttributes()

(Filename: ./Library/PackageCache/com.unity.cloud.draco@2ad9855b1dfa/Editor/Scripts/SubPackage/SubPackageRemover.cs Line: 50)

Mono: successfully reloaded assembly
- Finished resetting the current domain, in  0.881 seconds
Domain Reload Profiling: 1954ms
	BeginReloadAssembly (319ms)
		ExecutionOrderSort (0ms)
		DisableScriptedObjects (6ms)
		BackupInstance (0ms)
		ReleaseScriptingObjects (0ms)
		CreateAndSetChildDomain (54ms)
	RebuildCommonClasses (39ms)
	RebuildNativeTypeToScriptingClass (11ms)
	initialDomainReloadingComplete (36ms)
	LoadAllAssembliesAndSetupDomain (668ms)
		LoadAssemblies (558ms)
		RebuildTransferFunctionScriptingTraits (0ms)
		AnalyzeDomain (326ms)
			TypeCache.Refresh (12ms)
				TypeCache.ScanAssembly (0ms)
			BuildScriptInfoCaches (299ms)
			ResolveRequiredComponents (11ms)
	FinalizeReload (882ms)
		ReleaseScriptCaches (0ms)
		RebuildScriptCaches (0ms)
		SetupLoadedEditorAssemblies (667ms)
			LogAssemblyErrors (0ms)
			InitializePlatformSupportModulesInManaged (25ms)
			SetLoadedEditorAssemblies (4ms)
			BeforeProcessingInitializeOnLoad (96ms)
			ProcessInitializeOnLoadAttributes (452ms)
			ProcessInitializeOnLoadMethodAttributes (81ms)
			AfterProcessingInitializeOnLoad (8ms)
			EditorAssembliesLoaded (0ms)
		ExecutionOrderSort2 (0ms)
		AwakeInstancesAfterBackupRestoration (14ms)
Refreshing native plugins compatible for Editor in 14.11 ms, found 6 plugins.
Preloading 1 native plugins for Editor in 0.16 ms.
Unloading 23 Unused Serialized files (Serialized files now loaded: 0)
Unloading 6914 unused Assets / (4.9 MB). Loaded Objects now: 7605.
Memory consumption went from 149.7 MB to 144.8 MB.
Total: 7.260800 ms (FindLiveObjects: 0.636400 ms CreateObjectMapping: 0.692800 ms MarkObjects: 3.848900 ms  DeleteObjects: 2.081700 ms)

Prepare: number of updated asset objects reloaded= 0
========================================================================
Received Prepare
Refreshing native plugins compatible for Editor in 15.58 ms, found 6 plugins.
Preloading 1 native plugins for Editor in 0.15 ms.
Unloading 13 Unused Serialized files (Serialized files now loaded: 0)
Unloading 13 unused Assets / (2.2 MB). Loaded Objects now: 7605.
Memory consumption went from 142.9 MB to 140.7 MB.
Total: 4.444500 ms (FindLiveObjects: 0.298000 ms CreateObjectMapping: 0.214200 ms MarkObjects: 3.567500 ms  DeleteObjects: 0.363700 ms)

Prepare: number of updated asset objects reloaded= 0
========================================================================
Received Prepare
Refreshing native plugins compatible for Editor in 13.65 ms, found 6 plugins.
Preloading 1 native plugins for Editor in 0.15 ms.
Unloading 13 Unused Serialized files (Serialized files now loaded: 0)
Unloading 6872 unused Assets / (5.1 MB). Loaded Objects now: 7605.
Memory consumption went from 148.0 MB to 142.9 MB.
Total: 9.294800 ms (FindLiveObjects: 0.561200 ms CreateObjectMapping: 0.503600 ms MarkObjects: 5.594200 ms  DeleteObjects: 2.634500 ms)

Prepare: number of updated asset objects reloaded= 0
========================================================================
Received Prepare
Begin MonoManager ReloadAssembly
Symbol file LoadedFromMemory is not a mono symbol file
- Loaded All Assemblies, in  1.019 seconds
Refreshing native plugins compatible for Editor in 14.61 ms, found 6 plugins.
Native extension for iOS target not found
Native extension for Android target not found
Native extension for WindowsStandalone target not found
[Package Manager] Failed to launch server process. Reason: Unity was launched with the -noUpm command-line argument
[Package Manager] Unable to send message (not connected to server process).
[Package Manager] Cannot connect to Unity Package Manager local server
[Package Manager] Failed to launch server process. Reason: Unity was launched with the -noUpm command-line argument
[Package Manager] Unable to send message (not connected to server process).
[Package Manager] Cannot connect to Unity Package Manager local server
AssertionException: Error removing Draco for Unity WebGL sub-packages.. Failed fetching installed packages.
Assertion failure. Values are not equal.
Expected: Failure == Success
  at UnityEngine.Assertions.Assert.Fail (System.String message, System.String userMessage) [0x00043] in <612ea0208cc847f49d539e6511ed3cd5>:0 
  at UnityEngine.Assertions.Assert.AreEqual[T] (T expected, T actual, System.String message, System.Collections.Generic.IEqualityComparer`1[T] comparer) [0x0005f] in <612ea0208cc847f49d539e6511ed3cd5>:0 
  at UnityEngine.Assertions.Assert.AreEqual[T] (T expected, T actual, System.String message) [0x00009] in <612ea0208cc847f49d539e6511ed3cd5>:0 
  at SubPackage.SubPackageRemover.GetAllInstalledPackagesAsync (System.Double timeout) [0x000b7] in .\Library\PackageCache\com.unity.cloud.draco@2ad9855b1dfa\Editor\Scripts\SubPackage\SubPackageRemover.cs:79 
  at SubPackage.SubPackageRemover.TryRemoveObsoleteSubPackagesAsync () [0x0002a] in .\Library\PackageCache\com.unity.cloud.draco@2ad9855b1dfa\Editor\Scripts\SubPackage\SubPackageRemover.cs:33 
UnityEngine.DebugLogHandler:Internal_LogException_Injected(Exception, IntPtr)
UnityEngine.DebugLogHandler:Internal_LogException(Exception, Object)
UnityEngine.DebugLogHandler:LogException(Exception, Object)
UnityEngine.Logger:LogException(Exception, Object)
UnityEngine.Debug:LogException(Exception)
SubPackage.<TryRemoveObsoleteSubPackagesAsync>d__5:MoveNext() (at .\Library\PackageCache\com.unity.cloud.draco@2ad9855b1dfa\Editor\Scripts\SubPackage\SubPackageRemover.cs:50)
System.Runtime.CompilerServices.AsyncTaskMethodBuilder:Start(<TryRemoveObsoleteSubPackagesAsync>d__5&)
SubPackage.SubPackageRemover:TryRemoveObsoleteSubPackagesAsync()
System.Reflection.RuntimeMethodInfo:InternalInvoke(RuntimeMethodInfo, Object, Object[], Exception&)
System.Reflection.RuntimeMethodInfo:Invoke(Object, BindingFlags, Binder, Object[], CultureInfo)
System.Reflection.MethodBase:Invoke(Object, Object[])
UnityEditor.EditorAssemblies:ProcessInitializeOnLoadMethodAttributes()

(Filename: ./Library/PackageCache/com.unity.cloud.draco@2ad9855b1dfa/Editor/Scripts/SubPackage/SubPackageRemover.cs Line: 50)

Mono: successfully reloaded assembly
- Finished resetting the current domain, in  0.792 seconds
Domain Reload Profiling: 1809ms
	BeginReloadAssembly (360ms)
		ExecutionOrderSort (0ms)
		DisableScriptedObjects (7ms)
		BackupInstance (0ms)
		ReleaseScriptingObjects (0ms)
		CreateAndSetChildDomain (60ms)
	RebuildCommonClasses (41ms)
	RebuildNativeTypeToScriptingClass (18ms)
	initialDomainReloadingComplete (39ms)
	LoadAllAssembliesAndSetupDomain (560ms)
		LoadAssemblies (605ms)
		RebuildTransferFunctionScriptingTraits (0ms)
		AnalyzeDomain (203ms)
			TypeCache.Refresh (13ms)
				TypeCache.ScanAssembly (1ms)
			BuildScriptInfoCaches (178ms)
			ResolveRequiredComponents (8ms)
	FinalizeReload (792ms)
		ReleaseScriptCaches (0ms)
		RebuildScriptCaches (0ms)
		SetupLoadedEditorAssemblies (618ms)
			LogAssemblyErrors (0ms)
			InitializePlatformSupportModulesInManaged (22ms)
			SetLoadedEditorAssemblies (5ms)
			BeforeProcessingInitializeOnLoad (104ms)
			ProcessInitializeOnLoadAttributes (406ms)
			ProcessInitializeOnLoadMethodAttributes (73ms)
			AfterProcessingInitializeOnLoad (8ms)
			EditorAssembliesLoaded (0ms)
		ExecutionOrderSort2 (0ms)
		AwakeInstancesAfterBackupRestoration (12ms)
Refreshing native plugins compatible for Editor in 13.66 ms, found 6 plugins.
Preloading 1 native plugins for Editor in 0.16 ms.
Unloading 13 Unused Serialized files (Serialized files now loaded: 0)
Unloading 6914 unused Assets / (4.7 MB). Loaded Objects now: 7608.
Memory consumption went from 148.1 MB to 143.4 MB.
Total: 6.434800 ms (FindLiveObjects: 0.582000 ms CreateObjectMapping: 0.491300 ms MarkObjects: 3.468700 ms  DeleteObjects: 1.891800 ms)

Prepare: number of updated asset objects reloaded= 0
========================================================================
Received Prepare
Begin MonoManager ReloadAssembly
Symbol file LoadedFromMemory is not a mono symbol file
- Loaded All Assemblies, in  0.962 seconds
Refreshing native plugins compatible for Editor in 14.42 ms, found 6 plugins.
Native extension for iOS target not found
Native extension for Android target not found
Native extension for WindowsStandalone target not found
[Package Manager] Failed to launch server process. Reason: Unity was launched with the -noUpm command-line argument
[Package Manager] Unable to send message (not connected to server process).
[Package Manager] Cannot connect to Unity Package Manager local server
[Package Manager] Failed to launch server process. Reason: Unity was launched with the -noUpm command-line argument
[Package Manager] Unable to send message (not connected to server process).
[Package Manager] Cannot connect to Unity Package Manager local server
AssertionException: Error removing Draco for Unity WebGL sub-packages.. Failed fetching installed packages.
Assertion failure. Values are not equal.
Expected: Failure == Success
  at UnityEngine.Assertions.Assert.Fail (System.String message, System.String userMessage) [0x00043] in <612ea0208cc847f49d539e6511ed3cd5>:0 
  at UnityEngine.Assertions.Assert.AreEqual[T] (T expected, T actual, System.String message, System.Collections.Generic.IEqualityComparer`1[T] comparer) [0x0005f] in <612ea0208cc847f49d539e6511ed3cd5>:0 
  at UnityEngine.Assertions.Assert.AreEqual[T] (T expected, T actual, System.String message) [0x00009] in <612ea0208cc847f49d539e6511ed3cd5>:0 
  at SubPackage.SubPackageRemover.GetAllInstalledPackagesAsync (System.Double timeout) [0x000b7] in .\Library\PackageCache\com.unity.cloud.draco@2ad9855b1dfa\Editor\Scripts\SubPackage\SubPackageRemover.cs:79 
  at SubPackage.SubPackageRemover.TryRemoveObsoleteSubPackagesAsync () [0x0002a] in .\Library\PackageCache\com.unity.cloud.draco@2ad9855b1dfa\Editor\Scripts\SubPackage\SubPackageRemover.cs:33 
UnityEngine.DebugLogHandler:Internal_LogException_Injected(Exception, IntPtr)
UnityEngine.DebugLogHandler:Internal_LogException(Exception, Object)
UnityEngine.DebugLogHandler:LogException(Exception, Object)
UnityEngine.Logger:LogException(Exception, Object)
UnityEngine.Debug:LogException(Exception)
SubPackage.<TryRemoveObsoleteSubPackagesAsync>d__5:MoveNext() (at .\Library\PackageCache\com.unity.cloud.draco@2ad9855b1dfa\Editor\Scripts\SubPackage\SubPackageRemover.cs:50)
System.Runtime.CompilerServices.AsyncTaskMethodBuilder:Start(<TryRemoveObsoleteSubPackagesAsync>d__5&)
SubPackage.SubPackageRemover:TryRemoveObsoleteSubPackagesAsync()
System.Reflection.RuntimeMethodInfo:InternalInvoke(RuntimeMethodInfo, Object, Object[], Exception&)
System.Reflection.RuntimeMethodInfo:Invoke(Object, BindingFlags, Binder, Object[], CultureInfo)
System.Reflection.MethodBase:Invoke(Object, Object[])
UnityEditor.EditorAssemblies:ProcessInitializeOnLoadMethodAttributes()

(Filename: ./Library/PackageCache/com.unity.cloud.draco@2ad9855b1dfa/Editor/Scripts/SubPackage/SubPackageRemover.cs Line: 50)

Mono: successfully reloaded assembly
- Finished resetting the current domain, in  1.027 seconds
Domain Reload Profiling: 1988ms
	BeginReloadAssembly (332ms)
		ExecutionOrderSort (0ms)
		DisableScriptedObjects (5ms)
		BackupInstance (0ms)
		ReleaseScriptingObjects (0ms)
		CreateAndSetChildDomain (51ms)
	RebuildCommonClasses (36ms)
	RebuildNativeTypeToScriptingClass (12ms)
	initialDomainReloadingComplete (34ms)
	LoadAllAssembliesAndSetupDomain (547ms)
		LoadAssemblies (569ms)
		RebuildTransferFunctionScriptingTraits (0ms)
		AnalyzeDomain (209ms)
			TypeCache.Refresh (7ms)
				TypeCache.ScanAssembly (0ms)
			BuildScriptInfoCaches (190ms)
			ResolveRequiredComponents (8ms)
	FinalizeReload (1027ms)
		ReleaseScriptCaches (0ms)
		RebuildScriptCaches (0ms)
		SetupLoadedEditorAssemblies (856ms)
			LogAssemblyErrors (0ms)
			InitializePlatformSupportModulesInManaged (22ms)
			SetLoadedEditorAssemblies (5ms)
			BeforeProcessingInitializeOnLoad (117ms)
			ProcessInitializeOnLoadAttributes (620ms)
			ProcessInitializeOnLoadMethodAttributes (84ms)
			AfterProcessingInitializeOnLoad (8ms)
			EditorAssembliesLoaded (0ms)
		ExecutionOrderSort2 (0ms)
		AwakeInstancesAfterBackupRestoration (13ms)
Refreshing native plugins compatible for Editor in 15.91 ms, found 6 plugins.
Preloading 1 native plugins for Editor in 0.20 ms.
Unloading 13 Unused Serialized files (Serialized files now loaded: 0)
Unloading 6914 unused Assets / (4.6 MB). Loaded Objects now: 7611.
Memory consumption went from 148.1 MB to 143.5 MB.
Total: 9.591600 ms (FindLiveObjects: 0.673700 ms CreateObjectMapping: 0.733000 ms MarkObjects: 5.871200 ms  DeleteObjects: 2.312800 ms)

Prepare: number of updated asset objects reloaded= 21
========================================================================
Received Prepare
Refreshing native plugins compatible for Editor in 15.02 ms, found 6 plugins.
Preloading 1 native plugins for Editor in 0.15 ms.
Unloading 13 Unused Serialized files (Serialized files now loaded: 0)
Unloading 13 unused Assets / (2.2 MB). Loaded Objects now: 7611.
Memory consumption went from 143.2 MB to 141.0 MB.
Total: 5.462700 ms (FindLiveObjects: 0.314100 ms CreateObjectMapping: 0.217800 ms MarkObjects: 4.444400 ms  DeleteObjects: 0.484500 ms)

Prepare: number of updated asset objects reloaded= 1
========================================================================
Received Prepare
Begin MonoManager ReloadAssembly
Symbol file LoadedFromMemory is not a mono symbol file
- Loaded All Assemblies, in  0.949 seconds
Refreshing native plugins compatible for Editor in 16.51 ms, found 6 plugins.
Native extension for iOS target not found
Native extension for Android target not found
Native extension for WindowsStandalone target not found
[Package Manager] Failed to launch server process. Reason: Unity was launched with the -noUpm command-line argument
[Package Manager] Unable to send message (not connected to server process).
[Package Manager] Cannot connect to Unity Package Manager local server
The project currently uses the compatibility mode where the Render Graph API is disabled. Support for this mode will be removed in future Unity versions. Migrate existing ScriptableRenderPasses to the new RenderGraph API. After the migration, disable the compatibility mode in Edit > Projects Settings > Graphics > Render Graph.
UnityEngine.Debug:ExtractStackTraceNoAlloc (byte*,int,string)
UnityEngine.StackTraceUtility:ExtractStackTrace ()
UnityEngine.DebugLogHandler:Internal_Log (UnityEngine.LogType,UnityEngine.LogOption,string,UnityEngine.Object)
UnityEngine.DebugLogHandler:LogFormat (UnityEngine.LogType,UnityEngine.Object,string,object[])
UnityEngine.Logger:Log (UnityEngine.LogType,object)
UnityEngine.Debug:LogWarning (object)
UnityEngine.Rendering.Universal.WarnUsingNonRenderGraph:EmitConsoleWarning () (at ./Library/PackageCache/com.unity.render-pipelines.universal@087c6d6dbb7d/Runtime/Data/UniversalRenderPipelineAsset.cs:427)
System.Reflection.RuntimeMethodInfo:Invoke (object,System.Reflection.BindingFlags,System.Reflection.Binder,object[],System.Globalization.CultureInfo)
System.Reflection.MethodBase:Invoke (object,object[])
UnityEditor.EditorAssemblies:ProcessInitializeOnLoadMethodAttributes ()

(Filename: ./Library/PackageCache/com.unity.render-pipelines.universal@087c6d6dbb7d/Runtime/Data/UniversalRenderPipelineAsset.cs Line: 427)

[Package Manager] Failed to launch server process. Reason: Unity was launched with the -noUpm command-line argument
[Package Manager] Unable to send message (not connected to server process).
[Package Manager] Cannot connect to Unity Package Manager local server
AssertionException: Error removing Draco for Unity WebGL sub-packages.. Failed fetching installed packages.
Assertion failure. Values are not equal.
Expected: Failure == Success
  at UnityEngine.Assertions.Assert.Fail (System.String message, System.String userMessage) [0x00043] in <612ea0208cc847f49d539e6511ed3cd5>:0 
  at UnityEngine.Assertions.Assert.AreEqual[T] (T expected, T actual, System.String message, System.Collections.Generic.IEqualityComparer`1[T] comparer) [0x0005f] in <612ea0208cc847f49d539e6511ed3cd5>:0 
  at UnityEngine.Assertions.Assert.AreEqual[T] (T expected, T actual, System.String message) [0x00009] in <612ea0208cc847f49d539e6511ed3cd5>:0 
  at SubPackage.SubPackageRemover.GetAllInstalledPackagesAsync (System.Double timeout) [0x000b7] in .\Library\PackageCache\com.unity.cloud.draco@2ad9855b1dfa\Editor\Scripts\SubPackage\SubPackageRemover.cs:79 
  at SubPackage.SubPackageRemover.TryRemoveObsoleteSubPackagesAsync () [0x0002a] in .\Library\PackageCache\com.unity.cloud.draco@2ad9855b1dfa\Editor\Scripts\SubPackage\SubPackageRemover.cs:33 
UnityEngine.DebugLogHandler:Internal_LogException_Injected(Exception, IntPtr)
UnityEngine.DebugLogHandler:Internal_LogException(Exception, Object)
UnityEngine.DebugLogHandler:LogException(Exception, Object)
UnityEngine.Logger:LogException(Exception, Object)
UnityEngine.Debug:LogException(Exception)
SubPackage.<TryRemoveObsoleteSubPackagesAsync>d__5:MoveNext() (at .\Library\PackageCache\com.unity.cloud.draco@2ad9855b1dfa\Editor\Scripts\SubPackage\SubPackageRemover.cs:50)
System.Runtime.CompilerServices.AsyncTaskMethodBuilder:Start(<TryRemoveObsoleteSubPackagesAsync>d__5&)
SubPackage.SubPackageRemover:TryRemoveObsoleteSubPackagesAsync()
System.Reflection.RuntimeMethodInfo:InternalInvoke(RuntimeMethodInfo, Object, Object[], Exception&)
System.Reflection.RuntimeMethodInfo:Invoke(Object, BindingFlags, Binder, Object[], CultureInfo)
System.Reflection.MethodBase:Invoke(Object, Object[])
UnityEditor.EditorAssemblies:ProcessInitializeOnLoadMethodAttributes()

(Filename: ./Library/PackageCache/com.unity.cloud.draco@2ad9855b1dfa/Editor/Scripts/SubPackage/SubPackageRemover.cs Line: 50)

Mono: successfully reloaded assembly
- Finished resetting the current domain, in  0.822 seconds
Domain Reload Profiling: 1768ms
	BeginReloadAssembly (311ms)
		ExecutionOrderSort (0ms)
		DisableScriptedObjects (6ms)
		BackupInstance (0ms)
		ReleaseScriptingObjects (0ms)
		CreateAndSetChildDomain (50ms)
	RebuildCommonClasses (37ms)
	RebuildNativeTypeToScriptingClass (10ms)
	initialDomainReloadingComplete (35ms)
	LoadAllAssembliesAndSetupDomain (552ms)
		LoadAssemblies (559ms)
		RebuildTransferFunctionScriptingTraits (0ms)
		AnalyzeDomain (209ms)
			TypeCache.Refresh (9ms)
				TypeCache.ScanAssembly (0ms)
			BuildScriptInfoCaches (181ms)
			ResolveRequiredComponents (13ms)
	FinalizeReload (823ms)
		ReleaseScriptCaches (0ms)
		RebuildScriptCaches (0ms)
		SetupLoadedEditorAssemblies (637ms)
			LogAssemblyErrors (0ms)
			InitializePlatformSupportModulesInManaged (22ms)
			SetLoadedEditorAssemblies (5ms)
			BeforeProcessingInitializeOnLoad (93ms)
			ProcessInitializeOnLoadAttributes (429ms)
			ProcessInitializeOnLoadMethodAttributes (81ms)
			AfterProcessingInitializeOnLoad (7ms)
			EditorAssembliesLoaded (0ms)
		ExecutionOrderSort2 (0ms)
		AwakeInstancesAfterBackupRestoration (12ms)
Refreshing native plugins compatible for Editor in 14.31 ms, found 6 plugins.
Preloading 1 native plugins for Editor in 0.15 ms.
Unloading 13 Unused Serialized files (Serialized files now loaded: 0)
Unloading 6914 unused Assets / (5.2 MB). Loaded Objects now: 7614.
Memory consumption went from 148.1 MB to 142.9 MB.
Total: 7.889500 ms (FindLiveObjects: 0.652600 ms CreateObjectMapping: 0.561600 ms MarkObjects: 4.043000 ms  DeleteObjects: 2.630800 ms)

Prepare: number of updated asset objects reloaded= 0
========================================================================
Received Prepare
Begin MonoManager ReloadAssembly
Symbol file LoadedFromMemory is not a mono symbol file
- Loaded All Assemblies, in  0.931 seconds
Refreshing native plugins compatible for Editor in 14.04 ms, found 6 plugins.
Native extension for iOS target not found
Native extension for Android target not found
Native extension for WindowsStandalone target not found
[Package Manager] Failed to launch server process. Reason: Unity was launched with the -noUpm command-line argument
[Package Manager] Unable to send message (not connected to server process).
[Package Manager] Cannot connect to Unity Package Manager local server
The project currently uses the compatibility mode where the Render Graph API is disabled. Support for this mode will be removed in future Unity versions. Migrate existing ScriptableRenderPasses to the new RenderGraph API. After the migration, disable the compatibility mode in Edit > Projects Settings > Graphics > Render Graph.
UnityEngine.Debug:ExtractStackTraceNoAlloc (byte*,int,string)
UnityEngine.StackTraceUtility:ExtractStackTrace ()
UnityEngine.DebugLogHandler:Internal_Log (UnityEngine.LogType,UnityEngine.LogOption,string,UnityEngine.Object)
UnityEngine.DebugLogHandler:LogFormat (UnityEngine.LogType,UnityEngine.Object,string,object[])
UnityEngine.Logger:Log (UnityEngine.LogType,object)
UnityEngine.Debug:LogWarning (object)
UnityEngine.Rendering.Universal.WarnUsingNonRenderGraph:EmitConsoleWarning () (at ./Library/PackageCache/com.unity.render-pipelines.universal@087c6d6dbb7d/Runtime/Data/UniversalRenderPipelineAsset.cs:427)
System.Reflection.RuntimeMethodInfo:Invoke (object,System.Reflection.BindingFlags,System.Reflection.Binder,object[],System.Globalization.CultureInfo)
System.Reflection.MethodBase:Invoke (object,object[])
UnityEditor.EditorAssemblies:ProcessInitializeOnLoadMethodAttributes ()

(Filename: ./Library/PackageCache/com.unity.render-pipelines.universal@087c6d6dbb7d/Runtime/Data/UniversalRenderPipelineAsset.cs Line: 427)

[Package Manager] Failed to launch server process. Reason: Unity was launched with the -noUpm command-line argument
[Package Manager] Unable to send message (not connected to server process).
[Package Manager] Cannot connect to Unity Package Manager local server
AssertionException: Error removing Draco for Unity WebGL sub-packages.. Failed fetching installed packages.
Assertion failure. Values are not equal.
Expected: Failure == Success
  at UnityEngine.Assertions.Assert.Fail (System.String message, System.String userMessage) [0x00043] in <612ea0208cc847f49d539e6511ed3cd5>:0 
  at UnityEngine.Assertions.Assert.AreEqual[T] (T expected, T actual, System.String message, System.Collections.Generic.IEqualityComparer`1[T] comparer) [0x0005f] in <612ea0208cc847f49d539e6511ed3cd5>:0 
  at UnityEngine.Assertions.Assert.AreEqual[T] (T expected, T actual, System.String message) [0x00009] in <612ea0208cc847f49d539e6511ed3cd5>:0 
  at SubPackage.SubPackageRemover.GetAllInstalledPackagesAsync (System.Double timeout) [0x000b7] in .\Library\PackageCache\com.unity.cloud.draco@2ad9855b1dfa\Editor\Scripts\SubPackage\SubPackageRemover.cs:79 
  at SubPackage.SubPackageRemover.TryRemoveObsoleteSubPackagesAsync () [0x0002a] in .\Library\PackageCache\com.unity.cloud.draco@2ad9855b1dfa\Editor\Scripts\SubPackage\SubPackageRemover.cs:33 
UnityEngine.DebugLogHandler:Internal_LogException_Injected(Exception, IntPtr)
UnityEngine.DebugLogHandler:Internal_LogException(Exception, Object)
UnityEngine.DebugLogHandler:LogException(Exception, Object)
UnityEngine.Logger:LogException(Exception, Object)
UnityEngine.Debug:LogException(Exception)
SubPackage.<TryRemoveObsoleteSubPackagesAsync>d__5:MoveNext() (at .\Library\PackageCache\com.unity.cloud.draco@2ad9855b1dfa\Editor\Scripts\SubPackage\SubPackageRemover.cs:50)
System.Runtime.CompilerServices.AsyncTaskMethodBuilder:Start(<TryRemoveObsoleteSubPackagesAsync>d__5&)
SubPackage.SubPackageRemover:TryRemoveObsoleteSubPackagesAsync()
System.Reflection.RuntimeMethodInfo:InternalInvoke(RuntimeMethodInfo, Object, Object[], Exception&)
System.Reflection.RuntimeMethodInfo:Invoke(Object, BindingFlags, Binder, Object[], CultureInfo)
System.Reflection.MethodBase:Invoke(Object, Object[])
UnityEditor.EditorAssemblies:ProcessInitializeOnLoadMethodAttributes()

(Filename: ./Library/PackageCache/com.unity.cloud.draco@2ad9855b1dfa/Editor/Scripts/SubPackage/SubPackageRemover.cs Line: 50)

Mono: successfully reloaded assembly
- Finished resetting the current domain, in  0.886 seconds
Domain Reload Profiling: 1815ms
	BeginReloadAssembly (304ms)
		ExecutionOrderSort (0ms)
		DisableScriptedObjects (5ms)
		BackupInstance (0ms)
		ReleaseScriptingObjects (0ms)
		CreateAndSetChildDomain (48ms)
	RebuildCommonClasses (37ms)
	RebuildNativeTypeToScriptingClass (11ms)
	initialDomainReloadingComplete (37ms)
	LoadAllAssembliesAndSetupDomain (540ms)
		LoadAssemblies (550ms)
		RebuildTransferFunctionScriptingTraits (0ms)
		AnalyzeDomain (200ms)
			TypeCache.Refresh (8ms)
				TypeCache.ScanAssembly (0ms)
			BuildScriptInfoCaches (179ms)
			ResolveRequiredComponents (8ms)
	FinalizeReload (886ms)
		ReleaseScriptCaches (0ms)
		RebuildScriptCaches (0ms)
		SetupLoadedEditorAssemblies (704ms)
			LogAssemblyErrors (0ms)
			InitializePlatformSupportModulesInManaged (23ms)
			SetLoadedEditorAssemblies (5ms)
			BeforeProcessingInitializeOnLoad (96ms)
			ProcessInitializeOnLoadAttributes (479ms)
			ProcessInitializeOnLoadMethodAttributes (93ms)
			AfterProcessingInitializeOnLoad (7ms)
			EditorAssembliesLoaded (0ms)
		ExecutionOrderSort2 (0ms)
		AwakeInstancesAfterBackupRestoration (14ms)
Refreshing native plugins compatible for Editor in 15.82 ms, found 6 plugins.
Preloading 1 native plugins for Editor in 0.14 ms.
Unloading 13 Unused Serialized files (Serialized files now loaded: 0)
Unloading 6914 unused Assets / (5.0 MB). Loaded Objects now: 7617.
Memory consumption went from 148.1 MB to 143.1 MB.
Total: 8.793100 ms (FindLiveObjects: 0.947200 ms CreateObjectMapping: 0.933400 ms MarkObjects: 4.592600 ms  DeleteObjects: 2.317800 ms)

Prepare: number of updated asset objects reloaded= 0
========================================================================
Received Import Request.
  Time since last request: 423074.244424 seconds.
  path: Assets/Sources/MapViewController.cs
  artifactKey: Guid(ed5c52377b7fd604594f2bb4b441fd16) Importer(815301076,1909f56bfc062723c751e8b465ee728b)
Start importing Assets/Sources/MapViewController.cs using Guid(ed5c52377b7fd604594f2bb4b441fd16) Importer(815301076,1909f56bfc062723c751e8b465ee728b) (PreviewImporter) -> (artifact id: '192f177840df3f809f158ec363c254f0') in 0.0100312 seconds
Number of updated asset objects reloaded before import = 0Number of asset objects unloaded after import = 0

========================================================================
Received Prepare
Refreshing native plugins compatible for Editor in 16.86 ms, found 6 plugins.
Preloading 1 native plugins for Editor in 0.15 ms.
Unloading 13 Unused Serialized files (Serialized files now loaded: 0)
Unloading 13 unused Assets / (2.2 MB). Loaded Objects now: 7619.
Memory consumption went from 143.5 MB to 141.3 MB.
Total: 5.745200 ms (FindLiveObjects: 0.347600 ms CreateObjectMapping: 0.254000 ms MarkObjects: 4.581600 ms  DeleteObjects: 0.560900 ms)

Prepare: number of updated asset objects reloaded= 0
========================================================================
Received Prepare
Begin MonoManager ReloadAssembly
Symbol file LoadedFromMemory is not a mono symbol file
- Loaded All Assemblies, in  1.013 seconds
Refreshing native plugins compatible for Editor in 17.18 ms, found 6 plugins.
Native extension for iOS target not found
Native extension for Android target not found
Native extension for WindowsStandalone target not found
[Package Manager] Failed to launch server process. Reason: Unity was launched with the -noUpm command-line argument
[Package Manager] Unable to send message (not connected to server process).
[Package Manager] Cannot connect to Unity Package Manager local server
The project currently uses the compatibility mode where the Render Graph API is disabled. Support for this mode will be removed in future Unity versions. Migrate existing ScriptableRenderPasses to the new RenderGraph API. After the migration, disable the compatibility mode in Edit > Projects Settings > Graphics > Render Graph.
UnityEngine.Debug:ExtractStackTraceNoAlloc (byte*,int,string)
UnityEngine.StackTraceUtility:ExtractStackTrace ()
UnityEngine.DebugLogHandler:Internal_Log (UnityEngine.LogType,UnityEngine.LogOption,string,UnityEngine.Object)
UnityEngine.DebugLogHandler:LogFormat (UnityEngine.LogType,UnityEngine.Object,string,object[])
UnityEngine.Logger:Log (UnityEngine.LogType,object)
UnityEngine.Debug:LogWarning (object)
UnityEngine.Rendering.Universal.WarnUsingNonRenderGraph:EmitConsoleWarning () (at ./Library/PackageCache/com.unity.render-pipelines.universal@087c6d6dbb7d/Runtime/Data/UniversalRenderPipelineAsset.cs:427)
System.Reflection.RuntimeMethodInfo:Invoke (object,System.Reflection.BindingFlags,System.Reflection.Binder,object[],System.Globalization.CultureInfo)
System.Reflection.MethodBase:Invoke (object,object[])
UnityEditor.EditorAssemblies:ProcessInitializeOnLoadMethodAttributes ()

(Filename: ./Library/PackageCache/com.unity.render-pipelines.universal@087c6d6dbb7d/Runtime/Data/UniversalRenderPipelineAsset.cs Line: 427)

[Package Manager] Failed to launch server process. Reason: Unity was launched with the -noUpm command-line argument
[Package Manager] Unable to send message (not connected to server process).
[Package Manager] Cannot connect to Unity Package Manager local server
AssertionException: Error removing Draco for Unity WebGL sub-packages.. Failed fetching installed packages.
Assertion failure. Values are not equal.
Expected: Failure == Success
  at UnityEngine.Assertions.Assert.Fail (System.String message, System.String userMessage) [0x00043] in <612ea0208cc847f49d539e6511ed3cd5>:0 
  at UnityEngine.Assertions.Assert.AreEqual[T] (T expected, T actual, System.String message, System.Collections.Generic.IEqualityComparer`1[T] comparer) [0x0005f] in <612ea0208cc847f49d539e6511ed3cd5>:0 
  at UnityEngine.Assertions.Assert.AreEqual[T] (T expected, T actual, System.String message) [0x00009] in <612ea0208cc847f49d539e6511ed3cd5>:0 
  at SubPackage.SubPackageRemover.GetAllInstalledPackagesAsync (System.Double timeout) [0x000b7] in .\Library\PackageCache\com.unity.cloud.draco@2ad9855b1dfa\Editor\Scripts\SubPackage\SubPackageRemover.cs:79 
  at SubPackage.SubPackageRemover.TryRemoveObsoleteSubPackagesAsync () [0x0002a] in .\Library\PackageCache\com.unity.cloud.draco@2ad9855b1dfa\Editor\Scripts\SubPackage\SubPackageRemover.cs:33 
UnityEngine.DebugLogHandler:Internal_LogException_Injected(Exception, IntPtr)
UnityEngine.DebugLogHandler:Internal_LogException(Exception, Object)
UnityEngine.DebugLogHandler:LogException(Exception, Object)
UnityEngine.Logger:LogException(Exception, Object)
UnityEngine.Debug:LogException(Exception)
SubPackage.<TryRemoveObsoleteSubPackagesAsync>d__5:MoveNext() (at .\Library\PackageCache\com.unity.cloud.draco@2ad9855b1dfa\Editor\Scripts\SubPackage\SubPackageRemover.cs:50)
System.Runtime.CompilerServices.AsyncTaskMethodBuilder:Start(<TryRemoveObsoleteSubPackagesAsync>d__5&)
SubPackage.SubPackageRemover:TryRemoveObsoleteSubPackagesAsync()
System.Reflection.RuntimeMethodInfo:InternalInvoke(RuntimeMethodInfo, Object, Object[], Exception&)
System.Reflection.RuntimeMethodInfo:Invoke(Object, BindingFlags, Binder, Object[], CultureInfo)
System.Reflection.MethodBase:Invoke(Object, Object[])
UnityEditor.EditorAssemblies:ProcessInitializeOnLoadMethodAttributes()

(Filename: ./Library/PackageCache/com.unity.cloud.draco@2ad9855b1dfa/Editor/Scripts/SubPackage/SubPackageRemover.cs Line: 50)

Mono: successfully reloaded assembly
- Finished resetting the current domain, in  0.873 seconds
Domain Reload Profiling: 1885ms
	BeginReloadAssembly (340ms)
		ExecutionOrderSort (0ms)
		DisableScriptedObjects (7ms)
		BackupInstance (0ms)
		ReleaseScriptingObjects (0ms)
		CreateAndSetChildDomain (59ms)
	RebuildCommonClasses (41ms)
	RebuildNativeTypeToScriptingClass (12ms)
	initialDomainReloadingComplete (37ms)
	LoadAllAssembliesAndSetupDomain (582ms)
		LoadAssemblies (611ms)
		RebuildTransferFunctionScriptingTraits (0ms)
		AnalyzeDomain (199ms)
			TypeCache.Refresh (9ms)
				TypeCache.ScanAssembly (0ms)
			BuildScriptInfoCaches (177ms)
			ResolveRequiredComponents (8ms)
	FinalizeReload (874ms)
		ReleaseScriptCaches (0ms)
		RebuildScriptCaches (0ms)
		SetupLoadedEditorAssemblies (683ms)
			LogAssemblyErrors (0ms)
			InitializePlatformSupportModulesInManaged (23ms)
			SetLoadedEditorAssemblies (5ms)
			BeforeProcessingInitializeOnLoad (98ms)
			ProcessInitializeOnLoadAttributes (464ms)
			ProcessInitializeOnLoadMethodAttributes (85ms)
			AfterProcessingInitializeOnLoad (8ms)
			EditorAssembliesLoaded (0ms)
		ExecutionOrderSort2 (0ms)
		AwakeInstancesAfterBackupRestoration (14ms)
Refreshing native plugins compatible for Editor in 15.02 ms, found 6 plugins.
Preloading 1 native plugins for Editor in 0.17 ms.
Unloading 13 Unused Serialized files (Serialized files now loaded: 0)
Unloading 6914 unused Assets / (5.0 MB). Loaded Objects now: 7622.
Memory consumption went from 148.7 MB to 143.7 MB.
Total: 7.622800 ms (FindLiveObjects: 0.677000 ms CreateObjectMapping: 0.577400 ms MarkObjects: 4.009000 ms  DeleteObjects: 2.358100 ms)

Prepare: number of updated asset objects reloaded= 0
========================================================================
Received Prepare
Begin MonoManager ReloadAssembly
Symbol file LoadedFromMemory is not a mono symbol file
- Loaded All Assemblies, in  0.934 seconds
Refreshing native plugins compatible for Editor in 14.11 ms, found 6 plugins.
Native extension for iOS target not found
Native extension for Android target not found
Native extension for WindowsStandalone target not found
[Package Manager] Failed to launch server process. Reason: Unity was launched with the -noUpm command-line argument
[Package Manager] Unable to send message (not connected to server process).
[Package Manager] Cannot connect to Unity Package Manager local server
The project currently uses the compatibility mode where the Render Graph API is disabled. Support for this mode will be removed in future Unity versions. Migrate existing ScriptableRenderPasses to the new RenderGraph API. After the migration, disable the compatibility mode in Edit > Projects Settings > Graphics > Render Graph.
UnityEngine.Debug:ExtractStackTraceNoAlloc (byte*,int,string)
UnityEngine.StackTraceUtility:ExtractStackTrace ()
UnityEngine.DebugLogHandler:Internal_Log (UnityEngine.LogType,UnityEngine.LogOption,string,UnityEngine.Object)
UnityEngine.DebugLogHandler:LogFormat (UnityEngine.LogType,UnityEngine.Object,string,object[])
UnityEngine.Logger:Log (UnityEngine.LogType,object)
UnityEngine.Debug:LogWarning (object)
UnityEngine.Rendering.Universal.WarnUsingNonRenderGraph:EmitConsoleWarning () (at ./Library/PackageCache/com.unity.render-pipelines.universal@087c6d6dbb7d/Runtime/Data/UniversalRenderPipelineAsset.cs:427)
System.Reflection.RuntimeMethodInfo:Invoke (object,System.Reflection.BindingFlags,System.Reflection.Binder,object[],System.Globalization.CultureInfo)
System.Reflection.MethodBase:Invoke (object,object[])
UnityEditor.EditorAssemblies:ProcessInitializeOnLoadMethodAttributes ()

(Filename: ./Library/PackageCache/com.unity.render-pipelines.universal@087c6d6dbb7d/Runtime/Data/UniversalRenderPipelineAsset.cs Line: 427)

[Package Manager] Failed to launch server process. Reason: Unity was launched with the -noUpm command-line argument
[Package Manager] Unable to send message (not connected to server process).
[Package Manager] Cannot connect to Unity Package Manager local server
AssertionException: Error removing Draco for Unity WebGL sub-packages.. Failed fetching installed packages.
Assertion failure. Values are not equal.
Expected: Failure == Success
  at UnityEngine.Assertions.Assert.Fail (System.String message, System.String userMessage) [0x00043] in <612ea0208cc847f49d539e6511ed3cd5>:0 
  at UnityEngine.Assertions.Assert.AreEqual[T] (T expected, T actual, System.String message, System.Collections.Generic.IEqualityComparer`1[T] comparer) [0x0005f] in <612ea0208cc847f49d539e6511ed3cd5>:0 
  at UnityEngine.Assertions.Assert.AreEqual[T] (T expected, T actual, System.String message) [0x00009] in <612ea0208cc847f49d539e6511ed3cd5>:0 
  at SubPackage.SubPackageRemover.GetAllInstalledPackagesAsync (System.Double timeout) [0x000b7] in .\Library\PackageCache\com.unity.cloud.draco@2ad9855b1dfa\Editor\Scripts\SubPackage\SubPackageRemover.cs:79 
  at SubPackage.SubPackageRemover.TryRemoveObsoleteSubPackagesAsync () [0x0002a] in .\Library\PackageCache\com.unity.cloud.draco@2ad9855b1dfa\Editor\Scripts\SubPackage\SubPackageRemover.cs:33 
UnityEngine.DebugLogHandler:Internal_LogException_Injected(Exception, IntPtr)
UnityEngine.DebugLogHandler:Internal_LogException(Exception, Object)
UnityEngine.DebugLogHandler:LogException(Exception, Object)
UnityEngine.Logger:LogException(Exception, Object)
UnityEngine.Debug:LogException(Exception)
SubPackage.<TryRemoveObsoleteSubPackagesAsync>d__5:MoveNext() (at .\Library\PackageCache\com.unity.cloud.draco@2ad9855b1dfa\Editor\Scripts\SubPackage\SubPackageRemover.cs:50)
System.Runtime.CompilerServices.AsyncTaskMethodBuilder:Start(<TryRemoveObsoleteSubPackagesAsync>d__5&)
SubPackage.SubPackageRemover:TryRemoveObsoleteSubPackagesAsync()
System.Reflection.RuntimeMethodInfo:InternalInvoke(RuntimeMethodInfo, Object, Object[], Exception&)
System.Reflection.RuntimeMethodInfo:Invoke(Object, BindingFlags, Binder, Object[], CultureInfo)
System.Reflection.MethodBase:Invoke(Object, Object[])
UnityEditor.EditorAssemblies:ProcessInitializeOnLoadMethodAttributes()

(Filename: ./Library/PackageCache/com.unity.cloud.draco@2ad9855b1dfa/Editor/Scripts/SubPackage/SubPackageRemover.cs Line: 50)

Mono: successfully reloaded assembly
- Finished resetting the current domain, in  0.862 seconds
Domain Reload Profiling: 1795ms
	BeginReloadAssembly (308ms)
		ExecutionOrderSort (0ms)
		DisableScriptedObjects (8ms)
		BackupInstance (0ms)
		ReleaseScriptingObjects (0ms)
		CreateAndSetChildDomain (54ms)
	RebuildCommonClasses (37ms)
	RebuildNativeTypeToScriptingClass (10ms)
	initialDomainReloadingComplete (34ms)
	LoadAllAssembliesAndSetupDomain (544ms)
		LoadAssemblies (549ms)
		RebuildTransferFunctionScriptingTraits (0ms)
		AnalyzeDomain (200ms)
			TypeCache.Refresh (7ms)
				TypeCache.ScanAssembly (0ms)
			BuildScriptInfoCaches (180ms)
			ResolveRequiredComponents (8ms)
	FinalizeReload (862ms)
		ReleaseScriptCaches (0ms)
		RebuildScriptCaches (0ms)
		SetupLoadedEditorAssemblies (693ms)
			LogAssemblyErrors (0ms)
			InitializePlatformSupportModulesInManaged (25ms)
			SetLoadedEditorAssemblies (5ms)
			BeforeProcessingInitializeOnLoad (101ms)
			ProcessInitializeOnLoadAttributes (470ms)
			ProcessInitializeOnLoadMethodAttributes (84ms)
			AfterProcessingInitializeOnLoad (7ms)
			EditorAssembliesLoaded (0ms)
		ExecutionOrderSort2 (0ms)
		AwakeInstancesAfterBackupRestoration (12ms)
Refreshing native plugins compatible for Editor in 16.60 ms, found 6 plugins.
Preloading 1 native plugins for Editor in 0.17 ms.
Unloading 13 Unused Serialized files (Serialized files now loaded: 0)
Unloading 6914 unused Assets / (5.1 MB). Loaded Objects now: 7625.
Memory consumption went from 148.7 MB to 143.6 MB.
Total: 9.337000 ms (FindLiveObjects: 0.602400 ms CreateObjectMapping: 0.905000 ms MarkObjects: 5.358500 ms  DeleteObjects: 2.470100 ms)

Prepare: number of updated asset objects reloaded= 0
========================================================================
Received Import Request.
  Time since last request: 312.211310 seconds.
  path: Assets/Sources/MapViewController.cs
  artifactKey: Guid(ed5c52377b7fd604594f2bb4b441fd16) Importer(815301076,1909f56bfc062723c751e8b465ee728b)
Start importing Assets/Sources/MapViewController.cs using Guid(ed5c52377b7fd604594f2bb4b441fd16) Importer(815301076,1909f56bfc062723c751e8b465ee728b) (PreviewImporter) -> (artifact id: '1b81ac126ce0ab79235e0e11fff7b2b6') in 0.0029939 seconds
Number of updated asset objects reloaded before import = 0Number of asset objects unloaded after import = 0

========================================================================
Received Prepare
Refreshing native plugins compatible for Editor in 17.44 ms, found 6 plugins.
Preloading 1 native plugins for Editor in 0.15 ms.
Unloading 13 Unused Serialized files (Serialized files now loaded: 0)
Unloading 13 unused Assets / (2.2 MB). Loaded Objects now: 7625.
Memory consumption went from 143.6 MB to 141.3 MB.
Total: 5.176600 ms (FindLiveObjects: 0.337100 ms CreateObjectMapping: 0.246100 ms MarkObjects: 3.954700 ms  DeleteObjects: 0.637300 ms)

Prepare: number of updated asset objects reloaded= 0
========================================================================
Received Prepare
Begin MonoManager ReloadAssembly
Symbol file LoadedFromMemory is not a mono symbol file
- Loaded All Assemblies, in  1.472 seconds
Refreshing native plugins compatible for Editor in 13.86 ms, found 6 plugins.
Native extension for iOS target not found
Native extension for Android target not found
Native extension for WindowsStandalone target not found
[Package Manager] Failed to launch server process. Reason: Unity was launched with the -noUpm command-line argument
[Package Manager] Unable to send message (not connected to server process).
[Package Manager] Cannot connect to Unity Package Manager local server
The project currently uses the compatibility mode where the Render Graph API is disabled. Support for this mode will be removed in future Unity versions. Migrate existing ScriptableRenderPasses to the new RenderGraph API. After the migration, disable the compatibility mode in Edit > Projects Settings > Graphics > Render Graph.
UnityEngine.Debug:ExtractStackTraceNoAlloc (byte*,int,string)
UnityEngine.StackTraceUtility:ExtractStackTrace ()
UnityEngine.DebugLogHandler:Internal_Log (UnityEngine.LogType,UnityEngine.LogOption,string,UnityEngine.Object)
UnityEngine.DebugLogHandler:LogFormat (UnityEngine.LogType,UnityEngine.Object,string,object[])
UnityEngine.Logger:Log (UnityEngine.LogType,object)
UnityEngine.Debug:LogWarning (object)
UnityEngine.Rendering.Universal.WarnUsingNonRenderGraph:EmitConsoleWarning () (at ./Library/PackageCache/com.unity.render-pipelines.universal@087c6d6dbb7d/Runtime/Data/UniversalRenderPipelineAsset.cs:427)
System.Reflection.RuntimeMethodInfo:Invoke (object,System.Reflection.BindingFlags,System.Reflection.Binder,object[],System.Globalization.CultureInfo)
System.Reflection.MethodBase:Invoke (object,object[])
UnityEditor.EditorAssemblies:ProcessInitializeOnLoadMethodAttributes ()

(Filename: ./Library/PackageCache/com.unity.render-pipelines.universal@087c6d6dbb7d/Runtime/Data/UniversalRenderPipelineAsset.cs Line: 427)

[Package Manager] Failed to launch server process. Reason: Unity was launched with the -noUpm command-line argument
[Package Manager] Unable to send message (not connected to server process).
[Package Manager] Cannot connect to Unity Package Manager local server
AssertionException: Error removing Draco for Unity WebGL sub-packages.. Failed fetching installed packages.
Assertion failure. Values are not equal.
Expected: Failure == Success
  at UnityEngine.Assertions.Assert.Fail (System.String message, System.String userMessage) [0x00043] in <612ea0208cc847f49d539e6511ed3cd5>:0 
  at UnityEngine.Assertions.Assert.AreEqual[T] (T expected, T actual, System.String message, System.Collections.Generic.IEqualityComparer`1[T] comparer) [0x0005f] in <612ea0208cc847f49d539e6511ed3cd5>:0 
  at UnityEngine.Assertions.Assert.AreEqual[T] (T expected, T actual, System.String message) [0x00009] in <612ea0208cc847f49d539e6511ed3cd5>:0 
  at SubPackage.SubPackageRemover.GetAllInstalledPackagesAsync (System.Double timeout) [0x000b7] in .\Library\PackageCache\com.unity.cloud.draco@2ad9855b1dfa\Editor\Scripts\SubPackage\SubPackageRemover.cs:79 
  at SubPackage.SubPackageRemover.TryRemoveObsoleteSubPackagesAsync () [0x0002a] in .\Library\PackageCache\com.unity.cloud.draco@2ad9855b1dfa\Editor\Scripts\SubPackage\SubPackageRemover.cs:33 
UnityEngine.DebugLogHandler:Internal_LogException_Injected(Exception, IntPtr)
UnityEngine.DebugLogHandler:Internal_LogException(Exception, Object)
UnityEngine.DebugLogHandler:LogException(Exception, Object)
UnityEngine.Logger:LogException(Exception, Object)
UnityEngine.Debug:LogException(Exception)
SubPackage.<TryRemoveObsoleteSubPackagesAsync>d__5:MoveNext() (at .\Library\PackageCache\com.unity.cloud.draco@2ad9855b1dfa\Editor\Scripts\SubPackage\SubPackageRemover.cs:50)
System.Runtime.CompilerServices.AsyncTaskMethodBuilder:Start(<TryRemoveObsoleteSubPackagesAsync>d__5&)
SubPackage.SubPackageRemover:TryRemoveObsoleteSubPackagesAsync()
System.Reflection.RuntimeMethodInfo:InternalInvoke(RuntimeMethodInfo, Object, Object[], Exception&)
System.Reflection.RuntimeMethodInfo:Invoke(Object, BindingFlags, Binder, Object[], CultureInfo)
System.Reflection.MethodBase:Invoke(Object, Object[])
UnityEditor.EditorAssemblies:ProcessInitializeOnLoadMethodAttributes()

(Filename: ./Library/PackageCache/com.unity.cloud.draco@2ad9855b1dfa/Editor/Scripts/SubPackage/SubPackageRemover.cs Line: 50)

Mono: successfully reloaded assembly
- Finished resetting the current domain, in  0.780 seconds
Domain Reload Profiling: 2250ms
	BeginReloadAssembly (368ms)
		ExecutionOrderSort (0ms)
		DisableScriptedObjects (6ms)
		BackupInstance (0ms)
		ReleaseScriptingObjects (0ms)
		CreateAndSetChildDomain (55ms)
	RebuildCommonClasses (82ms)
	RebuildNativeTypeToScriptingClass (11ms)
	initialDomainReloadingComplete (38ms)
	LoadAllAssembliesAndSetupDomain (971ms)
		LoadAssemblies (932ms)
		RebuildTransferFunctionScriptingTraits (0ms)
		AnalyzeDomain (301ms)
			TypeCache.Refresh (9ms)
				TypeCache.ScanAssembly (0ms)
			BuildScriptInfoCaches (279ms)
			ResolveRequiredComponents (8ms)
	FinalizeReload (780ms)
		ReleaseScriptCaches (0ms)
		RebuildScriptCaches (0ms)
		SetupLoadedEditorAssemblies (622ms)
			LogAssemblyErrors (0ms)
			InitializePlatformSupportModulesInManaged (21ms)
			SetLoadedEditorAssemblies (3ms)
			BeforeProcessingInitializeOnLoad (89ms)
			ProcessInitializeOnLoadAttributes (425ms)
			ProcessInitializeOnLoadMethodAttributes (77ms)
			AfterProcessingInitializeOnLoad (7ms)
			EditorAssembliesLoaded (0ms)
		ExecutionOrderSort2 (0ms)
		AwakeInstancesAfterBackupRestoration (11ms)
Refreshing native plugins compatible for Editor in 14.99 ms, found 6 plugins.
Preloading 1 native plugins for Editor in 0.15 ms.
Unloading 13 Unused Serialized files (Serialized files now loaded: 0)
Unloading 6915 unused Assets / (5.1 MB). Loaded Objects now: 7629.
Memory consumption went from 148.7 MB to 143.6 MB.
Total: 7.911600 ms (FindLiveObjects: 0.745900 ms CreateObjectMapping: 0.651800 ms MarkObjects: 3.839800 ms  DeleteObjects: 2.672500 ms)

Prepare: number of updated asset objects reloaded= 0
========================================================================
Received Prepare
Begin MonoManager ReloadAssembly
Symbol file LoadedFromMemory is not a mono symbol file
- Loaded All Assemblies, in  0.964 seconds
Refreshing native plugins compatible for Editor in 16.79 ms, found 6 plugins.
Native extension for iOS target not found
Native extension for Android target not found
Native extension for WindowsStandalone target not found
[Package Manager] Failed to launch server process. Reason: Unity was launched with the -noUpm command-line argument
[Package Manager] Unable to send message (not connected to server process).
[Package Manager] Cannot connect to Unity Package Manager local server
The project currently uses the compatibility mode where the Render Graph API is disabled. Support for this mode will be removed in future Unity versions. Migrate existing ScriptableRenderPasses to the new RenderGraph API. After the migration, disable the compatibility mode in Edit > Projects Settings > Graphics > Render Graph.
UnityEngine.Debug:ExtractStackTraceNoAlloc (byte*,int,string)
UnityEngine.StackTraceUtility:ExtractStackTrace ()
UnityEngine.DebugLogHandler:Internal_Log (UnityEngine.LogType,UnityEngine.LogOption,string,UnityEngine.Object)
UnityEngine.DebugLogHandler:LogFormat (UnityEngine.LogType,UnityEngine.Object,string,object[])
UnityEngine.Logger:Log (UnityEngine.LogType,object)
UnityEngine.Debug:LogWarning (object)
UnityEngine.Rendering.Universal.WarnUsingNonRenderGraph:EmitConsoleWarning () (at ./Library/PackageCache/com.unity.render-pipelines.universal@087c6d6dbb7d/Runtime/Data/UniversalRenderPipelineAsset.cs:427)
System.Reflection.RuntimeMethodInfo:Invoke (object,System.Reflection.BindingFlags,System.Reflection.Binder,object[],System.Globalization.CultureInfo)
System.Reflection.MethodBase:Invoke (object,object[])
UnityEditor.EditorAssemblies:ProcessInitializeOnLoadMethodAttributes ()

(Filename: ./Library/PackageCache/com.unity.render-pipelines.universal@087c6d6dbb7d/Runtime/Data/UniversalRenderPipelineAsset.cs Line: 427)

[Package Manager] Failed to launch server process. Reason: Unity was launched with the -noUpm command-line argument
[Package Manager] Unable to send message (not connected to server process).
[Package Manager] Cannot connect to Unity Package Manager local server
AssertionException: Error removing Draco for Unity WebGL sub-packages.. Failed fetching installed packages.
Assertion failure. Values are not equal.
Expected: Failure == Success
  at UnityEngine.Assertions.Assert.Fail (System.String message, System.String userMessage) [0x00043] in <612ea0208cc847f49d539e6511ed3cd5>:0 
  at UnityEngine.Assertions.Assert.AreEqual[T] (T expected, T actual, System.String message, System.Collections.Generic.IEqualityComparer`1[T] comparer) [0x0005f] in <612ea0208cc847f49d539e6511ed3cd5>:0 
  at UnityEngine.Assertions.Assert.AreEqual[T] (T expected, T actual, System.String message) [0x00009] in <612ea0208cc847f49d539e6511ed3cd5>:0 
  at SubPackage.SubPackageRemover.GetAllInstalledPackagesAsync (System.Double timeout) [0x000b7] in .\Library\PackageCache\com.unity.cloud.draco@2ad9855b1dfa\Editor\Scripts\SubPackage\SubPackageRemover.cs:79 
  at SubPackage.SubPackageRemover.TryRemoveObsoleteSubPackagesAsync () [0x0002a] in .\Library\PackageCache\com.unity.cloud.draco@2ad9855b1dfa\Editor\Scripts\SubPackage\SubPackageRemover.cs:33 
UnityEngine.DebugLogHandler:Internal_LogException_Injected(Exception, IntPtr)
UnityEngine.DebugLogHandler:Internal_LogException(Exception, Object)
UnityEngine.DebugLogHandler:LogException(Exception, Object)
UnityEngine.Logger:LogException(Exception, Object)
UnityEngine.Debug:LogException(Exception)
SubPackage.<TryRemoveObsoleteSubPackagesAsync>d__5:MoveNext() (at .\Library\PackageCache\com.unity.cloud.draco@2ad9855b1dfa\Editor\Scripts\SubPackage\SubPackageRemover.cs:50)
System.Runtime.CompilerServices.AsyncTaskMethodBuilder:Start(<TryRemoveObsoleteSubPackagesAsync>d__5&)
SubPackage.SubPackageRemover:TryRemoveObsoleteSubPackagesAsync()
System.Reflection.RuntimeMethodInfo:InternalInvoke(RuntimeMethodInfo, Object, Object[], Exception&)
System.Reflection.RuntimeMethodInfo:Invoke(Object, BindingFlags, Binder, Object[], CultureInfo)
System.Reflection.MethodBase:Invoke(Object, Object[])
UnityEditor.EditorAssemblies:ProcessInitializeOnLoadMethodAttributes()

(Filename: ./Library/PackageCache/com.unity.cloud.draco@2ad9855b1dfa/Editor/Scripts/SubPackage/SubPackageRemover.cs Line: 50)

Mono: successfully reloaded assembly
- Finished resetting the current domain, in  0.841 seconds
Domain Reload Profiling: 1803ms
	BeginReloadAssembly (315ms)
		ExecutionOrderSort (0ms)
		DisableScriptedObjects (8ms)
		BackupInstance (0ms)
		ReleaseScriptingObjects (0ms)
		CreateAndSetChildDomain (48ms)
	RebuildCommonClasses (37ms)
	RebuildNativeTypeToScriptingClass (10ms)
	initialDomainReloadingComplete (36ms)
	LoadAllAssembliesAndSetupDomain (563ms)
		LoadAssemblies (572ms)
		RebuildTransferFunctionScriptingTraits (0ms)
		AnalyzeDomain (209ms)
			TypeCache.Refresh (9ms)
				TypeCache.ScanAssembly (0ms)
			BuildScriptInfoCaches (186ms)
			ResolveRequiredComponents (9ms)
	FinalizeReload (842ms)
		ReleaseScriptCaches (0ms)
		RebuildScriptCaches (0ms)
		SetupLoadedEditorAssemblies (652ms)
			LogAssemblyErrors (0ms)
			InitializePlatformSupportModulesInManaged (23ms)
			SetLoadedEditorAssemblies (5ms)
			BeforeProcessingInitializeOnLoad (102ms)
			ProcessInitializeOnLoadAttributes (435ms)
			ProcessInitializeOnLoadMethodAttributes (81ms)
			AfterProcessingInitializeOnLoad (7ms)
			EditorAssembliesLoaded (0ms)
		ExecutionOrderSort2 (0ms)
		AwakeInstancesAfterBackupRestoration (13ms)
Refreshing native plugins compatible for Editor in 15.22 ms, found 6 plugins.
Preloading 1 native plugins for Editor in 0.15 ms.
Unloading 13 Unused Serialized files (Serialized files now loaded: 0)
Unloading 6915 unused Assets / (5.1 MB). Loaded Objects now: 7632.
Memory consumption went from 148.7 MB to 143.7 MB.
Total: 8.415500 ms (FindLiveObjects: 0.656400 ms CreateObjectMapping: 1.102800 ms MarkObjects: 4.315500 ms  DeleteObjects: 2.339600 ms)

Prepare: number of updated asset objects reloaded= 0
========================================================================
Received Prepare
Begin MonoManager ReloadAssembly
Symbol file LoadedFromMemory is not a mono symbol file
- Loaded All Assemblies, in  0.940 seconds
Refreshing native plugins compatible for Editor in 13.56 ms, found 6 plugins.
Native extension for iOS target not found
Native extension for Android target not found
Native extension for WindowsStandalone target not found
[Package Manager] Failed to launch server process. Reason: Unity was launched with the -noUpm command-line argument
[Package Manager] Unable to send message (not connected to server process).
[Package Manager] Cannot connect to Unity Package Manager local server
The project currently uses the compatibility mode where the Render Graph API is disabled. Support for this mode will be removed in future Unity versions. Migrate existing ScriptableRenderPasses to the new RenderGraph API. After the migration, disable the compatibility mode in Edit > Projects Settings > Graphics > Render Graph.
UnityEngine.Debug:ExtractStackTraceNoAlloc (byte*,int,string)
UnityEngine.StackTraceUtility:ExtractStackTrace ()
UnityEngine.DebugLogHandler:Internal_Log (UnityEngine.LogType,UnityEngine.LogOption,string,UnityEngine.Object)
UnityEngine.DebugLogHandler:LogFormat (UnityEngine.LogType,UnityEngine.Object,string,object[])
UnityEngine.Logger:Log (UnityEngine.LogType,object)
UnityEngine.Debug:LogWarning (object)
UnityEngine.Rendering.Universal.WarnUsingNonRenderGraph:EmitConsoleWarning () (at ./Library/PackageCache/com.unity.render-pipelines.universal@087c6d6dbb7d/Runtime/Data/UniversalRenderPipelineAsset.cs:427)
System.Reflection.RuntimeMethodInfo:Invoke (object,System.Reflection.BindingFlags,System.Reflection.Binder,object[],System.Globalization.CultureInfo)
System.Reflection.MethodBase:Invoke (object,object[])
UnityEditor.EditorAssemblies:ProcessInitializeOnLoadMethodAttributes ()

(Filename: ./Library/PackageCache/com.unity.render-pipelines.universal@087c6d6dbb7d/Runtime/Data/UniversalRenderPipelineAsset.cs Line: 427)

[Package Manager] Failed to launch server process. Reason: Unity was launched with the -noUpm command-line argument
[Package Manager] Unable to send message (not connected to server process).
[Package Manager] Cannot connect to Unity Package Manager local server
AssertionException: Error removing Draco for Unity WebGL sub-packages.. Failed fetching installed packages.
Assertion failure. Values are not equal.
Expected: Failure == Success
  at UnityEngine.Assertions.Assert.Fail (System.String message, System.String userMessage) [0x00043] in <612ea0208cc847f49d539e6511ed3cd5>:0 
  at UnityEngine.Assertions.Assert.AreEqual[T] (T expected, T actual, System.String message, System.Collections.Generic.IEqualityComparer`1[T] comparer) [0x0005f] in <612ea0208cc847f49d539e6511ed3cd5>:0 
  at UnityEngine.Assertions.Assert.AreEqual[T] (T expected, T actual, System.String message) [0x00009] in <612ea0208cc847f49d539e6511ed3cd5>:0 
  at SubPackage.SubPackageRemover.GetAllInstalledPackagesAsync (System.Double timeout) [0x000b7] in .\Library\PackageCache\com.unity.cloud.draco@2ad9855b1dfa\Editor\Scripts\SubPackage\SubPackageRemover.cs:79 
  at SubPackage.SubPackageRemover.TryRemoveObsoleteSubPackagesAsync () [0x0002a] in .\Library\PackageCache\com.unity.cloud.draco@2ad9855b1dfa\Editor\Scripts\SubPackage\SubPackageRemover.cs:33 
UnityEngine.DebugLogHandler:Internal_LogException_Injected(Exception, IntPtr)
UnityEngine.DebugLogHandler:Internal_LogException(Exception, Object)
UnityEngine.DebugLogHandler:LogException(Exception, Object)
UnityEngine.Logger:LogException(Exception, Object)
UnityEngine.Debug:LogException(Exception)
SubPackage.<TryRemoveObsoleteSubPackagesAsync>d__5:MoveNext() (at .\Library\PackageCache\com.unity.cloud.draco@2ad9855b1dfa\Editor\Scripts\SubPackage\SubPackageRemover.cs:50)
System.Runtime.CompilerServices.AsyncTaskMethodBuilder:Start(<TryRemoveObsoleteSubPackagesAsync>d__5&)
SubPackage.SubPackageRemover:TryRemoveObsoleteSubPackagesAsync()
System.Reflection.RuntimeMethodInfo:InternalInvoke(RuntimeMethodInfo, Object, Object[], Exception&)
System.Reflection.RuntimeMethodInfo:Invoke(Object, BindingFlags, Binder, Object[], CultureInfo)
System.Reflection.MethodBase:Invoke(Object, Object[])
UnityEditor.EditorAssemblies:ProcessInitializeOnLoadMethodAttributes()

(Filename: ./Library/PackageCache/com.unity.cloud.draco@2ad9855b1dfa/Editor/Scripts/SubPackage/SubPackageRemover.cs Line: 50)

Mono: successfully reloaded assembly
- Finished resetting the current domain, in  0.912 seconds
Domain Reload Profiling: 1851ms
	BeginReloadAssembly (304ms)
		ExecutionOrderSort (0ms)
		DisableScriptedObjects (5ms)
		BackupInstance (0ms)
		ReleaseScriptingObjects (0ms)
		CreateAndSetChildDomain (46ms)
	RebuildCommonClasses (39ms)
	RebuildNativeTypeToScriptingClass (10ms)
	initialDomainReloadingComplete (36ms)
	LoadAllAssembliesAndSetupDomain (550ms)
		LoadAssemblies (561ms)
		RebuildTransferFunctionScriptingTraits (0ms)
		AnalyzeDomain (201ms)
			TypeCache.Refresh (7ms)
				TypeCache.ScanAssembly (0ms)
			BuildScriptInfoCaches (179ms)
			ResolveRequiredComponents (10ms)
	FinalizeReload (912ms)
		ReleaseScriptCaches (0ms)
		RebuildScriptCaches (0ms)
		SetupLoadedEditorAssemblies (738ms)
			LogAssemblyErrors (0ms)
			InitializePlatformSupportModulesInManaged (21ms)
			SetLoadedEditorAssemblies (4ms)
			BeforeProcessingInitializeOnLoad (119ms)
			ProcessInitializeOnLoadAttributes (511ms)
			ProcessInitializeOnLoadMethodAttributes (76ms)
			AfterProcessingInitializeOnLoad (7ms)
			EditorAssembliesLoaded (0ms)
		ExecutionOrderSort2 (0ms)
		AwakeInstancesAfterBackupRestoration (12ms)
Refreshing native plugins compatible for Editor in 13.08 ms, found 6 plugins.
Preloading 1 native plugins for Editor in 0.14 ms.
Unloading 13 Unused Serialized files (Serialized files now loaded: 0)
Unloading 6915 unused Assets / (4.9 MB). Loaded Objects now: 7635.
Memory consumption went from 148.7 MB to 143.7 MB.
Total: 6.845300 ms (FindLiveObjects: 0.584400 ms CreateObjectMapping: 0.489800 ms MarkObjects: 3.712800 ms  DeleteObjects: 2.057200 ms)

Prepare: number of updated asset objects reloaded= 0
========================================================================
Received Prepare
Refreshing native plugins compatible for Editor in 14.89 ms, found 6 plugins.
Preloading 1 native plugins for Editor in 0.15 ms.
Unloading 13 Unused Serialized files (Serialized files now loaded: 0)
Unloading 13 unused Assets / (2.2 MB). Loaded Objects now: 7635.
Memory consumption went from 143.5 MB to 141.3 MB.
Total: 4.670100 ms (FindLiveObjects: 0.296800 ms CreateObjectMapping: 0.216300 ms MarkObjects: 3.774900 ms  DeleteObjects: 0.381200 ms)

Prepare: number of updated asset objects reloaded= 0
========================================================================
Received Prepare
Begin MonoManager ReloadAssembly
Symbol file LoadedFromMemory is not a mono symbol file
- Loaded All Assemblies, in  0.997 seconds
Refreshing native plugins compatible for Editor in 15.82 ms, found 6 plugins.
Native extension for iOS target not found
Native extension for Android target not found
Native extension for WindowsStandalone target not found
[Package Manager] Failed to launch server process. Reason: Unity was launched with the -noUpm command-line argument
[Package Manager] Unable to send message (not connected to server process).
[Package Manager] Cannot connect to Unity Package Manager local server
The project currently uses the compatibility mode where the Render Graph API is disabled. Support for this mode will be removed in future Unity versions. Migrate existing ScriptableRenderPasses to the new RenderGraph API. After the migration, disable the compatibility mode in Edit > Projects Settings > Graphics > Render Graph.
UnityEngine.Debug:ExtractStackTraceNoAlloc (byte*,int,string)
UnityEngine.StackTraceUtility:ExtractStackTrace ()
UnityEngine.DebugLogHandler:Internal_Log (UnityEngine.LogType,UnityEngine.LogOption,string,UnityEngine.Object)
UnityEngine.DebugLogHandler:LogFormat (UnityEngine.LogType,UnityEngine.Object,string,object[])
UnityEngine.Logger:Log (UnityEngine.LogType,object)
UnityEngine.Debug:LogWarning (object)
UnityEngine.Rendering.Universal.WarnUsingNonRenderGraph:EmitConsoleWarning () (at ./Library/PackageCache/com.unity.render-pipelines.universal@087c6d6dbb7d/Runtime/Data/UniversalRenderPipelineAsset.cs:427)
System.Reflection.RuntimeMethodInfo:Invoke (object,System.Reflection.BindingFlags,System.Reflection.Binder,object[],System.Globalization.CultureInfo)
System.Reflection.MethodBase:Invoke (object,object[])
UnityEditor.EditorAssemblies:ProcessInitializeOnLoadMethodAttributes ()

(Filename: ./Library/PackageCache/com.unity.render-pipelines.universal@087c6d6dbb7d/Runtime/Data/UniversalRenderPipelineAsset.cs Line: 427)

[Package Manager] Failed to launch server process. Reason: Unity was launched with the -noUpm command-line argument
[Package Manager] Unable to send message (not connected to server process).
[Package Manager] Cannot connect to Unity Package Manager local server
AssertionException: Error removing Draco for Unity WebGL sub-packages.. Failed fetching installed packages.
Assertion failure. Values are not equal.
Expected: Failure == Success
  at UnityEngine.Assertions.Assert.Fail (System.String message, System.String userMessage) [0x00043] in <612ea0208cc847f49d539e6511ed3cd5>:0 
  at UnityEngine.Assertions.Assert.AreEqual[T] (T expected, T actual, System.String message, System.Collections.Generic.IEqualityComparer`1[T] comparer) [0x0005f] in <612ea0208cc847f49d539e6511ed3cd5>:0 
  at UnityEngine.Assertions.Assert.AreEqual[T] (T expected, T actual, System.String message) [0x00009] in <612ea0208cc847f49d539e6511ed3cd5>:0 
  at SubPackage.SubPackageRemover.GetAllInstalledPackagesAsync (System.Double timeout) [0x000b7] in .\Library\PackageCache\com.unity.cloud.draco@2ad9855b1dfa\Editor\Scripts\SubPackage\SubPackageRemover.cs:79 
  at SubPackage.SubPackageRemover.TryRemoveObsoleteSubPackagesAsync () [0x0002a] in .\Library\PackageCache\com.unity.cloud.draco@2ad9855b1dfa\Editor\Scripts\SubPackage\SubPackageRemover.cs:33 
UnityEngine.DebugLogHandler:Internal_LogException_Injected(Exception, IntPtr)
UnityEngine.DebugLogHandler:Internal_LogException(Exception, Object)
UnityEngine.DebugLogHandler:LogException(Exception, Object)
UnityEngine.Logger:LogException(Exception, Object)
UnityEngine.Debug:LogException(Exception)
SubPackage.<TryRemoveObsoleteSubPackagesAsync>d__5:MoveNext() (at .\Library\PackageCache\com.unity.cloud.draco@2ad9855b1dfa\Editor\Scripts\SubPackage\SubPackageRemover.cs:50)
System.Runtime.CompilerServices.AsyncTaskMethodBuilder:Start(<TryRemoveObsoleteSubPackagesAsync>d__5&)
SubPackage.SubPackageRemover:TryRemoveObsoleteSubPackagesAsync()
System.Reflection.RuntimeMethodInfo:InternalInvoke(RuntimeMethodInfo, Object, Object[], Exception&)
System.Reflection.RuntimeMethodInfo:Invoke(Object, BindingFlags, Binder, Object[], CultureInfo)
System.Reflection.MethodBase:Invoke(Object, Object[])
UnityEditor.EditorAssemblies:ProcessInitializeOnLoadMethodAttributes()

(Filename: ./Library/PackageCache/com.unity.cloud.draco@2ad9855b1dfa/Editor/Scripts/SubPackage/SubPackageRemover.cs Line: 50)

Mono: successfully reloaded assembly
- Finished resetting the current domain, in  0.880 seconds
Domain Reload Profiling: 1874ms
	BeginReloadAssembly (328ms)
		ExecutionOrderSort (0ms)
		DisableScriptedObjects (5ms)
		BackupInstance (0ms)
		ReleaseScriptingObjects (0ms)
		CreateAndSetChildDomain (52ms)
	RebuildCommonClasses (37ms)
	RebuildNativeTypeToScriptingClass (10ms)
	initialDomainReloadingComplete (40ms)
	LoadAllAssembliesAndSetupDomain (577ms)
		LoadAssemblies (612ms)
		RebuildTransferFunctionScriptingTraits (0ms)
		AnalyzeDomain (195ms)
			TypeCache.Refresh (7ms)
				TypeCache.ScanAssembly (0ms)
			BuildScriptInfoCaches (175ms)
			ResolveRequiredComponents (8ms)
	FinalizeReload (881ms)
		ReleaseScriptCaches (0ms)
		RebuildScriptCaches (0ms)
		SetupLoadedEditorAssemblies (696ms)
			LogAssemblyErrors (0ms)
			InitializePlatformSupportModulesInManaged (20ms)
			SetLoadedEditorAssemblies (4ms)
			BeforeProcessingInitializeOnLoad (102ms)
			ProcessInitializeOnLoadAttributes (472ms)
			ProcessInitializeOnLoadMethodAttributes (89ms)
			AfterProcessingInitializeOnLoad (9ms)
			EditorAssembliesLoaded (0ms)
		ExecutionOrderSort2 (0ms)
		AwakeInstancesAfterBackupRestoration (13ms)
Refreshing native plugins compatible for Editor in 15.56 ms, found 6 plugins.
Preloading 1 native plugins for Editor in 0.14 ms.
Unloading 13 Unused Serialized files (Serialized files now loaded: 0)
Unloading 6915 unused Assets / (5.0 MB). Loaded Objects now: 7638.
Memory consumption went from 148.7 MB to 143.7 MB.
Total: 8.217700 ms (FindLiveObjects: 0.760900 ms CreateObjectMapping: 0.827500 ms MarkObjects: 4.401300 ms  DeleteObjects: 2.226600 ms)

Prepare: number of updated asset objects reloaded= 0
========================================================================
Received Prepare
Refreshing native plugins compatible for Editor in 15.18 ms, found 6 plugins.
Preloading 1 native plugins for Editor in 0.15 ms.
Unloading 13 Unused Serialized files (Serialized files now loaded: 0)
Unloading 13 unused Assets / (2.2 MB). Loaded Objects now: 7638.
Memory consumption went from 143.5 MB to 141.3 MB.
Total: 5.430900 ms (FindLiveObjects: 0.343800 ms CreateObjectMapping: 0.256200 ms MarkObjects: 4.452700 ms  DeleteObjects: 0.377100 ms)

Prepare: number of updated asset objects reloaded= 0
========================================================================
Received Prepare
Begin MonoManager ReloadAssembly
Symbol file LoadedFromMemory is not a mono symbol file
- Loaded All Assemblies, in  1.005 seconds
Refreshing native plugins compatible for Editor in 14.77 ms, found 6 plugins.
Native extension for iOS target not found
Native extension for Android target not found
Native extension for WindowsStandalone target not found
[Package Manager] Failed to launch server process. Reason: Unity was launched with the -noUpm command-line argument
[Package Manager] Unable to send message (not connected to server process).
[Package Manager] Cannot connect to Unity Package Manager local server
The project currently uses the compatibility mode where the Render Graph API is disabled. Support for this mode will be removed in future Unity versions. Migrate existing ScriptableRenderPasses to the new RenderGraph API. After the migration, disable the compatibility mode in Edit > Projects Settings > Graphics > Render Graph.
UnityEngine.Debug:ExtractStackTraceNoAlloc (byte*,int,string)
UnityEngine.StackTraceUtility:ExtractStackTrace ()
UnityEngine.DebugLogHandler:Internal_Log (UnityEngine.LogType,UnityEngine.LogOption,string,UnityEngine.Object)
UnityEngine.DebugLogHandler:LogFormat (UnityEngine.LogType,UnityEngine.Object,string,object[])
UnityEngine.Logger:Log (UnityEngine.LogType,object)
UnityEngine.Debug:LogWarning (object)
UnityEngine.Rendering.Universal.WarnUsingNonRenderGraph:EmitConsoleWarning () (at ./Library/PackageCache/com.unity.render-pipelines.universal@087c6d6dbb7d/Runtime/Data/UniversalRenderPipelineAsset.cs:427)
System.Reflection.RuntimeMethodInfo:Invoke (object,System.Reflection.BindingFlags,System.Reflection.Binder,object[],System.Globalization.CultureInfo)
System.Reflection.MethodBase:Invoke (object,object[])
UnityEditor.EditorAssemblies:ProcessInitializeOnLoadMethodAttributes ()

(Filename: ./Library/PackageCache/com.unity.render-pipelines.universal@087c6d6dbb7d/Runtime/Data/UniversalRenderPipelineAsset.cs Line: 427)

[Package Manager] Failed to launch server process. Reason: Unity was launched with the -noUpm command-line argument
[Package Manager] Unable to send message (not connected to server process).
[Package Manager] Cannot connect to Unity Package Manager local server
AssertionException: Error removing Draco for Unity WebGL sub-packages.. Failed fetching installed packages.
Assertion failure. Values are not equal.
Expected: Failure == Success
  at UnityEngine.Assertions.Assert.Fail (System.String message, System.String userMessage) [0x00043] in <612ea0208cc847f49d539e6511ed3cd5>:0 
  at UnityEngine.Assertions.Assert.AreEqual[T] (T expected, T actual, System.String message, System.Collections.Generic.IEqualityComparer`1[T] comparer) [0x0005f] in <612ea0208cc847f49d539e6511ed3cd5>:0 
  at UnityEngine.Assertions.Assert.AreEqual[T] (T expected, T actual, System.String message) [0x00009] in <612ea0208cc847f49d539e6511ed3cd5>:0 
  at SubPackage.SubPackageRemover.GetAllInstalledPackagesAsync (System.Double timeout) [0x000b7] in .\Library\PackageCache\com.unity.cloud.draco@2ad9855b1dfa\Editor\Scripts\SubPackage\SubPackageRemover.cs:79 
  at SubPackage.SubPackageRemover.TryRemoveObsoleteSubPackagesAsync () [0x0002a] in .\Library\PackageCache\com.unity.cloud.draco@2ad9855b1dfa\Editor\Scripts\SubPackage\SubPackageRemover.cs:33 
UnityEngine.DebugLogHandler:Internal_LogException_Injected(Exception, IntPtr)
UnityEngine.DebugLogHandler:Internal_LogException(Exception, Object)
UnityEngine.DebugLogHandler:LogException(Exception, Object)
UnityEngine.Logger:LogException(Exception, Object)
UnityEngine.Debug:LogException(Exception)
SubPackage.<TryRemoveObsoleteSubPackagesAsync>d__5:MoveNext() (at .\Library\PackageCache\com.unity.cloud.draco@2ad9855b1dfa\Editor\Scripts\SubPackage\SubPackageRemover.cs:50)
System.Runtime.CompilerServices.AsyncTaskMethodBuilder:Start(<TryRemoveObsoleteSubPackagesAsync>d__5&)
SubPackage.SubPackageRemover:TryRemoveObsoleteSubPackagesAsync()
System.Reflection.RuntimeMethodInfo:InternalInvoke(RuntimeMethodInfo, Object, Object[], Exception&)
System.Reflection.RuntimeMethodInfo:Invoke(Object, BindingFlags, Binder, Object[], CultureInfo)
System.Reflection.MethodBase:Invoke(Object, Object[])
UnityEditor.EditorAssemblies:ProcessInitializeOnLoadMethodAttributes()

(Filename: ./Library/PackageCache/com.unity.cloud.draco@2ad9855b1dfa/Editor/Scripts/SubPackage/SubPackageRemover.cs Line: 50)

Mono: successfully reloaded assembly
- Finished resetting the current domain, in  0.795 seconds
Domain Reload Profiling: 1798ms
	BeginReloadAssembly (330ms)
		ExecutionOrderSort (0ms)
		DisableScriptedObjects (6ms)
		BackupInstance (0ms)
		ReleaseScriptingObjects (0ms)
		CreateAndSetChildDomain (56ms)
	RebuildCommonClasses (48ms)
	RebuildNativeTypeToScriptingClass (12ms)
	initialDomainReloadingComplete (46ms)
	LoadAllAssembliesAndSetupDomain (567ms)
		LoadAssemblies (584ms)
		RebuildTransferFunctionScriptingTraits (0ms)
		AnalyzeDomain (205ms)
			TypeCache.Refresh (9ms)
				TypeCache.ScanAssembly (0ms)
			BuildScriptInfoCaches (182ms)
			ResolveRequiredComponents (9ms)
	FinalizeReload (796ms)
		ReleaseScriptCaches (0ms)
		RebuildScriptCaches (0ms)
		SetupLoadedEditorAssemblies (627ms)
			LogAssemblyErrors (0ms)
			InitializePlatformSupportModulesInManaged (21ms)
			SetLoadedEditorAssemblies (5ms)
			BeforeProcessingInitializeOnLoad (96ms)
			ProcessInitializeOnLoadAttributes (418ms)
			ProcessInitializeOnLoadMethodAttributes (79ms)
			AfterProcessingInitializeOnLoad (7ms)
			EditorAssembliesLoaded (0ms)
		ExecutionOrderSort2 (0ms)
		AwakeInstancesAfterBackupRestoration (14ms)
Refreshing native plugins compatible for Editor in 13.46 ms, found 6 plugins.
Preloading 1 native plugins for Editor in 0.16 ms.
Unloading 13 Unused Serialized files (Serialized files now loaded: 0)
Unloading 6915 unused Assets / (4.9 MB). Loaded Objects now: 7641.
Memory consumption went from 148.7 MB to 143.8 MB.
Total: 6.627900 ms (FindLiveObjects: 0.548000 ms CreateObjectMapping: 0.480000 ms MarkObjects: 3.461600 ms  DeleteObjects: 2.136900 ms)

Prepare: number of updated asset objects reloaded= 0
========================================================================
Received Prepare
Begin MonoManager ReloadAssembly
Symbol file LoadedFromMemory is not a mono symbol file
- Loaded All Assemblies, in  0.931 seconds
Refreshing native plugins compatible for Editor in 14.08 ms, found 6 plugins.
Native extension for iOS target not found
Native extension for Android target not found
Native extension for WindowsStandalone target not found
[Package Manager] Failed to launch server process. Reason: Unity was launched with the -noUpm command-line argument
[Package Manager] Unable to send message (not connected to server process).
[Package Manager] Cannot connect to Unity Package Manager local server
The project currently uses the compatibility mode where the Render Graph API is disabled. Support for this mode will be removed in future Unity versions. Migrate existing ScriptableRenderPasses to the new RenderGraph API. After the migration, disable the compatibility mode in Edit > Projects Settings > Graphics > Render Graph.
UnityEngine.Debug:ExtractStackTraceNoAlloc (byte*,int,string)
UnityEngine.StackTraceUtility:ExtractStackTrace ()
UnityEngine.DebugLogHandler:Internal_Log (UnityEngine.LogType,UnityEngine.LogOption,string,UnityEngine.Object)
UnityEngine.DebugLogHandler:LogFormat (UnityEngine.LogType,UnityEngine.Object,string,object[])
UnityEngine.Logger:Log (UnityEngine.LogType,object)
UnityEngine.Debug:LogWarning (object)
UnityEngine.Rendering.Universal.WarnUsingNonRenderGraph:EmitConsoleWarning () (at ./Library/PackageCache/com.unity.render-pipelines.universal@087c6d6dbb7d/Runtime/Data/UniversalRenderPipelineAsset.cs:427)
System.Reflection.RuntimeMethodInfo:Invoke (object,System.Reflection.BindingFlags,System.Reflection.Binder,object[],System.Globalization.CultureInfo)
System.Reflection.MethodBase:Invoke (object,object[])
UnityEditor.EditorAssemblies:ProcessInitializeOnLoadMethodAttributes ()

(Filename: ./Library/PackageCache/com.unity.render-pipelines.universal@087c6d6dbb7d/Runtime/Data/UniversalRenderPipelineAsset.cs Line: 427)

[Package Manager] Failed to launch server process. Reason: Unity was launched with the -noUpm command-line argument
[Package Manager] Unable to send message (not connected to server process).
[Package Manager] Cannot connect to Unity Package Manager local server
AssertionException: Error removing Draco for Unity WebGL sub-packages.. Failed fetching installed packages.
Assertion failure. Values are not equal.
Expected: Failure == Success
  at UnityEngine.Assertions.Assert.Fail (System.String message, System.String userMessage) [0x00043] in <612ea0208cc847f49d539e6511ed3cd5>:0 
  at UnityEngine.Assertions.Assert.AreEqual[T] (T expected, T actual, System.String message, System.Collections.Generic.IEqualityComparer`1[T] comparer) [0x0005f] in <612ea0208cc847f49d539e6511ed3cd5>:0 
  at UnityEngine.Assertions.Assert.AreEqual[T] (T expected, T actual, System.String message) [0x00009] in <612ea0208cc847f49d539e6511ed3cd5>:0 
  at SubPackage.SubPackageRemover.GetAllInstalledPackagesAsync (System.Double timeout) [0x000b7] in .\Library\PackageCache\com.unity.cloud.draco@2ad9855b1dfa\Editor\Scripts\SubPackage\SubPackageRemover.cs:79 
  at SubPackage.SubPackageRemover.TryRemoveObsoleteSubPackagesAsync () [0x0002a] in .\Library\PackageCache\com.unity.cloud.draco@2ad9855b1dfa\Editor\Scripts\SubPackage\SubPackageRemover.cs:33 
UnityEngine.DebugLogHandler:Internal_LogException_Injected(Exception, IntPtr)
UnityEngine.DebugLogHandler:Internal_LogException(Exception, Object)
UnityEngine.DebugLogHandler:LogException(Exception, Object)
UnityEngine.Logger:LogException(Exception, Object)
UnityEngine.Debug:LogException(Exception)
SubPackage.<TryRemoveObsoleteSubPackagesAsync>d__5:MoveNext() (at .\Library\PackageCache\com.unity.cloud.draco@2ad9855b1dfa\Editor\Scripts\SubPackage\SubPackageRemover.cs:50)
System.Runtime.CompilerServices.AsyncTaskMethodBuilder:Start(<TryRemoveObsoleteSubPackagesAsync>d__5&)
SubPackage.SubPackageRemover:TryRemoveObsoleteSubPackagesAsync()
System.Reflection.RuntimeMethodInfo:InternalInvoke(RuntimeMethodInfo, Object, Object[], Exception&)
System.Reflection.RuntimeMethodInfo:Invoke(Object, BindingFlags, Binder, Object[], CultureInfo)
System.Reflection.MethodBase:Invoke(Object, Object[])
UnityEditor.EditorAssemblies:ProcessInitializeOnLoadMethodAttributes()

(Filename: ./Library/PackageCache/com.unity.cloud.draco@2ad9855b1dfa/Editor/Scripts/SubPackage/SubPackageRemover.cs Line: 50)

Mono: successfully reloaded assembly
- Finished resetting the current domain, in  0.906 seconds
Domain Reload Profiling: 1835ms
	BeginReloadAssembly (296ms)
		ExecutionOrderSort (0ms)
		DisableScriptedObjects (5ms)
		BackupInstance (0ms)
		ReleaseScriptingObjects (0ms)
		CreateAndSetChildDomain (47ms)
	RebuildCommonClasses (36ms)
	RebuildNativeTypeToScriptingClass (12ms)
	initialDomainReloadingComplete (35ms)
	LoadAllAssembliesAndSetupDomain (549ms)
		LoadAssemblies (557ms)
		RebuildTransferFunctionScriptingTraits (0ms)
		AnalyzeDomain (197ms)
			TypeCache.Refresh (7ms)
				TypeCache.ScanAssembly (0ms)
			BuildScriptInfoCaches (177ms)
			ResolveRequiredComponents (8ms)
	FinalizeReload (907ms)
		ReleaseScriptCaches (0ms)
		RebuildScriptCaches (0ms)
		SetupLoadedEditorAssemblies (737ms)
			LogAssemblyErrors (0ms)
			InitializePlatformSupportModulesInManaged (22ms)
			SetLoadedEditorAssemblies (4ms)
			BeforeProcessingInitializeOnLoad (99ms)
			ProcessInitializeOnLoadAttributes (513ms)
			ProcessInitializeOnLoadMethodAttributes (92ms)
			AfterProcessingInitializeOnLoad (7ms)
			EditorAssembliesLoaded (0ms)
		ExecutionOrderSort2 (0ms)
		AwakeInstancesAfterBackupRestoration (12ms)
Refreshing native plugins compatible for Editor in 15.47 ms, found 6 plugins.
Preloading 1 native plugins for Editor in 0.15 ms.
Unloading 13 Unused Serialized files (Serialized files now loaded: 0)
Unloading 6915 unused Assets / (5.3 MB). Loaded Objects now: 7644.
Memory consumption went from 148.7 MB to 143.5 MB.
Total: 8.837600 ms (FindLiveObjects: 0.675800 ms CreateObjectMapping: 0.574900 ms MarkObjects: 4.622500 ms  DeleteObjects: 2.963100 ms)

Prepare: number of updated asset objects reloaded= 0
========================================================================
Received Prepare
Refreshing native plugins compatible for Editor in 16.70 ms, found 6 plugins.
Preloading 1 native plugins for Editor in 0.14 ms.
Unloading 13 Unused Serialized files (Serialized files now loaded: 0)
Unloading 13 unused Assets / (2.2 MB). Loaded Objects now: 7644.
Memory consumption went from 143.6 MB to 141.4 MB.
Total: 5.536500 ms (FindLiveObjects: 0.312000 ms CreateObjectMapping: 0.230200 ms MarkObjects: 4.556700 ms  DeleteObjects: 0.436600 ms)

Prepare: number of updated asset objects reloaded= 0
========================================================================
Received Prepare
Begin MonoManager ReloadAssembly
Symbol file LoadedFromMemory is not a mono symbol file
- Loaded All Assemblies, in  0.988 seconds
Refreshing native plugins compatible for Editor in 15.09 ms, found 6 plugins.
Native extension for iOS target not found
Native extension for Android target not found
Native extension for WindowsStandalone target not found
[Package Manager] Failed to launch server process. Reason: Unity was launched with the -noUpm command-line argument
[Package Manager] Unable to send message (not connected to server process).
[Package Manager] Cannot connect to Unity Package Manager local server
The project currently uses the compatibility mode where the Render Graph API is disabled. Support for this mode will be removed in future Unity versions. Migrate existing ScriptableRenderPasses to the new RenderGraph API. After the migration, disable the compatibility mode in Edit > Projects Settings > Graphics > Render Graph.
UnityEngine.Debug:ExtractStackTraceNoAlloc (byte*,int,string)
UnityEngine.StackTraceUtility:ExtractStackTrace ()
UnityEngine.DebugLogHandler:Internal_Log (UnityEngine.LogType,UnityEngine.LogOption,string,UnityEngine.Object)
UnityEngine.DebugLogHandler:LogFormat (UnityEngine.LogType,UnityEngine.Object,string,object[])
UnityEngine.Logger:Log (UnityEngine.LogType,object)
UnityEngine.Debug:LogWarning (object)
UnityEngine.Rendering.Universal.WarnUsingNonRenderGraph:EmitConsoleWarning () (at ./Library/PackageCache/com.unity.render-pipelines.universal@087c6d6dbb7d/Runtime/Data/UniversalRenderPipelineAsset.cs:427)
System.Reflection.RuntimeMethodInfo:Invoke (object,System.Reflection.BindingFlags,System.Reflection.Binder,object[],System.Globalization.CultureInfo)
System.Reflection.MethodBase:Invoke (object,object[])
UnityEditor.EditorAssemblies:ProcessInitializeOnLoadMethodAttributes ()

(Filename: ./Library/PackageCache/com.unity.render-pipelines.universal@087c6d6dbb7d/Runtime/Data/UniversalRenderPipelineAsset.cs Line: 427)

[Package Manager] Failed to launch server process. Reason: Unity was launched with the -noUpm command-line argument
[Package Manager] Unable to send message (not connected to server process).
[Package Manager] Cannot connect to Unity Package Manager local server
AssertionException: Error removing Draco for Unity WebGL sub-packages.. Failed fetching installed packages.
Assertion failure. Values are not equal.
Expected: Failure == Success
  at UnityEngine.Assertions.Assert.Fail (System.String message, System.String userMessage) [0x00043] in <612ea0208cc847f49d539e6511ed3cd5>:0 
  at UnityEngine.Assertions.Assert.AreEqual[T] (T expected, T actual, System.String message, System.Collections.Generic.IEqualityComparer`1[T] comparer) [0x0005f] in <612ea0208cc847f49d539e6511ed3cd5>:0 
  at UnityEngine.Assertions.Assert.AreEqual[T] (T expected, T actual, System.String message) [0x00009] in <612ea0208cc847f49d539e6511ed3cd5>:0 
  at SubPackage.SubPackageRemover.GetAllInstalledPackagesAsync (System.Double timeout) [0x000b7] in .\Library\PackageCache\com.unity.cloud.draco@2ad9855b1dfa\Editor\Scripts\SubPackage\SubPackageRemover.cs:79 
  at SubPackage.SubPackageRemover.TryRemoveObsoleteSubPackagesAsync () [0x0002a] in .\Library\PackageCache\com.unity.cloud.draco@2ad9855b1dfa\Editor\Scripts\SubPackage\SubPackageRemover.cs:33 
UnityEngine.DebugLogHandler:Internal_LogException_Injected(Exception, IntPtr)
UnityEngine.DebugLogHandler:Internal_LogException(Exception, Object)
UnityEngine.DebugLogHandler:LogException(Exception, Object)
UnityEngine.Logger:LogException(Exception, Object)
UnityEngine.Debug:LogException(Exception)
SubPackage.<TryRemoveObsoleteSubPackagesAsync>d__5:MoveNext() (at .\Library\PackageCache\com.unity.cloud.draco@2ad9855b1dfa\Editor\Scripts\SubPackage\SubPackageRemover.cs:50)
System.Runtime.CompilerServices.AsyncTaskMethodBuilder:Start(<TryRemoveObsoleteSubPackagesAsync>d__5&)
SubPackage.SubPackageRemover:TryRemoveObsoleteSubPackagesAsync()
System.Reflection.RuntimeMethodInfo:InternalInvoke(RuntimeMethodInfo, Object, Object[], Exception&)
System.Reflection.RuntimeMethodInfo:Invoke(Object, BindingFlags, Binder, Object[], CultureInfo)
System.Reflection.MethodBase:Invoke(Object, Object[])
UnityEditor.EditorAssemblies:ProcessInitializeOnLoadMethodAttributes()

(Filename: ./Library/PackageCache/com.unity.cloud.draco@2ad9855b1dfa/Editor/Scripts/SubPackage/SubPackageRemover.cs Line: 50)

Mono: successfully reloaded assembly
- Finished resetting the current domain, in  0.792 seconds
Domain Reload Profiling: 1777ms
	BeginReloadAssembly (359ms)
		ExecutionOrderSort (0ms)
		DisableScriptedObjects (7ms)
		BackupInstance (0ms)
		ReleaseScriptingObjects (0ms)
		CreateAndSetChildDomain (56ms)
	RebuildCommonClasses (38ms)
	RebuildNativeTypeToScriptingClass (11ms)
	initialDomainReloadingComplete (35ms)
	LoadAllAssembliesAndSetupDomain (542ms)
		LoadAssemblies (588ms)
		RebuildTransferFunctionScriptingTraits (0ms)
		AnalyzeDomain (200ms)
			TypeCache.Refresh (9ms)
				TypeCache.ScanAssembly (0ms)
			BuildScriptInfoCaches (177ms)
			ResolveRequiredComponents (9ms)
	FinalizeReload (793ms)
		ReleaseScriptCaches (0ms)
		RebuildScriptCaches (0ms)
		SetupLoadedEditorAssemblies (616ms)
			LogAssemblyErrors (0ms)
			InitializePlatformSupportModulesInManaged (21ms)
			SetLoadedEditorAssemblies (4ms)
			BeforeProcessingInitializeOnLoad (93ms)
			ProcessInitializeOnLoadAttributes (413ms)
			ProcessInitializeOnLoadMethodAttributes (78ms)
			AfterProcessingInitializeOnLoad (6ms)
			EditorAssembliesLoaded (0ms)
		ExecutionOrderSort2 (0ms)
		AwakeInstancesAfterBackupRestoration (10ms)
Refreshing native plugins compatible for Editor in 13.50 ms, found 6 plugins.
Preloading 1 native plugins for Editor in 0.16 ms.
Unloading 13 Unused Serialized files (Serialized files now loaded: 0)
Unloading 6915 unused Assets / (5.7 MB). Loaded Objects now: 7647.
Memory consumption went from 148.7 MB to 143.0 MB.
Total: 8.173000 ms (FindLiveObjects: 0.637700 ms CreateObjectMapping: 0.643100 ms MarkObjects: 3.819000 ms  DeleteObjects: 3.071400 ms)

Prepare: number of updated asset objects reloaded= 0
========================================================================
Received Prepare
Begin MonoManager ReloadAssembly
Symbol file LoadedFromMemory is not a mono symbol file
- Loaded All Assemblies, in  0.986 seconds
Refreshing native plugins compatible for Editor in 17.20 ms, found 6 plugins.
Native extension for iOS target not found
Native extension for Android target not found
Native extension for WindowsStandalone target not found
[Package Manager] Failed to launch server process. Reason: Unity was launched with the -noUpm command-line argument
[Package Manager] Unable to send message (not connected to server process).
[Package Manager] Cannot connect to Unity Package Manager local server
The project currently uses the compatibility mode where the Render Graph API is disabled. Support for this mode will be removed in future Unity versions. Migrate existing ScriptableRenderPasses to the new RenderGraph API. After the migration, disable the compatibility mode in Edit > Projects Settings > Graphics > Render Graph.
UnityEngine.Debug:ExtractStackTraceNoAlloc (byte*,int,string)
UnityEngine.StackTraceUtility:ExtractStackTrace ()
UnityEngine.DebugLogHandler:Internal_Log (UnityEngine.LogType,UnityEngine.LogOption,string,UnityEngine.Object)
UnityEngine.DebugLogHandler:LogFormat (UnityEngine.LogType,UnityEngine.Object,string,object[])
UnityEngine.Logger:Log (UnityEngine.LogType,object)
UnityEngine.Debug:LogWarning (object)
UnityEngine.Rendering.Universal.WarnUsingNonRenderGraph:EmitConsoleWarning () (at ./Library/PackageCache/com.unity.render-pipelines.universal@087c6d6dbb7d/Runtime/Data/UniversalRenderPipelineAsset.cs:427)
System.Reflection.RuntimeMethodInfo:Invoke (object,System.Reflection.BindingFlags,System.Reflection.Binder,object[],System.Globalization.CultureInfo)
System.Reflection.MethodBase:Invoke (object,object[])
UnityEditor.EditorAssemblies:ProcessInitializeOnLoadMethodAttributes ()

(Filename: ./Library/PackageCache/com.unity.render-pipelines.universal@087c6d6dbb7d/Runtime/Data/UniversalRenderPipelineAsset.cs Line: 427)

[Package Manager] Failed to launch server process. Reason: Unity was launched with the -noUpm command-line argument
[Package Manager] Unable to send message (not connected to server process).
[Package Manager] Cannot connect to Unity Package Manager local server
AssertionException: Error removing Draco for Unity WebGL sub-packages.. Failed fetching installed packages.
Assertion failure. Values are not equal.
Expected: Failure == Success
  at UnityEngine.Assertions.Assert.Fail (System.String message, System.String userMessage) [0x00043] in <612ea0208cc847f49d539e6511ed3cd5>:0 
  at UnityEngine.Assertions.Assert.AreEqual[T] (T expected, T actual, System.String message, System.Collections.Generic.IEqualityComparer`1[T] comparer) [0x0005f] in <612ea0208cc847f49d539e6511ed3cd5>:0 
  at UnityEngine.Assertions.Assert.AreEqual[T] (T expected, T actual, System.String message) [0x00009] in <612ea0208cc847f49d539e6511ed3cd5>:0 
  at SubPackage.SubPackageRemover.GetAllInstalledPackagesAsync (System.Double timeout) [0x000b7] in .\Library\PackageCache\com.unity.cloud.draco@2ad9855b1dfa\Editor\Scripts\SubPackage\SubPackageRemover.cs:79 
  at SubPackage.SubPackageRemover.TryRemoveObsoleteSubPackagesAsync () [0x0002a] in .\Library\PackageCache\com.unity.cloud.draco@2ad9855b1dfa\Editor\Scripts\SubPackage\SubPackageRemover.cs:33 
UnityEngine.DebugLogHandler:Internal_LogException_Injected(Exception, IntPtr)
UnityEngine.DebugLogHandler:Internal_LogException(Exception, Object)
UnityEngine.DebugLogHandler:LogException(Exception, Object)
UnityEngine.Logger:LogException(Exception, Object)
UnityEngine.Debug:LogException(Exception)
SubPackage.<TryRemoveObsoleteSubPackagesAsync>d__5:MoveNext() (at .\Library\PackageCache\com.unity.cloud.draco@2ad9855b1dfa\Editor\Scripts\SubPackage\SubPackageRemover.cs:50)
System.Runtime.CompilerServices.AsyncTaskMethodBuilder:Start(<TryRemoveObsoleteSubPackagesAsync>d__5&)
SubPackage.SubPackageRemover:TryRemoveObsoleteSubPackagesAsync()
System.Reflection.RuntimeMethodInfo:InternalInvoke(RuntimeMethodInfo, Object, Object[], Exception&)
System.Reflection.RuntimeMethodInfo:Invoke(Object, BindingFlags, Binder, Object[], CultureInfo)
System.Reflection.MethodBase:Invoke(Object, Object[])
UnityEditor.EditorAssemblies:ProcessInitializeOnLoadMethodAttributes()

(Filename: ./Library/PackageCache/com.unity.cloud.draco@2ad9855b1dfa/Editor/Scripts/SubPackage/SubPackageRemover.cs Line: 50)

Mono: successfully reloaded assembly
- Finished resetting the current domain, in  0.871 seconds
Domain Reload Profiling: 1855ms
	BeginReloadAssembly (324ms)
		ExecutionOrderSort (0ms)
		DisableScriptedObjects (5ms)
		BackupInstance (0ms)
		ReleaseScriptingObjects (0ms)
		CreateAndSetChildDomain (52ms)
	RebuildCommonClasses (44ms)
	RebuildNativeTypeToScriptingClass (11ms)
	initialDomainReloadingComplete (37ms)
	LoadAllAssembliesAndSetupDomain (569ms)
		LoadAssemblies (589ms)
		RebuildTransferFunctionScriptingTraits (0ms)
		AnalyzeDomain (204ms)
			TypeCache.Refresh (7ms)
				TypeCache.ScanAssembly (0ms)
			BuildScriptInfoCaches (183ms)
			ResolveRequiredComponents (9ms)
	FinalizeReload (871ms)
		ReleaseScriptCaches (0ms)
		RebuildScriptCaches (0ms)
		SetupLoadedEditorAssemblies (681ms)
			LogAssemblyErrors (0ms)
			InitializePlatformSupportModulesInManaged (24ms)
			SetLoadedEditorAssemblies (5ms)
			BeforeProcessingInitializeOnLoad (103ms)
			ProcessInitializeOnLoadAttributes (455ms)
			ProcessInitializeOnLoadMethodAttributes (87ms)
			AfterProcessingInitializeOnLoad (7ms)
			EditorAssembliesLoaded (0ms)
		ExecutionOrderSort2 (0ms)
		AwakeInstancesAfterBackupRestoration (13ms)
Refreshing native plugins compatible for Editor in 13.91 ms, found 6 plugins.
Preloading 1 native plugins for Editor in 0.15 ms.
Unloading 13 Unused Serialized files (Serialized files now loaded: 0)
Unloading 6915 unused Assets / (5.1 MB). Loaded Objects now: 7650.
Memory consumption went from 148.7 MB to 143.6 MB.
Total: 7.381500 ms (FindLiveObjects: 0.576600 ms CreateObjectMapping: 0.602300 ms MarkObjects: 3.686400 ms  DeleteObjects: 2.515300 ms)

Prepare: number of updated asset objects reloaded= 0
========================================================================
Received Prepare
Begin MonoManager ReloadAssembly
Symbol file LoadedFromMemory is not a mono symbol file
- Loaded All Assemblies, in  0.988 seconds
Refreshing native plugins compatible for Editor in 14.68 ms, found 6 plugins.
Native extension for iOS target not found
Native extension for Android target not found
Native extension for WindowsStandalone target not found
[Package Manager] Failed to launch server process. Reason: Unity was launched with the -noUpm command-line argument
[Package Manager] Unable to send message (not connected to server process).
[Package Manager] Cannot connect to Unity Package Manager local server
The project currently uses the compatibility mode where the Render Graph API is disabled. Support for this mode will be removed in future Unity versions. Migrate existing ScriptableRenderPasses to the new RenderGraph API. After the migration, disable the compatibility mode in Edit > Projects Settings > Graphics > Render Graph.
UnityEngine.Debug:ExtractStackTraceNoAlloc (byte*,int,string)
UnityEngine.StackTraceUtility:ExtractStackTrace ()
UnityEngine.DebugLogHandler:Internal_Log (UnityEngine.LogType,UnityEngine.LogOption,string,UnityEngine.Object)
UnityEngine.DebugLogHandler:LogFormat (UnityEngine.LogType,UnityEngine.Object,string,object[])
UnityEngine.Logger:Log (UnityEngine.LogType,object)
UnityEngine.Debug:LogWarning (object)
UnityEngine.Rendering.Universal.WarnUsingNonRenderGraph:EmitConsoleWarning () (at ./Library/PackageCache/com.unity.render-pipelines.universal@087c6d6dbb7d/Runtime/Data/UniversalRenderPipelineAsset.cs:427)
System.Reflection.RuntimeMethodInfo:Invoke (object,System.Reflection.BindingFlags,System.Reflection.Binder,object[],System.Globalization.CultureInfo)
System.Reflection.MethodBase:Invoke (object,object[])
UnityEditor.EditorAssemblies:ProcessInitializeOnLoadMethodAttributes ()

(Filename: ./Library/PackageCache/com.unity.render-pipelines.universal@087c6d6dbb7d/Runtime/Data/UniversalRenderPipelineAsset.cs Line: 427)

[Package Manager] Failed to launch server process. Reason: Unity was launched with the -noUpm command-line argument
[Package Manager] Unable to send message (not connected to server process).
[Package Manager] Cannot connect to Unity Package Manager local server
AssertionException: Error removing Draco for Unity WebGL sub-packages.. Failed fetching installed packages.
Assertion failure. Values are not equal.
Expected: Failure == Success
  at UnityEngine.Assertions.Assert.Fail (System.String message, System.String userMessage) [0x00043] in <612ea0208cc847f49d539e6511ed3cd5>:0 
  at UnityEngine.Assertions.Assert.AreEqual[T] (T expected, T actual, System.String message, System.Collections.Generic.IEqualityComparer`1[T] comparer) [0x0005f] in <612ea0208cc847f49d539e6511ed3cd5>:0 
  at UnityEngine.Assertions.Assert.AreEqual[T] (T expected, T actual, System.String message) [0x00009] in <612ea0208cc847f49d539e6511ed3cd5>:0 
  at SubPackage.SubPackageRemover.GetAllInstalledPackagesAsync (System.Double timeout) [0x000b7] in .\Library\PackageCache\com.unity.cloud.draco@2ad9855b1dfa\Editor\Scripts\SubPackage\SubPackageRemover.cs:79 
  at SubPackage.SubPackageRemover.TryRemoveObsoleteSubPackagesAsync () [0x0002a] in .\Library\PackageCache\com.unity.cloud.draco@2ad9855b1dfa\Editor\Scripts\SubPackage\SubPackageRemover.cs:33 
UnityEngine.DebugLogHandler:Internal_LogException_Injected(Exception, IntPtr)
UnityEngine.DebugLogHandler:Internal_LogException(Exception, Object)
UnityEngine.DebugLogHandler:LogException(Exception, Object)
UnityEngine.Logger:LogException(Exception, Object)
UnityEngine.Debug:LogException(Exception)
SubPackage.<TryRemoveObsoleteSubPackagesAsync>d__5:MoveNext() (at .\Library\PackageCache\com.unity.cloud.draco@2ad9855b1dfa\Editor\Scripts\SubPackage\SubPackageRemover.cs:50)
System.Runtime.CompilerServices.AsyncTaskMethodBuilder:Start(<TryRemoveObsoleteSubPackagesAsync>d__5&)
SubPackage.SubPackageRemover:TryRemoveObsoleteSubPackagesAsync()
System.Reflection.RuntimeMethodInfo:InternalInvoke(RuntimeMethodInfo, Object, Object[], Exception&)
System.Reflection.RuntimeMethodInfo:Invoke(Object, BindingFlags, Binder, Object[], CultureInfo)
System.Reflection.MethodBase:Invoke(Object, Object[])
UnityEditor.EditorAssemblies:ProcessInitializeOnLoadMethodAttributes()

(Filename: ./Library/PackageCache/com.unity.cloud.draco@2ad9855b1dfa/Editor/Scripts/SubPackage/SubPackageRemover.cs Line: 50)

Mono: successfully reloaded assembly
- Finished resetting the current domain, in  0.848 seconds
Domain Reload Profiling: 1834ms
	BeginReloadAssembly (326ms)
		ExecutionOrderSort (0ms)
		DisableScriptedObjects (6ms)
		BackupInstance (0ms)
		ReleaseScriptingObjects (0ms)
		CreateAndSetChildDomain (63ms)
	RebuildCommonClasses (43ms)
	RebuildNativeTypeToScriptingClass (10ms)
	initialDomainReloadingComplete (35ms)
	LoadAllAssembliesAndSetupDomain (572ms)
		LoadAssemblies (576ms)
		RebuildTransferFunctionScriptingTraits (0ms)
		AnalyzeDomain (212ms)
			TypeCache.Refresh (9ms)
				TypeCache.ScanAssembly (0ms)
			BuildScriptInfoCaches (190ms)
			ResolveRequiredComponents (8ms)
	FinalizeReload (848ms)
		ReleaseScriptCaches (0ms)
		RebuildScriptCaches (0ms)
		SetupLoadedEditorAssemblies (642ms)
			LogAssemblyErrors (0ms)
			InitializePlatformSupportModulesInManaged (24ms)
			SetLoadedEditorAssemblies (5ms)
			BeforeProcessingInitializeOnLoad (104ms)
			ProcessInitializeOnLoadAttributes (425ms)
			ProcessInitializeOnLoadMethodAttributes (78ms)
			AfterProcessingInitializeOnLoad (7ms)
			EditorAssembliesLoaded (0ms)
		ExecutionOrderSort2 (0ms)
		AwakeInstancesAfterBackupRestoration (13ms)
Refreshing native plugins compatible for Editor in 15.02 ms, found 6 plugins.
Preloading 1 native plugins for Editor in 0.14 ms.
Unloading 13 Unused Serialized files (Serialized files now loaded: 0)
Unloading 6915 unused Assets / (5.0 MB). Loaded Objects now: 7653.
Memory consumption went from 148.8 MB to 143.7 MB.
Total: 7.911300 ms (FindLiveObjects: 0.866600 ms CreateObjectMapping: 0.710300 ms MarkObjects: 3.952100 ms  DeleteObjects: 2.381100 ms)

Prepare: number of updated asset objects reloaded= 0
========================================================================
Received Prepare
Begin MonoManager ReloadAssembly
Symbol file LoadedFromMemory is not a mono symbol file
- Loaded All Assemblies, in  0.945 seconds
Refreshing native plugins compatible for Editor in 15.57 ms, found 6 plugins.
Native extension for iOS target not found
Native extension for Android target not found
Native extension for WindowsStandalone target not found
[Package Manager] Failed to launch server process. Reason: Unity was launched with the -noUpm command-line argument
[Package Manager] Unable to send message (not connected to server process).
[Package Manager] Cannot connect to Unity Package Manager local server
The project currently uses the compatibility mode where the Render Graph API is disabled. Support for this mode will be removed in future Unity versions. Migrate existing ScriptableRenderPasses to the new RenderGraph API. After the migration, disable the compatibility mode in Edit > Projects Settings > Graphics > Render Graph.
UnityEngine.Debug:ExtractStackTraceNoAlloc (byte*,int,string)
UnityEngine.StackTraceUtility:ExtractStackTrace ()
UnityEngine.DebugLogHandler:Internal_Log (UnityEngine.LogType,UnityEngine.LogOption,string,UnityEngine.Object)
UnityEngine.DebugLogHandler:LogFormat (UnityEngine.LogType,UnityEngine.Object,string,object[])
UnityEngine.Logger:Log (UnityEngine.LogType,object)
UnityEngine.Debug:LogWarning (object)
UnityEngine.Rendering.Universal.WarnUsingNonRenderGraph:EmitConsoleWarning () (at ./Library/PackageCache/com.unity.render-pipelines.universal@087c6d6dbb7d/Runtime/Data/UniversalRenderPipelineAsset.cs:427)
System.Reflection.RuntimeMethodInfo:Invoke (object,System.Reflection.BindingFlags,System.Reflection.Binder,object[],System.Globalization.CultureInfo)
System.Reflection.MethodBase:Invoke (object,object[])
UnityEditor.EditorAssemblies:ProcessInitializeOnLoadMethodAttributes ()

(Filename: ./Library/PackageCache/com.unity.render-pipelines.universal@087c6d6dbb7d/Runtime/Data/UniversalRenderPipelineAsset.cs Line: 427)

[Package Manager] Failed to launch server process. Reason: Unity was launched with the -noUpm command-line argument
[Package Manager] Unable to send message (not connected to server process).
[Package Manager] Cannot connect to Unity Package Manager local server
AssertionException: Error removing Draco for Unity WebGL sub-packages.. Failed fetching installed packages.
Assertion failure. Values are not equal.
Expected: Failure == Success
  at UnityEngine.Assertions.Assert.Fail (System.String message, System.String userMessage) [0x00043] in <612ea0208cc847f49d539e6511ed3cd5>:0 
  at UnityEngine.Assertions.Assert.AreEqual[T] (T expected, T actual, System.String message, System.Collections.Generic.IEqualityComparer`1[T] comparer) [0x0005f] in <612ea0208cc847f49d539e6511ed3cd5>:0 
  at UnityEngine.Assertions.Assert.AreEqual[T] (T expected, T actual, System.String message) [0x00009] in <612ea0208cc847f49d539e6511ed3cd5>:0 
  at SubPackage.SubPackageRemover.GetAllInstalledPackagesAsync (System.Double timeout) [0x000b7] in .\Library\PackageCache\com.unity.cloud.draco@2ad9855b1dfa\Editor\Scripts\SubPackage\SubPackageRemover.cs:79 
  at SubPackage.SubPackageRemover.TryRemoveObsoleteSubPackagesAsync () [0x0002a] in .\Library\PackageCache\com.unity.cloud.draco@2ad9855b1dfa\Editor\Scripts\SubPackage\SubPackageRemover.cs:33 
UnityEngine.DebugLogHandler:Internal_LogException_Injected(Exception, IntPtr)
UnityEngine.DebugLogHandler:Internal_LogException(Exception, Object)
UnityEngine.DebugLogHandler:LogException(Exception, Object)
UnityEngine.Logger:LogException(Exception, Object)
UnityEngine.Debug:LogException(Exception)
SubPackage.<TryRemoveObsoleteSubPackagesAsync>d__5:MoveNext() (at .\Library\PackageCache\com.unity.cloud.draco@2ad9855b1dfa\Editor\Scripts\SubPackage\SubPackageRemover.cs:50)
System.Runtime.CompilerServices.AsyncTaskMethodBuilder:Start(<TryRemoveObsoleteSubPackagesAsync>d__5&)
SubPackage.SubPackageRemover:TryRemoveObsoleteSubPackagesAsync()
System.Reflection.RuntimeMethodInfo:InternalInvoke(RuntimeMethodInfo, Object, Object[], Exception&)
System.Reflection.RuntimeMethodInfo:Invoke(Object, BindingFlags, Binder, Object[], CultureInfo)
System.Reflection.MethodBase:Invoke(Object, Object[])
UnityEditor.EditorAssemblies:ProcessInitializeOnLoadMethodAttributes()

(Filename: ./Library/PackageCache/com.unity.cloud.draco@2ad9855b1dfa/Editor/Scripts/SubPackage/SubPackageRemover.cs Line: 50)

Mono: successfully reloaded assembly
- Finished resetting the current domain, in  0.819 seconds
Domain Reload Profiling: 1762ms
	BeginReloadAssembly (314ms)
		ExecutionOrderSort (0ms)
		DisableScriptedObjects (6ms)
		BackupInstance (0ms)
		ReleaseScriptingObjects (0ms)
		CreateAndSetChildDomain (46ms)
	RebuildCommonClasses (38ms)
	RebuildNativeTypeToScriptingClass (11ms)
	initialDomainReloadingComplete (37ms)
	LoadAllAssembliesAndSetupDomain (543ms)
		LoadAssemblies (563ms)
		RebuildTransferFunctionScriptingTraits (0ms)
		AnalyzeDomain (198ms)
			TypeCache.Refresh (9ms)
				TypeCache.ScanAssembly (0ms)
			BuildScriptInfoCaches (176ms)
			ResolveRequiredComponents (9ms)
	FinalizeReload (820ms)
		ReleaseScriptCaches (0ms)
		RebuildScriptCaches (0ms)
		SetupLoadedEditorAssemblies (646ms)
			LogAssemblyErrors (0ms)
			InitializePlatformSupportModulesInManaged (23ms)
			SetLoadedEditorAssemblies (5ms)
			BeforeProcessingInitializeOnLoad (99ms)
			ProcessInitializeOnLoadAttributes (429ms)
			ProcessInitializeOnLoadMethodAttributes (83ms)
			AfterProcessingInitializeOnLoad (7ms)
			EditorAssembliesLoaded (0ms)
		ExecutionOrderSort2 (0ms)
		AwakeInstancesAfterBackupRestoration (11ms)
Refreshing native plugins compatible for Editor in 13.89 ms, found 6 plugins.
Preloading 1 native plugins for Editor in 0.20 ms.
Unloading 13 Unused Serialized files (Serialized files now loaded: 0)
Unloading 6915 unused Assets / (5.2 MB). Loaded Objects now: 7656.
Memory consumption went from 148.8 MB to 143.6 MB.
Total: 8.858200 ms (FindLiveObjects: 1.152600 ms CreateObjectMapping: 0.827800 ms MarkObjects: 4.357700 ms  DeleteObjects: 2.518800 ms)

Prepare: number of updated asset objects reloaded= 0
========================================================================
Received Prepare
Begin MonoManager ReloadAssembly
Symbol file LoadedFromMemory is not a mono symbol file
- Loaded All Assemblies, in  0.943 seconds
Refreshing native plugins compatible for Editor in 13.75 ms, found 6 plugins.
Native extension for iOS target not found
Native extension for Android target not found
Native extension for WindowsStandalone target not found
[Package Manager] Failed to launch server process. Reason: Unity was launched with the -noUpm command-line argument
[Package Manager] Unable to send message (not connected to server process).
[Package Manager] Cannot connect to Unity Package Manager local server
The project currently uses the compatibility mode where the Render Graph API is disabled. Support for this mode will be removed in future Unity versions. Migrate existing ScriptableRenderPasses to the new RenderGraph API. After the migration, disable the compatibility mode in Edit > Projects Settings > Graphics > Render Graph.
UnityEngine.Debug:ExtractStackTraceNoAlloc (byte*,int,string)
UnityEngine.StackTraceUtility:ExtractStackTrace ()
UnityEngine.DebugLogHandler:Internal_Log (UnityEngine.LogType,UnityEngine.LogOption,string,UnityEngine.Object)
UnityEngine.DebugLogHandler:LogFormat (UnityEngine.LogType,UnityEngine.Object,string,object[])
UnityEngine.Logger:Log (UnityEngine.LogType,object)
UnityEngine.Debug:LogWarning (object)
UnityEngine.Rendering.Universal.WarnUsingNonRenderGraph:EmitConsoleWarning () (at ./Library/PackageCache/com.unity.render-pipelines.universal@087c6d6dbb7d/Runtime/Data/UniversalRenderPipelineAsset.cs:427)
System.Reflection.RuntimeMethodInfo:Invoke (object,System.Reflection.BindingFlags,System.Reflection.Binder,object[],System.Globalization.CultureInfo)
System.Reflection.MethodBase:Invoke (object,object[])
UnityEditor.EditorAssemblies:ProcessInitializeOnLoadMethodAttributes ()

(Filename: ./Library/PackageCache/com.unity.render-pipelines.universal@087c6d6dbb7d/Runtime/Data/UniversalRenderPipelineAsset.cs Line: 427)

[Package Manager] Failed to launch server process. Reason: Unity was launched with the -noUpm command-line argument
[Package Manager] Unable to send message (not connected to server process).
[Package Manager] Cannot connect to Unity Package Manager local server
AssertionException: Error removing Draco for Unity WebGL sub-packages.. Failed fetching installed packages.
Assertion failure. Values are not equal.
Expected: Failure == Success
  at UnityEngine.Assertions.Assert.Fail (System.String message, System.String userMessage) [0x00043] in <612ea0208cc847f49d539e6511ed3cd5>:0 
  at UnityEngine.Assertions.Assert.AreEqual[T] (T expected, T actual, System.String message, System.Collections.Generic.IEqualityComparer`1[T] comparer) [0x0005f] in <612ea0208cc847f49d539e6511ed3cd5>:0 
  at UnityEngine.Assertions.Assert.AreEqual[T] (T expected, T actual, System.String message) [0x00009] in <612ea0208cc847f49d539e6511ed3cd5>:0 
  at SubPackage.SubPackageRemover.GetAllInstalledPackagesAsync (System.Double timeout) [0x000b7] in .\Library\PackageCache\com.unity.cloud.draco@2ad9855b1dfa\Editor\Scripts\SubPackage\SubPackageRemover.cs:79 
  at SubPackage.SubPackageRemover.TryRemoveObsoleteSubPackagesAsync () [0x0002a] in .\Library\PackageCache\com.unity.cloud.draco@2ad9855b1dfa\Editor\Scripts\SubPackage\SubPackageRemover.cs:33 
UnityEngine.DebugLogHandler:Internal_LogException_Injected(Exception, IntPtr)
UnityEngine.DebugLogHandler:Internal_LogException(Exception, Object)
UnityEngine.DebugLogHandler:LogException(Exception, Object)
UnityEngine.Logger:LogException(Exception, Object)
UnityEngine.Debug:LogException(Exception)
SubPackage.<TryRemoveObsoleteSubPackagesAsync>d__5:MoveNext() (at .\Library\PackageCache\com.unity.cloud.draco@2ad9855b1dfa\Editor\Scripts\SubPackage\SubPackageRemover.cs:50)
System.Runtime.CompilerServices.AsyncTaskMethodBuilder:Start(<TryRemoveObsoleteSubPackagesAsync>d__5&)
SubPackage.SubPackageRemover:TryRemoveObsoleteSubPackagesAsync()
System.Reflection.RuntimeMethodInfo:InternalInvoke(RuntimeMethodInfo, Object, Object[], Exception&)
System.Reflection.RuntimeMethodInfo:Invoke(Object, BindingFlags, Binder, Object[], CultureInfo)
System.Reflection.MethodBase:Invoke(Object, Object[])
UnityEditor.EditorAssemblies:ProcessInitializeOnLoadMethodAttributes()

(Filename: ./Library/PackageCache/com.unity.cloud.draco@2ad9855b1dfa/Editor/Scripts/SubPackage/SubPackageRemover.cs Line: 50)

Mono: successfully reloaded assembly
- Finished resetting the current domain, in  1.018 seconds
Domain Reload Profiling: 1962ms
	BeginReloadAssembly (311ms)
		ExecutionOrderSort (0ms)
		DisableScriptedObjects (5ms)
		BackupInstance (0ms)
		ReleaseScriptingObjects (0ms)
		CreateAndSetChildDomain (46ms)
	RebuildCommonClasses (40ms)
	RebuildNativeTypeToScriptingClass (10ms)
	initialDomainReloadingComplete (38ms)
	LoadAllAssembliesAndSetupDomain (543ms)
		LoadAssemblies (557ms)
		RebuildTransferFunctionScriptingTraits (0ms)
		AnalyzeDomain (198ms)
			TypeCache.Refresh (7ms)
				TypeCache.ScanAssembly (0ms)
			BuildScriptInfoCaches (175ms)
			ResolveRequiredComponents (10ms)
	FinalizeReload (1019ms)
		ReleaseScriptCaches (0ms)
		RebuildScriptCaches (0ms)
		SetupLoadedEditorAssemblies (841ms)
			LogAssemblyErrors (0ms)
			InitializePlatformSupportModulesInManaged (22ms)
			SetLoadedEditorAssemblies (5ms)
			BeforeProcessingInitializeOnLoad (112ms)
			ProcessInitializeOnLoadAttributes (604ms)
			ProcessInitializeOnLoadMethodAttributes (90ms)
			AfterProcessingInitializeOnLoad (7ms)
			EditorAssembliesLoaded (0ms)
		ExecutionOrderSort2 (0ms)
		AwakeInstancesAfterBackupRestoration (14ms)
Refreshing native plugins compatible for Editor in 15.64 ms, found 6 plugins.
Preloading 1 native plugins for Editor in 0.30 ms.
Unloading 13 Unused Serialized files (Serialized files now loaded: 0)
Unloading 6915 unused Assets / (5.0 MB). Loaded Objects now: 7659.
Memory consumption went from 148.8 MB to 143.7 MB.
Total: 8.153600 ms (FindLiveObjects: 0.640500 ms CreateObjectMapping: 0.649500 ms MarkObjects: 4.286400 ms  DeleteObjects: 2.576200 ms)

Prepare: number of updated asset objects reloaded= 0
========================================================================
Received Prepare
Refreshing native plugins compatible for Editor in 14.88 ms, found 6 plugins.
Preloading 1 native plugins for Editor in 0.14 ms.
Unloading 13 Unused Serialized files (Serialized files now loaded: 0)
Unloading 13 unused Assets / (2.2 MB). Loaded Objects now: 7659.
Memory consumption went from 143.6 MB to 141.4 MB.
Total: 4.829500 ms (FindLiveObjects: 0.308500 ms CreateObjectMapping: 0.231200 ms MarkObjects: 3.895600 ms  DeleteObjects: 0.393300 ms)

Prepare: number of updated asset objects reloaded= 0
========================================================================
Received Prepare
Begin MonoManager ReloadAssembly
Symbol file LoadedFromMemory is not a mono symbol file
- Loaded All Assemblies, in  0.987 seconds
Refreshing native plugins compatible for Editor in 17.35 ms, found 6 plugins.
Native extension for iOS target not found
Native extension for Android target not found
Native extension for WindowsStandalone target not found
[Package Manager] Failed to launch server process. Reason: Unity was launched with the -noUpm command-line argument
[Package Manager] Unable to send message (not connected to server process).
[Package Manager] Cannot connect to Unity Package Manager local server
The project currently uses the compatibility mode where the Render Graph API is disabled. Support for this mode will be removed in future Unity versions. Migrate existing ScriptableRenderPasses to the new RenderGraph API. After the migration, disable the compatibility mode in Edit > Projects Settings > Graphics > Render Graph.
UnityEngine.Debug:ExtractStackTraceNoAlloc (byte*,int,string)
UnityEngine.StackTraceUtility:ExtractStackTrace ()
UnityEngine.DebugLogHandler:Internal_Log (UnityEngine.LogType,UnityEngine.LogOption,string,UnityEngine.Object)
UnityEngine.DebugLogHandler:LogFormat (UnityEngine.LogType,UnityEngine.Object,string,object[])
UnityEngine.Logger:Log (UnityEngine.LogType,object)
UnityEngine.Debug:LogWarning (object)
UnityEngine.Rendering.Universal.WarnUsingNonRenderGraph:EmitConsoleWarning () (at ./Library/PackageCache/com.unity.render-pipelines.universal@087c6d6dbb7d/Runtime/Data/UniversalRenderPipelineAsset.cs:427)
System.Reflection.RuntimeMethodInfo:Invoke (object,System.Reflection.BindingFlags,System.Reflection.Binder,object[],System.Globalization.CultureInfo)
System.Reflection.MethodBase:Invoke (object,object[])
UnityEditor.EditorAssemblies:ProcessInitializeOnLoadMethodAttributes ()

(Filename: ./Library/PackageCache/com.unity.render-pipelines.universal@087c6d6dbb7d/Runtime/Data/UniversalRenderPipelineAsset.cs Line: 427)

[Package Manager] Failed to launch server process. Reason: Unity was launched with the -noUpm command-line argument
[Package Manager] Unable to send message (not connected to server process).
[Package Manager] Cannot connect to Unity Package Manager local server
AssertionException: Error removing Draco for Unity WebGL sub-packages.. Failed fetching installed packages.
Assertion failure. Values are not equal.
Expected: Failure == Success
  at UnityEngine.Assertions.Assert.Fail (System.String message, System.String userMessage) [0x00043] in <612ea0208cc847f49d539e6511ed3cd5>:0 
  at UnityEngine.Assertions.Assert.AreEqual[T] (T expected, T actual, System.String message, System.Collections.Generic.IEqualityComparer`1[T] comparer) [0x0005f] in <612ea0208cc847f49d539e6511ed3cd5>:0 
  at UnityEngine.Assertions.Assert.AreEqual[T] (T expected, T actual, System.String message) [0x00009] in <612ea0208cc847f49d539e6511ed3cd5>:0 
  at SubPackage.SubPackageRemover.GetAllInstalledPackagesAsync (System.Double timeout) [0x000b7] in .\Library\PackageCache\com.unity.cloud.draco@2ad9855b1dfa\Editor\Scripts\SubPackage\SubPackageRemover.cs:79 
  at SubPackage.SubPackageRemover.TryRemoveObsoleteSubPackagesAsync () [0x0002a] in .\Library\PackageCache\com.unity.cloud.draco@2ad9855b1dfa\Editor\Scripts\SubPackage\SubPackageRemover.cs:33 
UnityEngine.DebugLogHandler:Internal_LogException_Injected(Exception, IntPtr)
UnityEngine.DebugLogHandler:Internal_LogException(Exception, Object)
UnityEngine.DebugLogHandler:LogException(Exception, Object)
UnityEngine.Logger:LogException(Exception, Object)
UnityEngine.Debug:LogException(Exception)
SubPackage.<TryRemoveObsoleteSubPackagesAsync>d__5:MoveNext() (at .\Library\PackageCache\com.unity.cloud.draco@2ad9855b1dfa\Editor\Scripts\SubPackage\SubPackageRemover.cs:50)
System.Runtime.CompilerServices.AsyncTaskMethodBuilder:Start(<TryRemoveObsoleteSubPackagesAsync>d__5&)
SubPackage.SubPackageRemover:TryRemoveObsoleteSubPackagesAsync()
System.Reflection.RuntimeMethodInfo:InternalInvoke(RuntimeMethodInfo, Object, Object[], Exception&)
System.Reflection.RuntimeMethodInfo:Invoke(Object, BindingFlags, Binder, Object[], CultureInfo)
System.Reflection.MethodBase:Invoke(Object, Object[])
UnityEditor.EditorAssemblies:ProcessInitializeOnLoadMethodAttributes()

(Filename: ./Library/PackageCache/com.unity.cloud.draco@2ad9855b1dfa/Editor/Scripts/SubPackage/SubPackageRemover.cs Line: 50)

Mono: successfully reloaded assembly
- Finished resetting the current domain, in  0.833 seconds
Domain Reload Profiling: 1819ms
	BeginReloadAssembly (348ms)
		ExecutionOrderSort (0ms)
		DisableScriptedObjects (6ms)
		BackupInstance (0ms)
		ReleaseScriptingObjects (0ms)
		CreateAndSetChildDomain (50ms)
	RebuildCommonClasses (38ms)
	RebuildNativeTypeToScriptingClass (10ms)
	initialDomainReloadingComplete (36ms)
	LoadAllAssembliesAndSetupDomain (553ms)
		LoadAssemblies (599ms)
		RebuildTransferFunctionScriptingTraits (0ms)
		AnalyzeDomain (203ms)
			TypeCache.Refresh (11ms)
				TypeCache.ScanAssembly (1ms)
			BuildScriptInfoCaches (178ms)
			ResolveRequiredComponents (9ms)
	FinalizeReload (833ms)
		ReleaseScriptCaches (0ms)
		RebuildScriptCaches (0ms)
		SetupLoadedEditorAssemblies (653ms)
			LogAssemblyErrors (0ms)
			InitializePlatformSupportModulesInManaged (25ms)
			SetLoadedEditorAssemblies (5ms)
			BeforeProcessingInitializeOnLoad (97ms)
			ProcessInitializeOnLoadAttributes (434ms)
			ProcessInitializeOnLoadMethodAttributes (84ms)
			AfterProcessingInitializeOnLoad (7ms)
			EditorAssembliesLoaded (0ms)
		ExecutionOrderSort2 (0ms)
		AwakeInstancesAfterBackupRestoration (13ms)
Refreshing native plugins compatible for Editor in 14.62 ms, found 6 plugins.
Preloading 1 native plugins for Editor in 0.16 ms.
Unloading 13 Unused Serialized files (Serialized files now loaded: 0)
Unloading 6915 unused Assets / (4.9 MB). Loaded Objects now: 7662.
Memory consumption went from 148.8 MB to 143.8 MB.
Total: 8.656800 ms (FindLiveObjects: 0.640600 ms CreateObjectMapping: 0.563100 ms MarkObjects: 3.940300 ms  DeleteObjects: 3.510800 ms)

Prepare: number of updated asset objects reloaded= 0
========================================================================
Received Prepare
Begin MonoManager ReloadAssembly
Symbol file LoadedFromMemory is not a mono symbol file
- Loaded All Assemblies, in  0.924 seconds
Refreshing native plugins compatible for Editor in 14.16 ms, found 6 plugins.
Native extension for iOS target not found
Native extension for Android target not found
Native extension for WindowsStandalone target not found
[Package Manager] Failed to launch server process. Reason: Unity was launched with the -noUpm command-line argument
[Package Manager] Unable to send message (not connected to server process).
[Package Manager] Cannot connect to Unity Package Manager local server
The project currently uses the compatibility mode where the Render Graph API is disabled. Support for this mode will be removed in future Unity versions. Migrate existing ScriptableRenderPasses to the new RenderGraph API. After the migration, disable the compatibility mode in Edit > Projects Settings > Graphics > Render Graph.
UnityEngine.Debug:ExtractStackTraceNoAlloc (byte*,int,string)
UnityEngine.StackTraceUtility:ExtractStackTrace ()
UnityEngine.DebugLogHandler:Internal_Log (UnityEngine.LogType,UnityEngine.LogOption,string,UnityEngine.Object)
UnityEngine.DebugLogHandler:LogFormat (UnityEngine.LogType,UnityEngine.Object,string,object[])
UnityEngine.Logger:Log (UnityEngine.LogType,object)
UnityEngine.Debug:LogWarning (object)
UnityEngine.Rendering.Universal.WarnUsingNonRenderGraph:EmitConsoleWarning () (at ./Library/PackageCache/com.unity.render-pipelines.universal@087c6d6dbb7d/Runtime/Data/UniversalRenderPipelineAsset.cs:427)
System.Reflection.RuntimeMethodInfo:Invoke (object,System.Reflection.BindingFlags,System.Reflection.Binder,object[],System.Globalization.CultureInfo)
System.Reflection.MethodBase:Invoke (object,object[])
UnityEditor.EditorAssemblies:ProcessInitializeOnLoadMethodAttributes ()

(Filename: ./Library/PackageCache/com.unity.render-pipelines.universal@087c6d6dbb7d/Runtime/Data/UniversalRenderPipelineAsset.cs Line: 427)

[Package Manager] Failed to launch server process. Reason: Unity was launched with the -noUpm command-line argument
[Package Manager] Unable to send message (not connected to server process).
[Package Manager] Cannot connect to Unity Package Manager local server
AssertionException: Error removing Draco for Unity WebGL sub-packages.. Failed fetching installed packages.
Assertion failure. Values are not equal.
Expected: Failure == Success
  at UnityEngine.Assertions.Assert.Fail (System.String message, System.String userMessage) [0x00043] in <612ea0208cc847f49d539e6511ed3cd5>:0 
  at UnityEngine.Assertions.Assert.AreEqual[T] (T expected, T actual, System.String message, System.Collections.Generic.IEqualityComparer`1[T] comparer) [0x0005f] in <612ea0208cc847f49d539e6511ed3cd5>:0 
  at UnityEngine.Assertions.Assert.AreEqual[T] (T expected, T actual, System.String message) [0x00009] in <612ea0208cc847f49d539e6511ed3cd5>:0 
  at SubPackage.SubPackageRemover.GetAllInstalledPackagesAsync (System.Double timeout) [0x000b7] in .\Library\PackageCache\com.unity.cloud.draco@2ad9855b1dfa\Editor\Scripts\SubPackage\SubPackageRemover.cs:79 
  at SubPackage.SubPackageRemover.TryRemoveObsoleteSubPackagesAsync () [0x0002a] in .\Library\PackageCache\com.unity.cloud.draco@2ad9855b1dfa\Editor\Scripts\SubPackage\SubPackageRemover.cs:33 
UnityEngine.DebugLogHandler:Internal_LogException_Injected(Exception, IntPtr)
UnityEngine.DebugLogHandler:Internal_LogException(Exception, Object)
UnityEngine.DebugLogHandler:LogException(Exception, Object)
UnityEngine.Logger:LogException(Exception, Object)
UnityEngine.Debug:LogException(Exception)
SubPackage.<TryRemoveObsoleteSubPackagesAsync>d__5:MoveNext() (at .\Library\PackageCache\com.unity.cloud.draco@2ad9855b1dfa\Editor\Scripts\SubPackage\SubPackageRemover.cs:50)
System.Runtime.CompilerServices.AsyncTaskMethodBuilder:Start(<TryRemoveObsoleteSubPackagesAsync>d__5&)
SubPackage.SubPackageRemover:TryRemoveObsoleteSubPackagesAsync()
System.Reflection.RuntimeMethodInfo:InternalInvoke(RuntimeMethodInfo, Object, Object[], Exception&)
System.Reflection.RuntimeMethodInfo:Invoke(Object, BindingFlags, Binder, Object[], CultureInfo)
System.Reflection.MethodBase:Invoke(Object, Object[])
UnityEditor.EditorAssemblies:ProcessInitializeOnLoadMethodAttributes()

(Filename: ./Library/PackageCache/com.unity.cloud.draco@2ad9855b1dfa/Editor/Scripts/SubPackage/SubPackageRemover.cs Line: 50)

Mono: successfully reloaded assembly
- Finished resetting the current domain, in  1.049 seconds
Domain Reload Profiling: 1971ms
	BeginReloadAssembly (301ms)
		ExecutionOrderSort (0ms)
		DisableScriptedObjects (5ms)
		BackupInstance (0ms)
		ReleaseScriptingObjects (0ms)
		CreateAndSetChildDomain (53ms)
	RebuildCommonClasses (39ms)
	RebuildNativeTypeToScriptingClass (10ms)
	initialDomainReloadingComplete (35ms)
	LoadAllAssembliesAndSetupDomain (536ms)
		LoadAssemblies (532ms)
		RebuildTransferFunctionScriptingTraits (0ms)
		AnalyzeDomain (206ms)
			TypeCache.Refresh (7ms)
				TypeCache.ScanAssembly (0ms)
			BuildScriptInfoCaches (186ms)
			ResolveRequiredComponents (9ms)
	FinalizeReload (1050ms)
		ReleaseScriptCaches (0ms)
		RebuildScriptCaches (0ms)
		SetupLoadedEditorAssemblies (870ms)
			LogAssemblyErrors (0ms)
			InitializePlatformSupportModulesInManaged (22ms)
			SetLoadedEditorAssemblies (5ms)
			BeforeProcessingInitializeOnLoad (100ms)
			ProcessInitializeOnLoadAttributes (649ms)
			ProcessInitializeOnLoadMethodAttributes (86ms)
			AfterProcessingInitializeOnLoad (8ms)
			EditorAssembliesLoaded (0ms)
		ExecutionOrderSort2 (0ms)
		AwakeInstancesAfterBackupRestoration (12ms)
Refreshing native plugins compatible for Editor in 15.69 ms, found 6 plugins.
Preloading 1 native plugins for Editor in 0.17 ms.
Unloading 13 Unused Serialized files (Serialized files now loaded: 0)
Unloading 6915 unused Assets / (4.9 MB). Loaded Objects now: 7665.
Memory consumption went from 148.8 MB to 143.9 MB.
Total: 7.860200 ms (FindLiveObjects: 0.783300 ms CreateObjectMapping: 0.577500 ms MarkObjects: 4.370500 ms  DeleteObjects: 2.128100 ms)

Prepare: number of updated asset objects reloaded= 0
========================================================================
Received Prepare
Begin MonoManager ReloadAssembly
Symbol file LoadedFromMemory is not a mono symbol file
- Loaded All Assemblies, in  0.931 seconds
Refreshing native plugins compatible for Editor in 13.95 ms, found 6 plugins.
Native extension for iOS target not found
Native extension for Android target not found
Native extension for WindowsStandalone target not found
[Package Manager] Failed to launch server process. Reason: Unity was launched with the -noUpm command-line argument
[Package Manager] Unable to send message (not connected to server process).
[Package Manager] Cannot connect to Unity Package Manager local server
The project currently uses the compatibility mode where the Render Graph API is disabled. Support for this mode will be removed in future Unity versions. Migrate existing ScriptableRenderPasses to the new RenderGraph API. After the migration, disable the compatibility mode in Edit > Projects Settings > Graphics > Render Graph.
UnityEngine.Debug:ExtractStackTraceNoAlloc (byte*,int,string)
UnityEngine.StackTraceUtility:ExtractStackTrace ()
UnityEngine.DebugLogHandler:Internal_Log (UnityEngine.LogType,UnityEngine.LogOption,string,UnityEngine.Object)
UnityEngine.DebugLogHandler:LogFormat (UnityEngine.LogType,UnityEngine.Object,string,object[])
UnityEngine.Logger:Log (UnityEngine.LogType,object)
UnityEngine.Debug:LogWarning (object)
UnityEngine.Rendering.Universal.WarnUsingNonRenderGraph:EmitConsoleWarning () (at ./Library/PackageCache/com.unity.render-pipelines.universal@087c6d6dbb7d/Runtime/Data/UniversalRenderPipelineAsset.cs:427)
System.Reflection.RuntimeMethodInfo:Invoke (object,System.Reflection.BindingFlags,System.Reflection.Binder,object[],System.Globalization.CultureInfo)
System.Reflection.MethodBase:Invoke (object,object[])
UnityEditor.EditorAssemblies:ProcessInitializeOnLoadMethodAttributes ()

(Filename: ./Library/PackageCache/com.unity.render-pipelines.universal@087c6d6dbb7d/Runtime/Data/UniversalRenderPipelineAsset.cs Line: 427)

[Package Manager] Failed to launch server process. Reason: Unity was launched with the -noUpm command-line argument
[Package Manager] Unable to send message (not connected to server process).
[Package Manager] Cannot connect to Unity Package Manager local server
AssertionException: Error removing Draco for Unity WebGL sub-packages.. Failed fetching installed packages.
Assertion failure. Values are not equal.
Expected: Failure == Success
  at UnityEngine.Assertions.Assert.Fail (System.String message, System.String userMessage) [0x00043] in <612ea0208cc847f49d539e6511ed3cd5>:0 
  at UnityEngine.Assertions.Assert.AreEqual[T] (T expected, T actual, System.String message, System.Collections.Generic.IEqualityComparer`1[T] comparer) [0x0005f] in <612ea0208cc847f49d539e6511ed3cd5>:0 
  at UnityEngine.Assertions.Assert.AreEqual[T] (T expected, T actual, System.String message) [0x00009] in <612ea0208cc847f49d539e6511ed3cd5>:0 
  at SubPackage.SubPackageRemover.GetAllInstalledPackagesAsync (System.Double timeout) [0x000b7] in .\Library\PackageCache\com.unity.cloud.draco@2ad9855b1dfa\Editor\Scripts\SubPackage\SubPackageRemover.cs:79 
  at SubPackage.SubPackageRemover.TryRemoveObsoleteSubPackagesAsync () [0x0002a] in .\Library\PackageCache\com.unity.cloud.draco@2ad9855b1dfa\Editor\Scripts\SubPackage\SubPackageRemover.cs:33 
UnityEngine.DebugLogHandler:Internal_LogException_Injected(Exception, IntPtr)
UnityEngine.DebugLogHandler:Internal_LogException(Exception, Object)
UnityEngine.DebugLogHandler:LogException(Exception, Object)
UnityEngine.Logger:LogException(Exception, Object)
UnityEngine.Debug:LogException(Exception)
SubPackage.<TryRemoveObsoleteSubPackagesAsync>d__5:MoveNext() (at .\Library\PackageCache\com.unity.cloud.draco@2ad9855b1dfa\Editor\Scripts\SubPackage\SubPackageRemover.cs:50)
System.Runtime.CompilerServices.AsyncTaskMethodBuilder:Start(<TryRemoveObsoleteSubPackagesAsync>d__5&)
SubPackage.SubPackageRemover:TryRemoveObsoleteSubPackagesAsync()
System.Reflection.RuntimeMethodInfo:InternalInvoke(RuntimeMethodInfo, Object, Object[], Exception&)
System.Reflection.RuntimeMethodInfo:Invoke(Object, BindingFlags, Binder, Object[], CultureInfo)
System.Reflection.MethodBase:Invoke(Object, Object[])
UnityEditor.EditorAssemblies:ProcessInitializeOnLoadMethodAttributes()

(Filename: ./Library/PackageCache/com.unity.cloud.draco@2ad9855b1dfa/Editor/Scripts/SubPackage/SubPackageRemover.cs Line: 50)

Mono: successfully reloaded assembly
- Finished resetting the current domain, in  1.012 seconds
Domain Reload Profiling: 1941ms
	BeginReloadAssembly (303ms)
		ExecutionOrderSort (0ms)
		DisableScriptedObjects (6ms)
		BackupInstance (0ms)
		ReleaseScriptingObjects (0ms)
		CreateAndSetChildDomain (45ms)
	RebuildCommonClasses (37ms)
	RebuildNativeTypeToScriptingClass (11ms)
	initialDomainReloadingComplete (35ms)
	LoadAllAssembliesAndSetupDomain (543ms)
		LoadAssemblies (558ms)
		RebuildTransferFunctionScriptingTraits (0ms)
		AnalyzeDomain (197ms)
			TypeCache.Refresh (8ms)
				TypeCache.ScanAssembly (0ms)
			BuildScriptInfoCaches (177ms)
			ResolveRequiredComponents (8ms)
	FinalizeReload (1012ms)
		ReleaseScriptCaches (0ms)
		RebuildScriptCaches (0ms)
		SetupLoadedEditorAssemblies (832ms)
			LogAssemblyErrors (0ms)
			InitializePlatformSupportModulesInManaged (22ms)
			SetLoadedEditorAssemblies (4ms)
			BeforeProcessingInitializeOnLoad (96ms)
			ProcessInitializeOnLoadAttributes (604ms)
			ProcessInitializeOnLoadMethodAttributes (96ms)
			AfterProcessingInitializeOnLoad (9ms)
			EditorAssembliesLoaded (0ms)
		ExecutionOrderSort2 (0ms)
		AwakeInstancesAfterBackupRestoration (14ms)
Refreshing native plugins compatible for Editor in 18.16 ms, found 6 plugins.
Preloading 1 native plugins for Editor in 0.15 ms.
Unloading 13 Unused Serialized files (Serialized files now loaded: 0)
Unloading 6915 unused Assets / (5.3 MB). Loaded Objects now: 7668.
Memory consumption went from 148.8 MB to 143.5 MB.
Total: 9.236800 ms (FindLiveObjects: 0.648100 ms CreateObjectMapping: 0.622200 ms MarkObjects: 4.961100 ms  DeleteObjects: 3.004200 ms)

Prepare: number of updated asset objects reloaded= 0
========================================================================
Received Prepare
Refreshing native plugins compatible for Editor in 14.63 ms, found 6 plugins.
Preloading 1 native plugins for Editor in 0.14 ms.
Unloading 13 Unused Serialized files (Serialized files now loaded: 0)
Unloading 13 unused Assets / (2.2 MB). Loaded Objects now: 7668.
Memory consumption went from 143.7 MB to 141.4 MB.
Total: 4.988100 ms (FindLiveObjects: 0.329700 ms CreateObjectMapping: 0.199200 ms MarkObjects: 4.059400 ms  DeleteObjects: 0.398800 ms)

Prepare: number of updated asset objects reloaded= 0
========================================================================
Received Prepare
Begin MonoManager ReloadAssembly
Symbol file LoadedFromMemory is not a mono symbol file
- Loaded All Assemblies, in  1.055 seconds
Refreshing native plugins compatible for Editor in 14.42 ms, found 6 plugins.
Native extension for iOS target not found
Native extension for Android target not found
Native extension for WindowsStandalone target not found
[Package Manager] Failed to launch server process. Reason: Unity was launched with the -noUpm command-line argument
[Package Manager] Unable to send message (not connected to server process).
[Package Manager] Cannot connect to Unity Package Manager local server
The project currently uses the compatibility mode where the Render Graph API is disabled. Support for this mode will be removed in future Unity versions. Migrate existing ScriptableRenderPasses to the new RenderGraph API. After the migration, disable the compatibility mode in Edit > Projects Settings > Graphics > Render Graph.
UnityEngine.Debug:ExtractStackTraceNoAlloc (byte*,int,string)
UnityEngine.StackTraceUtility:ExtractStackTrace ()
UnityEngine.DebugLogHandler:Internal_Log (UnityEngine.LogType,UnityEngine.LogOption,string,UnityEngine.Object)
UnityEngine.DebugLogHandler:LogFormat (UnityEngine.LogType,UnityEngine.Object,string,object[])
UnityEngine.Logger:Log (UnityEngine.LogType,object)
UnityEngine.Debug:LogWarning (object)
UnityEngine.Rendering.Universal.WarnUsingNonRenderGraph:EmitConsoleWarning () (at ./Library/PackageCache/com.unity.render-pipelines.universal@087c6d6dbb7d/Runtime/Data/UniversalRenderPipelineAsset.cs:427)
System.Reflection.RuntimeMethodInfo:Invoke (object,System.Reflection.BindingFlags,System.Reflection.Binder,object[],System.Globalization.CultureInfo)
System.Reflection.MethodBase:Invoke (object,object[])
UnityEditor.EditorAssemblies:ProcessInitializeOnLoadMethodAttributes ()

(Filename: ./Library/PackageCache/com.unity.render-pipelines.universal@087c6d6dbb7d/Runtime/Data/UniversalRenderPipelineAsset.cs Line: 427)

[Package Manager] Failed to launch server process. Reason: Unity was launched with the -noUpm command-line argument
[Package Manager] Unable to send message (not connected to server process).
[Package Manager] Cannot connect to Unity Package Manager local server
AssertionException: Error removing Draco for Unity WebGL sub-packages.. Failed fetching installed packages.
Assertion failure. Values are not equal.
Expected: Failure == Success
  at UnityEngine.Assertions.Assert.Fail (System.String message, System.String userMessage) [0x00043] in <612ea0208cc847f49d539e6511ed3cd5>:0 
  at UnityEngine.Assertions.Assert.AreEqual[T] (T expected, T actual, System.String message, System.Collections.Generic.IEqualityComparer`1[T] comparer) [0x0005f] in <612ea0208cc847f49d539e6511ed3cd5>:0 
  at UnityEngine.Assertions.Assert.AreEqual[T] (T expected, T actual, System.String message) [0x00009] in <612ea0208cc847f49d539e6511ed3cd5>:0 
  at SubPackage.SubPackageRemover.GetAllInstalledPackagesAsync (System.Double timeout) [0x000b7] in .\Library\PackageCache\com.unity.cloud.draco@2ad9855b1dfa\Editor\Scripts\SubPackage\SubPackageRemover.cs:79 
  at SubPackage.SubPackageRemover.TryRemoveObsoleteSubPackagesAsync () [0x0002a] in .\Library\PackageCache\com.unity.cloud.draco@2ad9855b1dfa\Editor\Scripts\SubPackage\SubPackageRemover.cs:33 
UnityEngine.DebugLogHandler:Internal_LogException_Injected(Exception, IntPtr)
UnityEngine.DebugLogHandler:Internal_LogException(Exception, Object)
UnityEngine.DebugLogHandler:LogException(Exception, Object)
UnityEngine.Logger:LogException(Exception, Object)
UnityEngine.Debug:LogException(Exception)
SubPackage.<TryRemoveObsoleteSubPackagesAsync>d__5:MoveNext() (at .\Library\PackageCache\com.unity.cloud.draco@2ad9855b1dfa\Editor\Scripts\SubPackage\SubPackageRemover.cs:50)
System.Runtime.CompilerServices.AsyncTaskMethodBuilder:Start(<TryRemoveObsoleteSubPackagesAsync>d__5&)
SubPackage.SubPackageRemover:TryRemoveObsoleteSubPackagesAsync()
System.Reflection.RuntimeMethodInfo:InternalInvoke(RuntimeMethodInfo, Object, Object[], Exception&)
System.Reflection.RuntimeMethodInfo:Invoke(Object, BindingFlags, Binder, Object[], CultureInfo)
System.Reflection.MethodBase:Invoke(Object, Object[])
UnityEditor.EditorAssemblies:ProcessInitializeOnLoadMethodAttributes()

(Filename: ./Library/PackageCache/com.unity.cloud.draco@2ad9855b1dfa/Editor/Scripts/SubPackage/SubPackageRemover.cs Line: 50)

Mono: successfully reloaded assembly
- Finished resetting the current domain, in  1.046 seconds
Domain Reload Profiling: 2099ms
	BeginReloadAssembly (423ms)
		ExecutionOrderSort (0ms)
		DisableScriptedObjects (8ms)
		BackupInstance (0ms)
		ReleaseScriptingObjects (0ms)
		CreateAndSetChildDomain (55ms)
	RebuildCommonClasses (37ms)
	RebuildNativeTypeToScriptingClass (11ms)
	initialDomainReloadingComplete (37ms)
	LoadAllAssembliesAndSetupDomain (544ms)
		LoadAssemblies (565ms)
		RebuildTransferFunctionScriptingTraits (0ms)
		AnalyzeDomain (192ms)
			TypeCache.Refresh (7ms)
				TypeCache.ScanAssembly (0ms)
			BuildScriptInfoCaches (173ms)
			ResolveRequiredComponents (8ms)
	FinalizeReload (1047ms)
		ReleaseScriptCaches (0ms)
		RebuildScriptCaches (0ms)
		SetupLoadedEditorAssemblies (875ms)
			LogAssemblyErrors (0ms)
			InitializePlatformSupportModulesInManaged (24ms)
			SetLoadedEditorAssemblies (4ms)
			BeforeProcessingInitializeOnLoad (116ms)
			ProcessInitializeOnLoadAttributes (634ms)
			ProcessInitializeOnLoadMethodAttributes (88ms)
			AfterProcessingInitializeOnLoad (8ms)
			EditorAssembliesLoaded (0ms)
		ExecutionOrderSort2 (0ms)
		AwakeInstancesAfterBackupRestoration (13ms)
Refreshing native plugins compatible for Editor in 17.26 ms, found 6 plugins.
Preloading 1 native plugins for Editor in 0.16 ms.
Unloading 13 Unused Serialized files (Serialized files now loaded: 0)
Unloading 6915 unused Assets / (5.3 MB). Loaded Objects now: 7671.
Memory consumption went from 148.8 MB to 143.5 MB.
Total: 8.782200 ms (FindLiveObjects: 0.621300 ms CreateObjectMapping: 0.577900 ms MarkObjects: 4.392200 ms  DeleteObjects: 3.189700 ms)

Prepare: number of updated asset objects reloaded= 0
========================================================================
Received Prepare
Refreshing native plugins compatible for Editor in 16.89 ms, found 6 plugins.
Preloading 1 native plugins for Editor in 0.14 ms.
Unloading 15 Unused Serialized files (Serialized files now loaded: 0)
Unloading 6873 unused Assets / (4.6 MB). Loaded Objects now: 7673.
Memory consumption went from 148.7 MB to 144.2 MB.
Total: 9.493800 ms (FindLiveObjects: 0.812000 ms CreateObjectMapping: 0.738900 ms MarkObjects: 5.197500 ms  DeleteObjects: 2.744000 ms)

Prepare: number of updated asset objects reloaded= 0
========================================================================
Received Prepare
Refreshing native plugins compatible for Editor in 21.22 ms, found 6 plugins.
Preloading 1 native plugins for Editor in 0.16 ms.
Unloading 13 Unused Serialized files (Serialized files now loaded: 0)
Unloading 13 unused Assets / (2.2 MB). Loaded Objects now: 7673.
Memory consumption went from 143.7 MB to 141.4 MB.
Total: 6.247900 ms (FindLiveObjects: 0.563200 ms CreateObjectMapping: 0.549100 ms MarkObjects: 4.552000 ms  DeleteObjects: 0.582200 ms)

Prepare: number of updated asset objects reloaded= 0
========================================================================
Received Prepare
Begin MonoManager ReloadAssembly
Symbol file LoadedFromMemory is not a mono symbol file
- Loaded All Assemblies, in  0.985 seconds
Refreshing native plugins compatible for Editor in 13.94 ms, found 6 plugins.
Native extension for iOS target not found
Native extension for Android target not found
Native extension for WindowsStandalone target not found
[Package Manager] Failed to launch server process. Reason: Unity was launched with the -noUpm command-line argument
[Package Manager] Unable to send message (not connected to server process).
[Package Manager] Cannot connect to Unity Package Manager local server
The project currently uses the compatibility mode where the Render Graph API is disabled. Support for this mode will be removed in future Unity versions. Migrate existing ScriptableRenderPasses to the new RenderGraph API. After the migration, disable the compatibility mode in Edit > Projects Settings > Graphics > Render Graph.
UnityEngine.Debug:ExtractStackTraceNoAlloc (byte*,int,string)
UnityEngine.StackTraceUtility:ExtractStackTrace ()
UnityEngine.DebugLogHandler:Internal_Log (UnityEngine.LogType,UnityEngine.LogOption,string,UnityEngine.Object)
UnityEngine.DebugLogHandler:LogFormat (UnityEngine.LogType,UnityEngine.Object,string,object[])
UnityEngine.Logger:Log (UnityEngine.LogType,object)
UnityEngine.Debug:LogWarning (object)
UnityEngine.Rendering.Universal.WarnUsingNonRenderGraph:EmitConsoleWarning () (at ./Library/PackageCache/com.unity.render-pipelines.universal@087c6d6dbb7d/Runtime/Data/UniversalRenderPipelineAsset.cs:427)
System.Reflection.RuntimeMethodInfo:Invoke (object,System.Reflection.BindingFlags,System.Reflection.Binder,object[],System.Globalization.CultureInfo)
System.Reflection.MethodBase:Invoke (object,object[])
UnityEditor.EditorAssemblies:ProcessInitializeOnLoadMethodAttributes ()

(Filename: ./Library/PackageCache/com.unity.render-pipelines.universal@087c6d6dbb7d/Runtime/Data/UniversalRenderPipelineAsset.cs Line: 427)

[Package Manager] Failed to launch server process. Reason: Unity was launched with the -noUpm command-line argument
[Package Manager] Unable to send message (not connected to server process).
[Package Manager] Cannot connect to Unity Package Manager local server
AssertionException: Error removing Draco for Unity WebGL sub-packages.. Failed fetching installed packages.
Assertion failure. Values are not equal.
Expected: Failure == Success
  at UnityEngine.Assertions.Assert.Fail (System.String message, System.String userMessage) [0x00043] in <612ea0208cc847f49d539e6511ed3cd5>:0 
  at UnityEngine.Assertions.Assert.AreEqual[T] (T expected, T actual, System.String message, System.Collections.Generic.IEqualityComparer`1[T] comparer) [0x0005f] in <612ea0208cc847f49d539e6511ed3cd5>:0 
  at UnityEngine.Assertions.Assert.AreEqual[T] (T expected, T actual, System.String message) [0x00009] in <612ea0208cc847f49d539e6511ed3cd5>:0 
  at SubPackage.SubPackageRemover.GetAllInstalledPackagesAsync (System.Double timeout) [0x000b7] in .\Library\PackageCache\com.unity.cloud.draco@2ad9855b1dfa\Editor\Scripts\SubPackage\SubPackageRemover.cs:79 
  at SubPackage.SubPackageRemover.TryRemoveObsoleteSubPackagesAsync () [0x0002a] in .\Library\PackageCache\com.unity.cloud.draco@2ad9855b1dfa\Editor\Scripts\SubPackage\SubPackageRemover.cs:33 
UnityEngine.DebugLogHandler:Internal_LogException_Injected(Exception, IntPtr)
UnityEngine.DebugLogHandler:Internal_LogException(Exception, Object)
UnityEngine.DebugLogHandler:LogException(Exception, Object)
UnityEngine.Logger:LogException(Exception, Object)
UnityEngine.Debug:LogException(Exception)
SubPackage.<TryRemoveObsoleteSubPackagesAsync>d__5:MoveNext() (at .\Library\PackageCache\com.unity.cloud.draco@2ad9855b1dfa\Editor\Scripts\SubPackage\SubPackageRemover.cs:50)
System.Runtime.CompilerServices.AsyncTaskMethodBuilder:Start(<TryRemoveObsoleteSubPackagesAsync>d__5&)
SubPackage.SubPackageRemover:TryRemoveObsoleteSubPackagesAsync()
System.Reflection.RuntimeMethodInfo:InternalInvoke(RuntimeMethodInfo, Object, Object[], Exception&)
System.Reflection.RuntimeMethodInfo:Invoke(Object, BindingFlags, Binder, Object[], CultureInfo)
System.Reflection.MethodBase:Invoke(Object, Object[])
UnityEditor.EditorAssemblies:ProcessInitializeOnLoadMethodAttributes()

(Filename: ./Library/PackageCache/com.unity.cloud.draco@2ad9855b1dfa/Editor/Scripts/SubPackage/SubPackageRemover.cs Line: 50)

Mono: successfully reloaded assembly
- Finished resetting the current domain, in  0.805 seconds
Domain Reload Profiling: 1787ms
	BeginReloadAssembly (333ms)
		ExecutionOrderSort (0ms)
		DisableScriptedObjects (6ms)
		BackupInstance (0ms)
		ReleaseScriptingObjects (0ms)
		CreateAndSetChildDomain (52ms)
	RebuildCommonClasses (43ms)
	RebuildNativeTypeToScriptingClass (11ms)
	initialDomainReloadingComplete (37ms)
	LoadAllAssembliesAndSetupDomain (557ms)
		LoadAssemblies (578ms)
		RebuildTransferFunctionScriptingTraits (0ms)
		AnalyzeDomain (209ms)
			TypeCache.Refresh (9ms)
				TypeCache.ScanAssembly (0ms)
			BuildScriptInfoCaches (188ms)
			ResolveRequiredComponents (8ms)
	FinalizeReload (805ms)
		ReleaseScriptCaches (0ms)
		RebuildScriptCaches (0ms)
		SetupLoadedEditorAssemblies (629ms)
			LogAssemblyErrors (0ms)
			InitializePlatformSupportModulesInManaged (21ms)
			SetLoadedEditorAssemblies (4ms)
			BeforeProcessingInitializeOnLoad (96ms)
			ProcessInitializeOnLoadAttributes (421ms)
			ProcessInitializeOnLoadMethodAttributes (80ms)
			AfterProcessingInitializeOnLoad (7ms)
			EditorAssembliesLoaded (0ms)
		ExecutionOrderSort2 (0ms)
		AwakeInstancesAfterBackupRestoration (12ms)
Refreshing native plugins compatible for Editor in 13.41 ms, found 6 plugins.
Preloading 1 native plugins for Editor in 0.14 ms.
Unloading 13 Unused Serialized files (Serialized files now loaded: 0)
Unloading 6915 unused Assets / (4.7 MB). Loaded Objects now: 7676.
Memory consumption went from 148.8 MB to 144.1 MB.
Total: 6.523800 ms (FindLiveObjects: 0.569800 ms CreateObjectMapping: 0.501200 ms MarkObjects: 3.502900 ms  DeleteObjects: 1.949200 ms)

Prepare: number of updated asset objects reloaded= 0
========================================================================
Received Prepare
Begin MonoManager ReloadAssembly
Symbol file LoadedFromMemory is not a mono symbol file
- Loaded All Assemblies, in  1.033 seconds
Refreshing native plugins compatible for Editor in 13.96 ms, found 6 plugins.
Native extension for iOS target not found
Native extension for Android target not found
Native extension for WindowsStandalone target not found
[Package Manager] Failed to launch server process. Reason: Unity was launched with the -noUpm command-line argument
[Package Manager] Unable to send message (not connected to server process).
[Package Manager] Cannot connect to Unity Package Manager local server
The project currently uses the compatibility mode where the Render Graph API is disabled. Support for this mode will be removed in future Unity versions. Migrate existing ScriptableRenderPasses to the new RenderGraph API. After the migration, disable the compatibility mode in Edit > Projects Settings > Graphics > Render Graph.
UnityEngine.Debug:ExtractStackTraceNoAlloc (byte*,int,string)
UnityEngine.StackTraceUtility:ExtractStackTrace ()
UnityEngine.DebugLogHandler:Internal_Log (UnityEngine.LogType,UnityEngine.LogOption,string,UnityEngine.Object)
UnityEngine.DebugLogHandler:LogFormat (UnityEngine.LogType,UnityEngine.Object,string,object[])
UnityEngine.Logger:Log (UnityEngine.LogType,object)
UnityEngine.Debug:LogWarning (object)
UnityEngine.Rendering.Universal.WarnUsingNonRenderGraph:EmitConsoleWarning () (at ./Library/PackageCache/com.unity.render-pipelines.universal@087c6d6dbb7d/Runtime/Data/UniversalRenderPipelineAsset.cs:427)
System.Reflection.RuntimeMethodInfo:Invoke (object,System.Reflection.BindingFlags,System.Reflection.Binder,object[],System.Globalization.CultureInfo)
System.Reflection.MethodBase:Invoke (object,object[])
UnityEditor.EditorAssemblies:ProcessInitializeOnLoadMethodAttributes ()

(Filename: ./Library/PackageCache/com.unity.render-pipelines.universal@087c6d6dbb7d/Runtime/Data/UniversalRenderPipelineAsset.cs Line: 427)

[Package Manager] Failed to launch server process. Reason: Unity was launched with the -noUpm command-line argument
[Package Manager] Unable to send message (not connected to server process).
[Package Manager] Cannot connect to Unity Package Manager local server
AssertionException: Error removing Draco for Unity WebGL sub-packages.. Failed fetching installed packages.
Assertion failure. Values are not equal.
Expected: Failure == Success
  at UnityEngine.Assertions.Assert.Fail (System.String message, System.String userMessage) [0x00043] in <612ea0208cc847f49d539e6511ed3cd5>:0 
  at UnityEngine.Assertions.Assert.AreEqual[T] (T expected, T actual, System.String message, System.Collections.Generic.IEqualityComparer`1[T] comparer) [0x0005f] in <612ea0208cc847f49d539e6511ed3cd5>:0 
  at UnityEngine.Assertions.Assert.AreEqual[T] (T expected, T actual, System.String message) [0x00009] in <612ea0208cc847f49d539e6511ed3cd5>:0 
  at SubPackage.SubPackageRemover.GetAllInstalledPackagesAsync (System.Double timeout) [0x000b7] in .\Library\PackageCache\com.unity.cloud.draco@2ad9855b1dfa\Editor\Scripts\SubPackage\SubPackageRemover.cs:79 
  at SubPackage.SubPackageRemover.TryRemoveObsoleteSubPackagesAsync () [0x0002a] in .\Library\PackageCache\com.unity.cloud.draco@2ad9855b1dfa\Editor\Scripts\SubPackage\SubPackageRemover.cs:33 
UnityEngine.DebugLogHandler:Internal_LogException_Injected(Exception, IntPtr)
UnityEngine.DebugLogHandler:Internal_LogException(Exception, Object)
UnityEngine.DebugLogHandler:LogException(Exception, Object)
UnityEngine.Logger:LogException(Exception, Object)
UnityEngine.Debug:LogException(Exception)
SubPackage.<TryRemoveObsoleteSubPackagesAsync>d__5:MoveNext() (at .\Library\PackageCache\com.unity.cloud.draco@2ad9855b1dfa\Editor\Scripts\SubPackage\SubPackageRemover.cs:50)
System.Runtime.CompilerServices.AsyncTaskMethodBuilder:Start(<TryRemoveObsoleteSubPackagesAsync>d__5&)
SubPackage.SubPackageRemover:TryRemoveObsoleteSubPackagesAsync()
System.Reflection.RuntimeMethodInfo:InternalInvoke(RuntimeMethodInfo, Object, Object[], Exception&)
System.Reflection.RuntimeMethodInfo:Invoke(Object, BindingFlags, Binder, Object[], CultureInfo)
System.Reflection.MethodBase:Invoke(Object, Object[])
UnityEditor.EditorAssemblies:ProcessInitializeOnLoadMethodAttributes()

(Filename: ./Library/PackageCache/com.unity.cloud.draco@2ad9855b1dfa/Editor/Scripts/SubPackage/SubPackageRemover.cs Line: 50)

Mono: successfully reloaded assembly
- Finished resetting the current domain, in  1.102 seconds
Domain Reload Profiling: 2133ms
	BeginReloadAssembly (384ms)
		ExecutionOrderSort (0ms)
		DisableScriptedObjects (5ms)
		BackupInstance (0ms)
		ReleaseScriptingObjects (0ms)
		CreateAndSetChildDomain (49ms)
	RebuildCommonClasses (37ms)
	RebuildNativeTypeToScriptingClass (10ms)
	initialDomainReloadingComplete (36ms)
	LoadAllAssembliesAndSetupDomain (563ms)
		LoadAssemblies (645ms)
		RebuildTransferFunctionScriptingTraits (0ms)
		AnalyzeDomain (202ms)
			TypeCache.Refresh (7ms)
				TypeCache.ScanAssembly (0ms)
			BuildScriptInfoCaches (183ms)
			ResolveRequiredComponents (8ms)
	FinalizeReload (1102ms)
		ReleaseScriptCaches (0ms)
		RebuildScriptCaches (0ms)
		SetupLoadedEditorAssemblies (919ms)
			LogAssemblyErrors (0ms)
			InitializePlatformSupportModulesInManaged (21ms)
			SetLoadedEditorAssemblies (4ms)
			BeforeProcessingInitializeOnLoad (134ms)
			ProcessInitializeOnLoadAttributes (660ms)
			ProcessInitializeOnLoadMethodAttributes (92ms)
			AfterProcessingInitializeOnLoad (7ms)
			EditorAssembliesLoaded (0ms)
		ExecutionOrderSort2 (0ms)
		AwakeInstancesAfterBackupRestoration (14ms)
Refreshing native plugins compatible for Editor in 15.09 ms, found 6 plugins.
Preloading 1 native plugins for Editor in 0.15 ms.
Unloading 13 Unused Serialized files (Serialized files now loaded: 0)
Unloading 6915 unused Assets / (4.8 MB). Loaded Objects now: 7679.
Memory consumption went from 148.8 MB to 144.0 MB.
Total: 9.497400 ms (FindLiveObjects: 0.766600 ms CreateObjectMapping: 0.770400 ms MarkObjects: 5.713000 ms  DeleteObjects: 2.246700 ms)

Prepare: number of updated asset objects reloaded= 0
========================================================================
Received Prepare
Refreshing native plugins compatible for Editor in 13.79 ms, found 6 plugins.
Preloading 1 native plugins for Editor in 0.18 ms.
Unloading 13 Unused Serialized files (Serialized files now loaded: 0)
Unloading 6873 unused Assets / (5.2 MB). Loaded Objects now: 7679.
Memory consumption went from 148.7 MB to 143.5 MB.
Total: 8.853800 ms (FindLiveObjects: 0.579300 ms CreateObjectMapping: 0.502700 ms MarkObjects: 4.903900 ms  DeleteObjects: 2.866500 ms)

Prepare: number of updated asset objects reloaded= 0
========================================================================
Received Prepare
Refreshing native plugins compatible for Editor in 14.40 ms, found 6 plugins.
Preloading 1 native plugins for Editor in 0.17 ms.
Unloading 13 Unused Serialized files (Serialized files now loaded: 0)
Unloading 6873 unused Assets / (5.1 MB). Loaded Objects now: 7679.
Memory consumption went from 148.7 MB to 143.6 MB.
Total: 7.625800 ms (FindLiveObjects: 0.688300 ms CreateObjectMapping: 0.623700 ms MarkObjects: 3.891700 ms  DeleteObjects: 2.421000 ms)

Prepare: number of updated asset objects reloaded= 0
========================================================================
Received Prepare
Begin MonoManager ReloadAssembly
Symbol file LoadedFromMemory is not a mono symbol file
- Loaded All Assemblies, in  0.990 seconds
Refreshing native plugins compatible for Editor in 14.77 ms, found 6 plugins.
Native extension for iOS target not found
Native extension for Android target not found
Native extension for WindowsStandalone target not found
[Package Manager] Failed to launch server process. Reason: Unity was launched with the -noUpm command-line argument
[Package Manager] Unable to send message (not connected to server process).
[Package Manager] Cannot connect to Unity Package Manager local server
The project currently uses the compatibility mode where the Render Graph API is disabled. Support for this mode will be removed in future Unity versions. Migrate existing ScriptableRenderPasses to the new RenderGraph API. After the migration, disable the compatibility mode in Edit > Projects Settings > Graphics > Render Graph.
UnityEngine.Debug:ExtractStackTraceNoAlloc (byte*,int,string)
UnityEngine.StackTraceUtility:ExtractStackTrace ()
UnityEngine.DebugLogHandler:Internal_Log (UnityEngine.LogType,UnityEngine.LogOption,string,UnityEngine.Object)
UnityEngine.DebugLogHandler:LogFormat (UnityEngine.LogType,UnityEngine.Object,string,object[])
UnityEngine.Logger:Log (UnityEngine.LogType,object)
UnityEngine.Debug:LogWarning (object)
UnityEngine.Rendering.Universal.WarnUsingNonRenderGraph:EmitConsoleWarning () (at ./Library/PackageCache/com.unity.render-pipelines.universal@087c6d6dbb7d/Runtime/Data/UniversalRenderPipelineAsset.cs:427)
System.Reflection.RuntimeMethodInfo:Invoke (object,System.Reflection.BindingFlags,System.Reflection.Binder,object[],System.Globalization.CultureInfo)
System.Reflection.MethodBase:Invoke (object,object[])
UnityEditor.EditorAssemblies:ProcessInitializeOnLoadMethodAttributes ()

(Filename: ./Library/PackageCache/com.unity.render-pipelines.universal@087c6d6dbb7d/Runtime/Data/UniversalRenderPipelineAsset.cs Line: 427)

[Package Manager] Failed to launch server process. Reason: Unity was launched with the -noUpm command-line argument
[Package Manager] Unable to send message (not connected to server process).
[Package Manager] Cannot connect to Unity Package Manager local server
AssertionException: Error removing Draco for Unity WebGL sub-packages.. Failed fetching installed packages.
Assertion failure. Values are not equal.
Expected: Failure == Success
  at UnityEngine.Assertions.Assert.Fail (System.String message, System.String userMessage) [0x00043] in <612ea0208cc847f49d539e6511ed3cd5>:0 
  at UnityEngine.Assertions.Assert.AreEqual[T] (T expected, T actual, System.String message, System.Collections.Generic.IEqualityComparer`1[T] comparer) [0x0005f] in <612ea0208cc847f49d539e6511ed3cd5>:0 
  at UnityEngine.Assertions.Assert.AreEqual[T] (T expected, T actual, System.String message) [0x00009] in <612ea0208cc847f49d539e6511ed3cd5>:0 
  at SubPackage.SubPackageRemover.GetAllInstalledPackagesAsync (System.Double timeout) [0x000b7] in .\Library\PackageCache\com.unity.cloud.draco@2ad9855b1dfa\Editor\Scripts\SubPackage\SubPackageRemover.cs:79 
  at SubPackage.SubPackageRemover.TryRemoveObsoleteSubPackagesAsync () [0x0002a] in .\Library\PackageCache\com.unity.cloud.draco@2ad9855b1dfa\Editor\Scripts\SubPackage\SubPackageRemover.cs:33 
UnityEngine.DebugLogHandler:Internal_LogException_Injected(Exception, IntPtr)
UnityEngine.DebugLogHandler:Internal_LogException(Exception, Object)
UnityEngine.DebugLogHandler:LogException(Exception, Object)
UnityEngine.Logger:LogException(Exception, Object)
UnityEngine.Debug:LogException(Exception)
SubPackage.<TryRemoveObsoleteSubPackagesAsync>d__5:MoveNext() (at .\Library\PackageCache\com.unity.cloud.draco@2ad9855b1dfa\Editor\Scripts\SubPackage\SubPackageRemover.cs:50)
System.Runtime.CompilerServices.AsyncTaskMethodBuilder:Start(<TryRemoveObsoleteSubPackagesAsync>d__5&)
SubPackage.SubPackageRemover:TryRemoveObsoleteSubPackagesAsync()
System.Reflection.RuntimeMethodInfo:InternalInvoke(RuntimeMethodInfo, Object, Object[], Exception&)
System.Reflection.RuntimeMethodInfo:Invoke(Object, BindingFlags, Binder, Object[], CultureInfo)
System.Reflection.MethodBase:Invoke(Object, Object[])
UnityEditor.EditorAssemblies:ProcessInitializeOnLoadMethodAttributes()

(Filename: ./Library/PackageCache/com.unity.cloud.draco@2ad9855b1dfa/Editor/Scripts/SubPackage/SubPackageRemover.cs Line: 50)

Mono: successfully reloaded assembly
- Finished resetting the current domain, in  1.123 seconds
Domain Reload Profiling: 2111ms
	BeginReloadAssembly (362ms)
		ExecutionOrderSort (0ms)
		DisableScriptedObjects (6ms)
		BackupInstance (0ms)
		ReleaseScriptingObjects (0ms)
		CreateAndSetChildDomain (56ms)
	RebuildCommonClasses (38ms)
	RebuildNativeTypeToScriptingClass (13ms)
	initialDomainReloadingComplete (35ms)
	LoadAllAssembliesAndSetupDomain (539ms)
		LoadAssemblies (584ms)
		RebuildTransferFunctionScriptingTraits (0ms)
		AnalyzeDomain (209ms)
			TypeCache.Refresh (10ms)
				TypeCache.ScanAssembly (0ms)
			BuildScriptInfoCaches (186ms)
			ResolveRequiredComponents (8ms)
	FinalizeReload (1123ms)
		ReleaseScriptCaches (0ms)
		RebuildScriptCaches (0ms)
		SetupLoadedEditorAssemblies (922ms)
			LogAssemblyErrors (0ms)
			InitializePlatformSupportModulesInManaged (39ms)
			SetLoadedEditorAssemblies (7ms)
			BeforeProcessingInitializeOnLoad (147ms)
			ProcessInitializeOnLoadAttributes (633ms)
			ProcessInitializeOnLoadMethodAttributes (87ms)
			AfterProcessingInitializeOnLoad (9ms)
			EditorAssembliesLoaded (0ms)
		ExecutionOrderSort2 (0ms)
		AwakeInstancesAfterBackupRestoration (13ms)
Refreshing native plugins compatible for Editor in 17.66 ms, found 6 plugins.
Preloading 1 native plugins for Editor in 0.15 ms.
Unloading 13 Unused Serialized files (Serialized files now loaded: 0)
Unloading 6915 unused Assets / (4.7 MB). Loaded Objects now: 7682.
Memory consumption went from 148.8 MB to 144.2 MB.
Total: 10.832900 ms (FindLiveObjects: 0.696500 ms CreateObjectMapping: 0.658500 ms MarkObjects: 6.918600 ms  DeleteObjects: 2.558300 ms)

Prepare: number of updated asset objects reloaded= 0
========================================================================
Received Prepare
Begin MonoManager ReloadAssembly
Symbol file LoadedFromMemory is not a mono symbol file
- Loaded All Assemblies, in  0.925 seconds
Refreshing native plugins compatible for Editor in 15.00 ms, found 6 plugins.
Native extension for iOS target not found
Native extension for Android target not found
Native extension for WindowsStandalone target not found
[Package Manager] Failed to launch server process. Reason: Unity was launched with the -noUpm command-line argument
[Package Manager] Unable to send message (not connected to server process).
[Package Manager] Cannot connect to Unity Package Manager local server
The project currently uses the compatibility mode where the Render Graph API is disabled. Support for this mode will be removed in future Unity versions. Migrate existing ScriptableRenderPasses to the new RenderGraph API. After the migration, disable the compatibility mode in Edit > Projects Settings > Graphics > Render Graph.
UnityEngine.Debug:ExtractStackTraceNoAlloc (byte*,int,string)
UnityEngine.StackTraceUtility:ExtractStackTrace ()
UnityEngine.DebugLogHandler:Internal_Log (UnityEngine.LogType,UnityEngine.LogOption,string,UnityEngine.Object)
UnityEngine.DebugLogHandler:LogFormat (UnityEngine.LogType,UnityEngine.Object,string,object[])
UnityEngine.Logger:Log (UnityEngine.LogType,object)
UnityEngine.Debug:LogWarning (object)
UnityEngine.Rendering.Universal.WarnUsingNonRenderGraph:EmitConsoleWarning () (at ./Library/PackageCache/com.unity.render-pipelines.universal@087c6d6dbb7d/Runtime/Data/UniversalRenderPipelineAsset.cs:427)
System.Reflection.RuntimeMethodInfo:Invoke (object,System.Reflection.BindingFlags,System.Reflection.Binder,object[],System.Globalization.CultureInfo)
System.Reflection.MethodBase:Invoke (object,object[])
UnityEditor.EditorAssemblies:ProcessInitializeOnLoadMethodAttributes ()

(Filename: ./Library/PackageCache/com.unity.render-pipelines.universal@087c6d6dbb7d/Runtime/Data/UniversalRenderPipelineAsset.cs Line: 427)

[Package Manager] Failed to launch server process. Reason: Unity was launched with the -noUpm command-line argument
[Package Manager] Unable to send message (not connected to server process).
[Package Manager] Cannot connect to Unity Package Manager local server
AssertionException: Error removing Draco for Unity WebGL sub-packages.. Failed fetching installed packages.
Assertion failure. Values are not equal.
Expected: Failure == Success
  at UnityEngine.Assertions.Assert.Fail (System.String message, System.String userMessage) [0x00043] in <612ea0208cc847f49d539e6511ed3cd5>:0 
  at UnityEngine.Assertions.Assert.AreEqual[T] (T expected, T actual, System.String message, System.Collections.Generic.IEqualityComparer`1[T] comparer) [0x0005f] in <612ea0208cc847f49d539e6511ed3cd5>:0 
  at UnityEngine.Assertions.Assert.AreEqual[T] (T expected, T actual, System.String message) [0x00009] in <612ea0208cc847f49d539e6511ed3cd5>:0 
  at SubPackage.SubPackageRemover.GetAllInstalledPackagesAsync (System.Double timeout) [0x000b7] in .\Library\PackageCache\com.unity.cloud.draco@2ad9855b1dfa\Editor\Scripts\SubPackage\SubPackageRemover.cs:79 
  at SubPackage.SubPackageRemover.TryRemoveObsoleteSubPackagesAsync () [0x0002a] in .\Library\PackageCache\com.unity.cloud.draco@2ad9855b1dfa\Editor\Scripts\SubPackage\SubPackageRemover.cs:33 
UnityEngine.DebugLogHandler:Internal_LogException_Injected(Exception, IntPtr)
UnityEngine.DebugLogHandler:Internal_LogException(Exception, Object)
UnityEngine.DebugLogHandler:LogException(Exception, Object)
UnityEngine.Logger:LogException(Exception, Object)
UnityEngine.Debug:LogException(Exception)
SubPackage.<TryRemoveObsoleteSubPackagesAsync>d__5:MoveNext() (at .\Library\PackageCache\com.unity.cloud.draco@2ad9855b1dfa\Editor\Scripts\SubPackage\SubPackageRemover.cs:50)
System.Runtime.CompilerServices.AsyncTaskMethodBuilder:Start(<TryRemoveObsoleteSubPackagesAsync>d__5&)
SubPackage.SubPackageRemover:TryRemoveObsoleteSubPackagesAsync()
System.Reflection.RuntimeMethodInfo:InternalInvoke(RuntimeMethodInfo, Object, Object[], Exception&)
System.Reflection.RuntimeMethodInfo:Invoke(Object, BindingFlags, Binder, Object[], CultureInfo)
System.Reflection.MethodBase:Invoke(Object, Object[])
UnityEditor.EditorAssemblies:ProcessInitializeOnLoadMethodAttributes()

(Filename: ./Library/PackageCache/com.unity.cloud.draco@2ad9855b1dfa/Editor/Scripts/SubPackage/SubPackageRemover.cs Line: 50)

Mono: successfully reloaded assembly
- Finished resetting the current domain, in  1.065 seconds
Domain Reload Profiling: 1988ms
	BeginReloadAssembly (301ms)
		ExecutionOrderSort (0ms)
		DisableScriptedObjects (5ms)
		BackupInstance (0ms)
		ReleaseScriptingObjects (0ms)
		CreateAndSetChildDomain (44ms)
	RebuildCommonClasses (37ms)
	RebuildNativeTypeToScriptingClass (10ms)
	initialDomainReloadingComplete (36ms)
	LoadAllAssembliesAndSetupDomain (539ms)
		LoadAssemblies (550ms)
		RebuildTransferFunctionScriptingTraits (0ms)
		AnalyzeDomain (200ms)
			TypeCache.Refresh (8ms)
				TypeCache.ScanAssembly (0ms)
			BuildScriptInfoCaches (179ms)
			ResolveRequiredComponents (8ms)
	FinalizeReload (1065ms)
		ReleaseScriptCaches (0ms)
		RebuildScriptCaches (0ms)
		SetupLoadedEditorAssemblies (893ms)
			LogAssemblyErrors (0ms)
			InitializePlatformSupportModulesInManaged (23ms)
			SetLoadedEditorAssemblies (4ms)
			BeforeProcessingInitializeOnLoad (96ms)
			ProcessInitializeOnLoadAttributes (671ms)
			ProcessInitializeOnLoadMethodAttributes (89ms)
			AfterProcessingInitializeOnLoad (8ms)
			EditorAssembliesLoaded (0ms)
		ExecutionOrderSort2 (0ms)
		AwakeInstancesAfterBackupRestoration (13ms)
Refreshing native plugins compatible for Editor in 17.35 ms, found 6 plugins.
Preloading 1 native plugins for Editor in 0.44 ms.
Unloading 13 Unused Serialized files (Serialized files now loaded: 0)
Unloading 6915 unused Assets / (5.2 MB). Loaded Objects now: 7685.
Memory consumption went from 148.8 MB to 143.6 MB.
Total: 11.019900 ms (FindLiveObjects: 0.653000 ms CreateObjectMapping: 0.685400 ms MarkObjects: 6.588100 ms  DeleteObjects: 3.091800 ms)

Prepare: number of updated asset objects reloaded= 0
========================================================================
Received Prepare
Begin MonoManager ReloadAssembly
Symbol file LoadedFromMemory is not a mono symbol file
- Loaded All Assemblies, in  1.009 seconds
Refreshing native plugins compatible for Editor in 14.26 ms, found 6 plugins.
Native extension for iOS target not found
Native extension for Android target not found
Native extension for WindowsStandalone target not found
[Package Manager] Failed to launch server process. Reason: Unity was launched with the -noUpm command-line argument
[Package Manager] Unable to send message (not connected to server process).
[Package Manager] Cannot connect to Unity Package Manager local server
The project currently uses the compatibility mode where the Render Graph API is disabled. Support for this mode will be removed in future Unity versions. Migrate existing ScriptableRenderPasses to the new RenderGraph API. After the migration, disable the compatibility mode in Edit > Projects Settings > Graphics > Render Graph.
UnityEngine.Debug:ExtractStackTraceNoAlloc (byte*,int,string)
UnityEngine.StackTraceUtility:ExtractStackTrace ()
UnityEngine.DebugLogHandler:Internal_Log (UnityEngine.LogType,UnityEngine.LogOption,string,UnityEngine.Object)
UnityEngine.DebugLogHandler:LogFormat (UnityEngine.LogType,UnityEngine.Object,string,object[])
UnityEngine.Logger:Log (UnityEngine.LogType,object)
UnityEngine.Debug:LogWarning (object)
UnityEngine.Rendering.Universal.WarnUsingNonRenderGraph:EmitConsoleWarning () (at ./Library/PackageCache/com.unity.render-pipelines.universal@087c6d6dbb7d/Runtime/Data/UniversalRenderPipelineAsset.cs:427)
System.Reflection.RuntimeMethodInfo:Invoke (object,System.Reflection.BindingFlags,System.Reflection.Binder,object[],System.Globalization.CultureInfo)
System.Reflection.MethodBase:Invoke (object,object[])
UnityEditor.EditorAssemblies:ProcessInitializeOnLoadMethodAttributes ()

(Filename: ./Library/PackageCache/com.unity.render-pipelines.universal@087c6d6dbb7d/Runtime/Data/UniversalRenderPipelineAsset.cs Line: 427)

[Package Manager] Failed to launch server process. Reason: Unity was launched with the -noUpm command-line argument
[Package Manager] Unable to send message (not connected to server process).
[Package Manager] Cannot connect to Unity Package Manager local server
AssertionException: Error removing Draco for Unity WebGL sub-packages.. Failed fetching installed packages.
Assertion failure. Values are not equal.
Expected: Failure == Success
  at UnityEngine.Assertions.Assert.Fail (System.String message, System.String userMessage) [0x00043] in <612ea0208cc847f49d539e6511ed3cd5>:0 
  at UnityEngine.Assertions.Assert.AreEqual[T] (T expected, T actual, System.String message, System.Collections.Generic.IEqualityComparer`1[T] comparer) [0x0005f] in <612ea0208cc847f49d539e6511ed3cd5>:0 
  at UnityEngine.Assertions.Assert.AreEqual[T] (T expected, T actual, System.String message) [0x00009] in <612ea0208cc847f49d539e6511ed3cd5>:0 
  at SubPackage.SubPackageRemover.GetAllInstalledPackagesAsync (System.Double timeout) [0x000b7] in .\Library\PackageCache\com.unity.cloud.draco@2ad9855b1dfa\Editor\Scripts\SubPackage\SubPackageRemover.cs:79 
  at SubPackage.SubPackageRemover.TryRemoveObsoleteSubPackagesAsync () [0x0002a] in .\Library\PackageCache\com.unity.cloud.draco@2ad9855b1dfa\Editor\Scripts\SubPackage\SubPackageRemover.cs:33 
UnityEngine.DebugLogHandler:Internal_LogException_Injected(Exception, IntPtr)
UnityEngine.DebugLogHandler:Internal_LogException(Exception, Object)
UnityEngine.DebugLogHandler:LogException(Exception, Object)
UnityEngine.Logger:LogException(Exception, Object)
UnityEngine.Debug:LogException(Exception)
SubPackage.<TryRemoveObsoleteSubPackagesAsync>d__5:MoveNext() (at .\Library\PackageCache\com.unity.cloud.draco@2ad9855b1dfa\Editor\Scripts\SubPackage\SubPackageRemover.cs:50)
System.Runtime.CompilerServices.AsyncTaskMethodBuilder:Start(<TryRemoveObsoleteSubPackagesAsync>d__5&)
SubPackage.SubPackageRemover:TryRemoveObsoleteSubPackagesAsync()
System.Reflection.RuntimeMethodInfo:InternalInvoke(RuntimeMethodInfo, Object, Object[], Exception&)
System.Reflection.RuntimeMethodInfo:Invoke(Object, BindingFlags, Binder, Object[], CultureInfo)
System.Reflection.MethodBase:Invoke(Object, Object[])
UnityEditor.EditorAssemblies:ProcessInitializeOnLoadMethodAttributes()

(Filename: ./Library/PackageCache/com.unity.cloud.draco@2ad9855b1dfa/Editor/Scripts/SubPackage/SubPackageRemover.cs Line: 50)

Mono: successfully reloaded assembly
- Finished resetting the current domain, in  0.846 seconds
Domain Reload Profiling: 1852ms
	BeginReloadAssembly (356ms)
		ExecutionOrderSort (0ms)
		DisableScriptedObjects (6ms)
		BackupInstance (0ms)
		ReleaseScriptingObjects (0ms)
		CreateAndSetChildDomain (56ms)
	RebuildCommonClasses (41ms)
	RebuildNativeTypeToScriptingClass (12ms)
	initialDomainReloadingComplete (40ms)
	LoadAllAssembliesAndSetupDomain (557ms)
		LoadAssemblies (597ms)
		RebuildTransferFunctionScriptingTraits (0ms)
		AnalyzeDomain (206ms)
			TypeCache.Refresh (9ms)
				TypeCache.ScanAssembly (0ms)
			BuildScriptInfoCaches (184ms)
			ResolveRequiredComponents (9ms)
	FinalizeReload (847ms)
		ReleaseScriptCaches (0ms)
		RebuildScriptCaches (0ms)
		SetupLoadedEditorAssemblies (666ms)
			LogAssemblyErrors (0ms)
			InitializePlatformSupportModulesInManaged (21ms)
			SetLoadedEditorAssemblies (4ms)
			BeforeProcessingInitializeOnLoad (98ms)
			ProcessInitializeOnLoadAttributes (448ms)
			ProcessInitializeOnLoadMethodAttributes (88ms)
			AfterProcessingInitializeOnLoad (8ms)
			EditorAssembliesLoaded (0ms)
		ExecutionOrderSort2 (0ms)
		AwakeInstancesAfterBackupRestoration (11ms)
Refreshing native plugins compatible for Editor in 15.05 ms, found 6 plugins.
Preloading 1 native plugins for Editor in 0.15 ms.
Unloading 13 Unused Serialized files (Serialized files now loaded: 0)
Unloading 6915 unused Assets / (4.9 MB). Loaded Objects now: 7688.
Memory consumption went from 148.9 MB to 143.9 MB.
Total: 7.394600 ms (FindLiveObjects: 0.591700 ms CreateObjectMapping: 0.541100 ms MarkObjects: 3.796700 ms  DeleteObjects: 2.464100 ms)

Prepare: number of updated asset objects reloaded= 0
========================================================================
Received Prepare
Begin MonoManager ReloadAssembly
Symbol file LoadedFromMemory is not a mono symbol file
- Loaded All Assemblies, in  0.975 seconds
Refreshing native plugins compatible for Editor in 15.28 ms, found 6 plugins.
Native extension for iOS target not found
Native extension for Android target not found
Native extension for WindowsStandalone target not found
[Package Manager] Failed to launch server process. Reason: Unity was launched with the -noUpm command-line argument
[Package Manager] Unable to send message (not connected to server process).
[Package Manager] Cannot connect to Unity Package Manager local server
The project currently uses the compatibility mode where the Render Graph API is disabled. Support for this mode will be removed in future Unity versions. Migrate existing ScriptableRenderPasses to the new RenderGraph API. After the migration, disable the compatibility mode in Edit > Projects Settings > Graphics > Render Graph.
UnityEngine.Debug:ExtractStackTraceNoAlloc (byte*,int,string)
UnityEngine.StackTraceUtility:ExtractStackTrace ()
UnityEngine.DebugLogHandler:Internal_Log (UnityEngine.LogType,UnityEngine.LogOption,string,UnityEngine.Object)
UnityEngine.DebugLogHandler:LogFormat (UnityEngine.LogType,UnityEngine.Object,string,object[])
UnityEngine.Logger:Log (UnityEngine.LogType,object)
UnityEngine.Debug:LogWarning (object)
UnityEngine.Rendering.Universal.WarnUsingNonRenderGraph:EmitConsoleWarning () (at ./Library/PackageCache/com.unity.render-pipelines.universal@087c6d6dbb7d/Runtime/Data/UniversalRenderPipelineAsset.cs:427)
System.Reflection.RuntimeMethodInfo:Invoke (object,System.Reflection.BindingFlags,System.Reflection.Binder,object[],System.Globalization.CultureInfo)
System.Reflection.MethodBase:Invoke (object,object[])
UnityEditor.EditorAssemblies:ProcessInitializeOnLoadMethodAttributes ()

(Filename: ./Library/PackageCache/com.unity.render-pipelines.universal@087c6d6dbb7d/Runtime/Data/UniversalRenderPipelineAsset.cs Line: 427)

[Package Manager] Failed to launch server process. Reason: Unity was launched with the -noUpm command-line argument
[Package Manager] Unable to send message (not connected to server process).
[Package Manager] Cannot connect to Unity Package Manager local server
AssertionException: Error removing Draco for Unity WebGL sub-packages.. Failed fetching installed packages.
Assertion failure. Values are not equal.
Expected: Failure == Success
  at UnityEngine.Assertions.Assert.Fail (System.String message, System.String userMessage) [0x00043] in <612ea0208cc847f49d539e6511ed3cd5>:0 
  at UnityEngine.Assertions.Assert.AreEqual[T] (T expected, T actual, System.String message, System.Collections.Generic.IEqualityComparer`1[T] comparer) [0x0005f] in <612ea0208cc847f49d539e6511ed3cd5>:0 
  at UnityEngine.Assertions.Assert.AreEqual[T] (T expected, T actual, System.String message) [0x00009] in <612ea0208cc847f49d539e6511ed3cd5>:0 
  at SubPackage.SubPackageRemover.GetAllInstalledPackagesAsync (System.Double timeout) [0x000b7] in .\Library\PackageCache\com.unity.cloud.draco@2ad9855b1dfa\Editor\Scripts\SubPackage\SubPackageRemover.cs:79 
  at SubPackage.SubPackageRemover.TryRemoveObsoleteSubPackagesAsync () [0x0002a] in .\Library\PackageCache\com.unity.cloud.draco@2ad9855b1dfa\Editor\Scripts\SubPackage\SubPackageRemover.cs:33 
UnityEngine.DebugLogHandler:Internal_LogException_Injected(Exception, IntPtr)
UnityEngine.DebugLogHandler:Internal_LogException(Exception, Object)
UnityEngine.DebugLogHandler:LogException(Exception, Object)
UnityEngine.Logger:LogException(Exception, Object)
UnityEngine.Debug:LogException(Exception)
SubPackage.<TryRemoveObsoleteSubPackagesAsync>d__5:MoveNext() (at .\Library\PackageCache\com.unity.cloud.draco@2ad9855b1dfa\Editor\Scripts\SubPackage\SubPackageRemover.cs:50)
System.Runtime.CompilerServices.AsyncTaskMethodBuilder:Start(<TryRemoveObsoleteSubPackagesAsync>d__5&)
SubPackage.SubPackageRemover:TryRemoveObsoleteSubPackagesAsync()
System.Reflection.RuntimeMethodInfo:InternalInvoke(RuntimeMethodInfo, Object, Object[], Exception&)
System.Reflection.RuntimeMethodInfo:Invoke(Object, BindingFlags, Binder, Object[], CultureInfo)
System.Reflection.MethodBase:Invoke(Object, Object[])
UnityEditor.EditorAssemblies:ProcessInitializeOnLoadMethodAttributes()

(Filename: ./Library/PackageCache/com.unity.cloud.draco@2ad9855b1dfa/Editor/Scripts/SubPackage/SubPackageRemover.cs Line: 50)

Mono: successfully reloaded assembly
- Finished resetting the current domain, in  1.035 seconds
Domain Reload Profiling: 2009ms
	BeginReloadAssembly (335ms)
		ExecutionOrderSort (0ms)
		DisableScriptedObjects (5ms)
		BackupInstance (0ms)
		ReleaseScriptingObjects (0ms)
		CreateAndSetChildDomain (54ms)
	RebuildCommonClasses (40ms)
	RebuildNativeTypeToScriptingClass (11ms)
	initialDomainReloadingComplete (41ms)
	LoadAllAssembliesAndSetupDomain (546ms)
		LoadAssemblies (565ms)
		RebuildTransferFunctionScriptingTraits (0ms)
		AnalyzeDomain (197ms)
			TypeCache.Refresh (7ms)
				TypeCache.ScanAssembly (0ms)
			BuildScriptInfoCaches (177ms)
			ResolveRequiredComponents (8ms)
	FinalizeReload (1036ms)
		ReleaseScriptCaches (0ms)
		RebuildScriptCaches (0ms)
		SetupLoadedEditorAssemblies (861ms)
			LogAssemblyErrors (0ms)
			InitializePlatformSupportModulesInManaged (23ms)
			SetLoadedEditorAssemblies (4ms)
			BeforeProcessingInitializeOnLoad (100ms)
			ProcessInitializeOnLoadAttributes (633ms)
			ProcessInitializeOnLoadMethodAttributes (93ms)
			AfterProcessingInitializeOnLoad (8ms)
			EditorAssembliesLoaded (0ms)
		ExecutionOrderSort2 (0ms)
		AwakeInstancesAfterBackupRestoration (12ms)
Refreshing native plugins compatible for Editor in 15.73 ms, found 6 plugins.
Preloading 1 native plugins for Editor in 0.15 ms.
Unloading 13 Unused Serialized files (Serialized files now loaded: 0)
Unloading 6915 unused Assets / (5.1 MB). Loaded Objects now: 7691.
Memory consumption went from 148.9 MB to 143.7 MB.
Total: 8.154500 ms (FindLiveObjects: 0.625900 ms CreateObjectMapping: 0.587200 ms MarkObjects: 4.012600 ms  DeleteObjects: 2.927500 ms)

Prepare: number of updated asset objects reloaded= 0
========================================================================
Received Prepare
Refreshing native plugins compatible for Editor in 15.73 ms, found 6 plugins.
Preloading 1 native plugins for Editor in 0.15 ms.
Unloading 13 Unused Serialized files (Serialized files now loaded: 0)
Unloading 13 unused Assets / (2.2 MB). Loaded Objects now: 7691.
Memory consumption went from 143.7 MB to 141.5 MB.
Total: 5.414000 ms (FindLiveObjects: 0.341900 ms CreateObjectMapping: 0.234700 ms MarkObjects: 3.920800 ms  DeleteObjects: 0.915500 ms)

Prepare: number of updated asset objects reloaded= 0
========================================================================
Received Prepare
Begin MonoManager ReloadAssembly
Symbol file LoadedFromMemory is not a mono symbol file
- Loaded All Assemblies, in  0.952 seconds
Refreshing native plugins compatible for Editor in 18.88 ms, found 6 plugins.
Native extension for iOS target not found
Native extension for Android target not found
Native extension for WindowsStandalone target not found
[Package Manager] Failed to launch server process. Reason: Unity was launched with the -noUpm command-line argument
[Package Manager] Unable to send message (not connected to server process).
[Package Manager] Cannot connect to Unity Package Manager local server
The project currently uses the compatibility mode where the Render Graph API is disabled. Support for this mode will be removed in future Unity versions. Migrate existing ScriptableRenderPasses to the new RenderGraph API. After the migration, disable the compatibility mode in Edit > Projects Settings > Graphics > Render Graph.
UnityEngine.Debug:ExtractStackTraceNoAlloc (byte*,int,string)
UnityEngine.StackTraceUtility:ExtractStackTrace ()
UnityEngine.DebugLogHandler:Internal_Log (UnityEngine.LogType,UnityEngine.LogOption,string,UnityEngine.Object)
UnityEngine.DebugLogHandler:LogFormat (UnityEngine.LogType,UnityEngine.Object,string,object[])
UnityEngine.Logger:Log (UnityEngine.LogType,object)
UnityEngine.Debug:LogWarning (object)
UnityEngine.Rendering.Universal.WarnUsingNonRenderGraph:EmitConsoleWarning () (at ./Library/PackageCache/com.unity.render-pipelines.universal@087c6d6dbb7d/Runtime/Data/UniversalRenderPipelineAsset.cs:427)
System.Reflection.RuntimeMethodInfo:Invoke (object,System.Reflection.BindingFlags,System.Reflection.Binder,object[],System.Globalization.CultureInfo)
System.Reflection.MethodBase:Invoke (object,object[])
UnityEditor.EditorAssemblies:ProcessInitializeOnLoadMethodAttributes ()

(Filename: ./Library/PackageCache/com.unity.render-pipelines.universal@087c6d6dbb7d/Runtime/Data/UniversalRenderPipelineAsset.cs Line: 427)

[Package Manager] Failed to launch server process. Reason: Unity was launched with the -noUpm command-line argument
[Package Manager] Unable to send message (not connected to server process).
[Package Manager] Cannot connect to Unity Package Manager local server
AssertionException: Error removing Draco for Unity WebGL sub-packages.. Failed fetching installed packages.
Assertion failure. Values are not equal.
Expected: Failure == Success
  at UnityEngine.Assertions.Assert.Fail (System.String message, System.String userMessage) [0x00043] in <612ea0208cc847f49d539e6511ed3cd5>:0 
  at UnityEngine.Assertions.Assert.AreEqual[T] (T expected, T actual, System.String message, System.Collections.Generic.IEqualityComparer`1[T] comparer) [0x0005f] in <612ea0208cc847f49d539e6511ed3cd5>:0 
  at UnityEngine.Assertions.Assert.AreEqual[T] (T expected, T actual, System.String message) [0x00009] in <612ea0208cc847f49d539e6511ed3cd5>:0 
  at SubPackage.SubPackageRemover.GetAllInstalledPackagesAsync (System.Double timeout) [0x000b7] in .\Library\PackageCache\com.unity.cloud.draco@2ad9855b1dfa\Editor\Scripts\SubPackage\SubPackageRemover.cs:79 
  at SubPackage.SubPackageRemover.TryRemoveObsoleteSubPackagesAsync () [0x0002a] in .\Library\PackageCache\com.unity.cloud.draco@2ad9855b1dfa\Editor\Scripts\SubPackage\SubPackageRemover.cs:33 
UnityEngine.DebugLogHandler:Internal_LogException_Injected(Exception, IntPtr)
UnityEngine.DebugLogHandler:Internal_LogException(Exception, Object)
UnityEngine.DebugLogHandler:LogException(Exception, Object)
UnityEngine.Logger:LogException(Exception, Object)
UnityEngine.Debug:LogException(Exception)
SubPackage.<TryRemoveObsoleteSubPackagesAsync>d__5:MoveNext() (at .\Library\PackageCache\com.unity.cloud.draco@2ad9855b1dfa\Editor\Scripts\SubPackage\SubPackageRemover.cs:50)
System.Runtime.CompilerServices.AsyncTaskMethodBuilder:Start(<TryRemoveObsoleteSubPackagesAsync>d__5&)
SubPackage.SubPackageRemover:TryRemoveObsoleteSubPackagesAsync()
System.Reflection.RuntimeMethodInfo:InternalInvoke(RuntimeMethodInfo, Object, Object[], Exception&)
System.Reflection.RuntimeMethodInfo:Invoke(Object, BindingFlags, Binder, Object[], CultureInfo)
System.Reflection.MethodBase:Invoke(Object, Object[])
UnityEditor.EditorAssemblies:ProcessInitializeOnLoadMethodAttributes()

(Filename: ./Library/PackageCache/com.unity.cloud.draco@2ad9855b1dfa/Editor/Scripts/SubPackage/SubPackageRemover.cs Line: 50)

Mono: successfully reloaded assembly
- Finished resetting the current domain, in  0.823 seconds
Domain Reload Profiling: 1774ms
	BeginReloadAssembly (322ms)
		ExecutionOrderSort (0ms)
		DisableScriptedObjects (6ms)
		BackupInstance (0ms)
		ReleaseScriptingObjects (0ms)
		CreateAndSetChildDomain (61ms)
	RebuildCommonClasses (38ms)
	RebuildNativeTypeToScriptingClass (11ms)
	initialDomainReloadingComplete (35ms)
	LoadAllAssembliesAndSetupDomain (545ms)
		LoadAssemblies (553ms)
		RebuildTransferFunctionScriptingTraits (0ms)
		AnalyzeDomain (202ms)
			TypeCache.Refresh (9ms)
				TypeCache.ScanAssembly (0ms)
			BuildScriptInfoCaches (181ms)
			ResolveRequiredComponents (9ms)
	FinalizeReload (824ms)
		ReleaseScriptCaches (0ms)
		RebuildScriptCaches (0ms)
		SetupLoadedEditorAssemblies (644ms)
			LogAssemblyErrors (0ms)
			InitializePlatformSupportModulesInManaged (22ms)
			SetLoadedEditorAssemblies (4ms)
			BeforeProcessingInitializeOnLoad (94ms)
			ProcessInitializeOnLoadAttributes (426ms)
			ProcessInitializeOnLoadMethodAttributes (87ms)
			AfterProcessingInitializeOnLoad (9ms)
			EditorAssembliesLoaded (0ms)
		ExecutionOrderSort2 (0ms)
		AwakeInstancesAfterBackupRestoration (15ms)
Refreshing native plugins compatible for Editor in 14.00 ms, found 6 plugins.
Preloading 1 native plugins for Editor in 0.17 ms.
Unloading 13 Unused Serialized files (Serialized files now loaded: 0)
Unloading 6915 unused Assets / (5.1 MB). Loaded Objects now: 7694.
Memory consumption went from 148.9 MB to 143.8 MB.
Total: 7.584300 ms (FindLiveObjects: 0.661900 ms CreateObjectMapping: 0.572000 ms MarkObjects: 3.875900 ms  DeleteObjects: 2.472700 ms)

Prepare: number of updated asset objects reloaded= 0
========================================================================
Received Prepare
Begin MonoManager ReloadAssembly
Symbol file LoadedFromMemory is not a mono symbol file
- Loaded All Assemblies, in  0.917 seconds
Refreshing native plugins compatible for Editor in 14.72 ms, found 6 plugins.
Native extension for iOS target not found
Native extension for Android target not found
Native extension for WindowsStandalone target not found
[Package Manager] Failed to launch server process. Reason: Unity was launched with the -noUpm command-line argument
[Package Manager] Unable to send message (not connected to server process).
[Package Manager] Cannot connect to Unity Package Manager local server
The project currently uses the compatibility mode where the Render Graph API is disabled. Support for this mode will be removed in future Unity versions. Migrate existing ScriptableRenderPasses to the new RenderGraph API. After the migration, disable the compatibility mode in Edit > Projects Settings > Graphics > Render Graph.
UnityEngine.Debug:ExtractStackTraceNoAlloc (byte*,int,string)
UnityEngine.StackTraceUtility:ExtractStackTrace ()
UnityEngine.DebugLogHandler:Internal_Log (UnityEngine.LogType,UnityEngine.LogOption,string,UnityEngine.Object)
UnityEngine.DebugLogHandler:LogFormat (UnityEngine.LogType,UnityEngine.Object,string,object[])
UnityEngine.Logger:Log (UnityEngine.LogType,object)
UnityEngine.Debug:LogWarning (object)
UnityEngine.Rendering.Universal.WarnUsingNonRenderGraph:EmitConsoleWarning () (at ./Library/PackageCache/com.unity.render-pipelines.universal@087c6d6dbb7d/Runtime/Data/UniversalRenderPipelineAsset.cs:427)
System.Reflection.RuntimeMethodInfo:Invoke (object,System.Reflection.BindingFlags,System.Reflection.Binder,object[],System.Globalization.CultureInfo)
System.Reflection.MethodBase:Invoke (object,object[])
UnityEditor.EditorAssemblies:ProcessInitializeOnLoadMethodAttributes ()

(Filename: ./Library/PackageCache/com.unity.render-pipelines.universal@087c6d6dbb7d/Runtime/Data/UniversalRenderPipelineAsset.cs Line: 427)

[Package Manager] Failed to launch server process. Reason: Unity was launched with the -noUpm command-line argument
[Package Manager] Unable to send message (not connected to server process).
[Package Manager] Cannot connect to Unity Package Manager local server
AssertionException: Error removing Draco for Unity WebGL sub-packages.. Failed fetching installed packages.
Assertion failure. Values are not equal.
Expected: Failure == Success
  at UnityEngine.Assertions.Assert.Fail (System.String message, System.String userMessage) [0x00043] in <612ea0208cc847f49d539e6511ed3cd5>:0 
  at UnityEngine.Assertions.Assert.AreEqual[T] (T expected, T actual, System.String message, System.Collections.Generic.IEqualityComparer`1[T] comparer) [0x0005f] in <612ea0208cc847f49d539e6511ed3cd5>:0 
  at UnityEngine.Assertions.Assert.AreEqual[T] (T expected, T actual, System.String message) [0x00009] in <612ea0208cc847f49d539e6511ed3cd5>:0 
  at SubPackage.SubPackageRemover.GetAllInstalledPackagesAsync (System.Double timeout) [0x000b7] in .\Library\PackageCache\com.unity.cloud.draco@2ad9855b1dfa\Editor\Scripts\SubPackage\SubPackageRemover.cs:79 
  at SubPackage.SubPackageRemover.TryRemoveObsoleteSubPackagesAsync () [0x0002a] in .\Library\PackageCache\com.unity.cloud.draco@2ad9855b1dfa\Editor\Scripts\SubPackage\SubPackageRemover.cs:33 
UnityEngine.DebugLogHandler:Internal_LogException_Injected(Exception, IntPtr)
UnityEngine.DebugLogHandler:Internal_LogException(Exception, Object)
UnityEngine.DebugLogHandler:LogException(Exception, Object)
UnityEngine.Logger:LogException(Exception, Object)
UnityEngine.Debug:LogException(Exception)
SubPackage.<TryRemoveObsoleteSubPackagesAsync>d__5:MoveNext() (at .\Library\PackageCache\com.unity.cloud.draco@2ad9855b1dfa\Editor\Scripts\SubPackage\SubPackageRemover.cs:50)
System.Runtime.CompilerServices.AsyncTaskMethodBuilder:Start(<TryRemoveObsoleteSubPackagesAsync>d__5&)
SubPackage.SubPackageRemover:TryRemoveObsoleteSubPackagesAsync()
System.Reflection.RuntimeMethodInfo:InternalInvoke(RuntimeMethodInfo, Object, Object[], Exception&)
System.Reflection.RuntimeMethodInfo:Invoke(Object, BindingFlags, Binder, Object[], CultureInfo)
System.Reflection.MethodBase:Invoke(Object, Object[])
UnityEditor.EditorAssemblies:ProcessInitializeOnLoadMethodAttributes()

(Filename: ./Library/PackageCache/com.unity.cloud.draco@2ad9855b1dfa/Editor/Scripts/SubPackage/SubPackageRemover.cs Line: 50)

Mono: successfully reloaded assembly
- Finished resetting the current domain, in  1.043 seconds
Domain Reload Profiling: 1958ms
	BeginReloadAssembly (310ms)
		ExecutionOrderSort (0ms)
		DisableScriptedObjects (5ms)
		BackupInstance (0ms)
		ReleaseScriptingObjects (0ms)
		CreateAndSetChildDomain (58ms)
	RebuildCommonClasses (35ms)
	RebuildNativeTypeToScriptingClass (12ms)
	initialDomainReloadingComplete (35ms)
	LoadAllAssembliesAndSetupDomain (524ms)
		LoadAssemblies (535ms)
		RebuildTransferFunctionScriptingTraits (0ms)
		AnalyzeDomain (194ms)
			TypeCache.Refresh (7ms)
				TypeCache.ScanAssembly (0ms)
			BuildScriptInfoCaches (173ms)
			ResolveRequiredComponents (9ms)
	FinalizeReload (1043ms)
		ReleaseScriptCaches (0ms)
		RebuildScriptCaches (0ms)
		SetupLoadedEditorAssemblies (871ms)
			LogAssemblyErrors (0ms)
			InitializePlatformSupportModulesInManaged (24ms)
			SetLoadedEditorAssemblies (4ms)
			BeforeProcessingInitializeOnLoad (103ms)
			ProcessInitializeOnLoadAttributes (640ms)
			ProcessInitializeOnLoadMethodAttributes (92ms)
			AfterProcessingInitializeOnLoad (8ms)
			EditorAssembliesLoaded (0ms)
		ExecutionOrderSort2 (0ms)
		AwakeInstancesAfterBackupRestoration (12ms)
Refreshing native plugins compatible for Editor in 15.18 ms, found 6 plugins.
Preloading 1 native plugins for Editor in 0.15 ms.
Unloading 13 Unused Serialized files (Serialized files now loaded: 0)
Unloading 6915 unused Assets / (5.0 MB). Loaded Objects now: 7697.
Memory consumption went from 148.9 MB to 143.9 MB.
Total: 7.880000 ms (FindLiveObjects: 0.656400 ms CreateObjectMapping: 0.743600 ms MarkObjects: 4.079300 ms  DeleteObjects: 2.399600 ms)

Prepare: number of updated asset objects reloaded= 0
