Using pre-set license
Built from '6000.0/staging' branch; Version is '6000.0.42f1 (feb9a7235030) revision 16693671'; Using compiler version '193933523'; Build Type 'Release'
OS: 'Windows 11  (10.0.26200) 64bit Professional' Language: 'ja' Physical Memory: 32622 MB
BatchMode: 1, IsHumanControllingUs: 0, StartBugReporterOnCrash: 0, Is64bit: 1, IsPro: 1

COMMAND LINE ARGUMENTS:
C:\Program Files\Unity\Hub\Editor\6000.0.42f1\Editor\Unity.exe
-adb2
-batchMode
-noUpm
-name
AssetImportWorker0
-projectPath
D:/Factory/NewWW
-logFile
Logs/AssetImportWorker0.log
-srvPort
56988
-job-worker-count
7
-background-job-worker-count
8
-gc-helper-count
1
Successfully changed project path to: D:/Factory/NewWW
D:/Factory/NewWW
[UnityMemory] Configuration Parameters - Can be set up in boot.config
    "memorysetup-bucket-allocator-granularity=16"
    "memorysetup-bucket-allocator-bucket-count=8"
    "memorysetup-bucket-allocator-block-size=33554432"
    "memorysetup-bucket-allocator-block-count=8"
    "memorysetup-main-allocator-block-size=16777216"
    "memorysetup-thread-allocator-block-size=16777216"
    "memorysetup-gfx-main-allocator-block-size=16777216"
    "memorysetup-gfx-thread-allocator-block-size=16777216"
    "memorysetup-cache-allocator-block-size=4194304"
    "memorysetup-typetree-allocator-block-size=2097152"
    "memorysetup-profiler-bucket-allocator-granularity=16"
    "memorysetup-profiler-bucket-allocator-bucket-count=8"
    "memorysetup-profiler-bucket-allocator-block-size=33554432"
    "memorysetup-profiler-bucket-allocator-block-count=8"
    "memorysetup-profiler-allocator-block-size=16777216"
    "memorysetup-profiler-editor-allocator-block-size=1048576"
    "memorysetup-temp-allocator-size-main=16777216"
    "memorysetup-job-temp-allocator-block-size=2097152"
    "memorysetup-job-temp-allocator-block-size-background=1048576"
    "memorysetup-job-temp-allocator-reduction-small-platforms=262144"
    "memorysetup-allocator-temp-initial-block-size-main=262144"
    "memorysetup-allocator-temp-initial-block-size-worker=262144"
    "memorysetup-temp-allocator-size-background-worker=32768"
    "memorysetup-temp-allocator-size-job-worker=262144"
    "memorysetup-temp-allocator-size-preload-manager=33554432"
    "memorysetup-temp-allocator-size-nav-mesh-worker=65536"
    "memorysetup-temp-allocator-size-audio-worker=65536"
    "memorysetup-temp-allocator-size-cloud-worker=32768"
    "memorysetup-temp-allocator-size-gi-baking-worker=262144"
    "memorysetup-temp-allocator-size-gi-baking-worker=262144"
    "memorysetup-temp-allocator-size-gi-baking-worker=262144"
    "memorysetup-temp-allocator-size-gi-baking-worker=262144"
    "memorysetup-temp-allocator-size-gi-baking-worker=262144"
    "memorysetup-temp-allocator-size-gfx=262144"
Player connection [34948]  Target information:

Player connection [34948]  * "[IP] 10.10.38.45 [Port] 0 [Flags] 2 [Guid] 4281560038 [EditorId] 4281560038 [Version] 1048832 [Id] WindowsEditor(7,F21H14) [Debug] 1 [PackageName] WindowsEditor [ProjectName] Editor" 

Player connection [34948] Host joined multi-casting on [225.0.0.222:54997]...
Player connection [34948] Host joined alternative multi-casting on [225.0.0.222:34997]...
JobSystem: Creating JobQueue using job-worker-count value 7
Input System module state changed to: Initialized.
[Physics::Module] Initialized fallback backend.
[Physics::Module] Id: 0xdecafbad
Library Redirect Path: Library/
[Physics::Module] Selected backend.
[Physics::Module] Name: PhysX
[Physics::Module] Id: 0xf2b8ea05
[Physics::Module] SDK Version: 4.1.2
[Physics::Module] Integration Version: 1.0.0
[Physics::Module] Threading Mode: Multi-Threaded
Refreshing native plugins compatible for Editor in 320.29 ms, found 6 plugins.
Preloading 1 native plugins for Editor in 0.89 ms.
Initialize engine version: 6000.0.42f1 (feb9a7235030)
[Subsystems] Discovering subsystems at path C:/Program Files/Unity/Hub/Editor/6000.0.42f1/Editor/Data/Resources/UnitySubsystems
[Subsystems] Discovering subsystems at path D:/Factory/NewWW/Assets
GfxDevice: creating device client; kGfxThreadingModeNonThreaded
Direct3D:
    Version:  Direct3D 11.0 [level 11.1]
    Renderer: NVIDIA GeForce RTX 3060 (ID=0x2504)
    Vendor:   NVIDIA
    VRAM:     12115 MB
    Driver:   32.0.15.9186
Initialize mono
Mono path[0] = 'C:/Program Files/Unity/Hub/Editor/6000.0.42f1/Editor/Data/Managed'
Mono path[1] = 'C:/Program Files/Unity/Hub/Editor/6000.0.42f1/Editor/Data/MonoBleedingEdge/lib/mono/unityjit-win32'
Mono config path = 'C:/Program Files/Unity/Hub/Editor/6000.0.42f1/Editor/Data/MonoBleedingEdge/etc'
Using monoOptions --debugger-agent=transport=dt_socket,embedding=1,server=y,suspend=n,address=127.0.0.1:56884
Begin MonoManager ReloadAssembly
Registering precompiled unity dll's ...
Register platform support module: C:/Program Files/Unity/Hub/Editor/6000.0.42f1/Editor/Data/PlaybackEngines/WindowsStandaloneSupport/UnityEditor.WindowsStandalone.Extensions.dll
Register platform support module: C:/Program Files/Unity/Hub/Editor/6000.0.42f1/Editor/Data/PlaybackEngines/AndroidPlayer/UnityEditor.Android.Extensions.dll
Register platform support module: C:/Program Files/Unity/Hub/Editor/6000.0.42f1/Editor/Data/PlaybackEngines/iOSSupport/UnityEditor.iOS.Extensions.dll
Registered in 0.015464 seconds.
- Loaded All Assemblies, in  0.910 seconds
[usbmuxd] Start listen thread
[usbmuxd] Listen thread started
Native extension for iOS target not found
Native extension for Android target not found
Android Extension - Scanning For ADB Devices 690 ms
Native extension for WindowsStandalone target not found
Mono: successfully reloaded assembly
- Finished resetting the current domain, in  1.077 seconds
Domain Reload Profiling: 1984ms
	BeginReloadAssembly (249ms)
		ExecutionOrderSort (0ms)
		DisableScriptedObjects (0ms)
		BackupInstance (0ms)
		ReleaseScriptingObjects (0ms)
		CreateAndSetChildDomain (1ms)
	RebuildCommonClasses (210ms)
	RebuildNativeTypeToScriptingClass (10ms)
	initialDomainReloadingComplete (60ms)
	LoadAllAssembliesAndSetupDomain (377ms)
		LoadAssemblies (248ms)
		RebuildTransferFunctionScriptingTraits (0ms)
		AnalyzeDomain (371ms)
			TypeCache.Refresh (370ms)
				TypeCache.ScanAssembly (331ms)
			BuildScriptInfoCaches (0ms)
			ResolveRequiredComponents (0ms)
	FinalizeReload (1077ms)
		ReleaseScriptCaches (0ms)
		RebuildScriptCaches (0ms)
		SetupLoadedEditorAssemblies (1038ms)
			LogAssemblyErrors (0ms)
			InitializePlatformSupportModulesInManaged (805ms)
			SetLoadedEditorAssemblies (4ms)
			BeforeProcessingInitializeOnLoad (47ms)
			ProcessInitializeOnLoadAttributes (119ms)
			ProcessInitializeOnLoadMethodAttributes (62ms)
			AfterProcessingInitializeOnLoad (0ms)
			EditorAssembliesLoaded (0ms)
		ExecutionOrderSort2 (0ms)
		AwakeInstancesAfterBackupRestoration (0ms)
========================================================================
Worker process is ready to serve import requests
Import Worker Mode flag is 0x00
Begin MonoManager ReloadAssembly
Symbol file LoadedFromMemory is not a mono symbol file
- Loaded All Assemblies, in  1.237 seconds
Refreshing native plugins compatible for Editor in 9.21 ms, found 6 plugins.
Native extension for iOS target not found
Native extension for Android target not found
Native extension for WindowsStandalone target not found
Package Manager log level set to [2]
[Package Manager] Failed to launch server process. Reason: Unity was launched with the -noUpm command-line argument
[Package Manager] Unable to send message (not connected to server process).
[Package Manager] Cannot connect to Unity Package Manager local server
Refreshing native plugins compatible for Editor in 9.24 ms, found 6 plugins.
[Package Manager] Failed to launch server process. Reason: Unity was launched with the -noUpm command-line argument
[Package Manager] Unable to send message (not connected to server process).
[Package Manager] Cannot connect to Unity Package Manager local server
AssertionException: Error removing Draco for Unity WebGL sub-packages.. Failed fetching installed packages.
Assertion failure. Values are not equal.
Expected: Failure == Success
  at UnityEngine.Assertions.Assert.Fail (System.String message, System.String userMessage) [0x00043] in <612ea0208cc847f49d539e6511ed3cd5>:0 
  at UnityEngine.Assertions.Assert.AreEqual[T] (T expected, T actual, System.String message, System.Collections.Generic.IEqualityComparer`1[T] comparer) [0x0005f] in <612ea0208cc847f49d539e6511ed3cd5>:0 
  at UnityEngine.Assertions.Assert.AreEqual[T] (T expected, T actual, System.String message) [0x00009] in <612ea0208cc847f49d539e6511ed3cd5>:0 
  at SubPackage.SubPackageRemover.GetAllInstalledPackagesAsync (System.Double timeout) [0x000b7] in .\Library\PackageCache\com.unity.cloud.draco@2ad9855b1dfa\Editor\Scripts\SubPackage\SubPackageRemover.cs:79 
  at SubPackage.SubPackageRemover.TryRemoveObsoleteSubPackagesAsync () [0x0002a] in .\Library\PackageCache\com.unity.cloud.draco@2ad9855b1dfa\Editor\Scripts\SubPackage\SubPackageRemover.cs:33 
UnityEngine.DebugLogHandler:Internal_LogException_Injected(Exception, IntPtr)
UnityEngine.DebugLogHandler:Internal_LogException(Exception, Object)
UnityEngine.DebugLogHandler:LogException(Exception, Object)
UnityEngine.Logger:LogException(Exception, Object)
UnityEngine.Debug:LogException(Exception)
SubPackage.<TryRemoveObsoleteSubPackagesAsync>d__5:MoveNext() (at .\Library\PackageCache\com.unity.cloud.draco@2ad9855b1dfa\Editor\Scripts\SubPackage\SubPackageRemover.cs:50)
System.Runtime.CompilerServices.AsyncTaskMethodBuilder:Start(<TryRemoveObsoleteSubPackagesAsync>d__5&)
SubPackage.SubPackageRemover:TryRemoveObsoleteSubPackagesAsync()
System.Reflection.RuntimeMethodInfo:InternalInvoke(RuntimeMethodInfo, Object, Object[], Exception&)
System.Reflection.RuntimeMethodInfo:Invoke(Object, BindingFlags, Binder, Object[], CultureInfo)
System.Reflection.MethodBase:Invoke(Object, Object[])
UnityEditor.EditorAssemblies:ProcessInitializeOnLoadMethodAttributes()

(Filename: ./Library/PackageCache/com.unity.cloud.draco@2ad9855b1dfa/Editor/Scripts/SubPackage/SubPackageRemover.cs Line: 50)

Mono: successfully reloaded assembly
- Finished resetting the current domain, in  1.022 seconds
Domain Reload Profiling: 2253ms
	BeginReloadAssembly (253ms)
		ExecutionOrderSort (0ms)
		DisableScriptedObjects (5ms)
		BackupInstance (0ms)
		ReleaseScriptingObjects (0ms)
		CreateAndSetChildDomain (27ms)
	RebuildCommonClasses (42ms)
	RebuildNativeTypeToScriptingClass (11ms)
	initialDomainReloadingComplete (45ms)
	LoadAllAssembliesAndSetupDomain (880ms)
		LoadAssemblies (751ms)
		RebuildTransferFunctionScriptingTraits (0ms)
		AnalyzeDomain (319ms)
			TypeCache.Refresh (258ms)
				TypeCache.ScanAssembly (237ms)
			BuildScriptInfoCaches (49ms)
			ResolveRequiredComponents (8ms)
	FinalizeReload (1023ms)
		ReleaseScriptCaches (0ms)
		RebuildScriptCaches (0ms)
		SetupLoadedEditorAssemblies (783ms)
			LogAssemblyErrors (0ms)
			InitializePlatformSupportModulesInManaged (21ms)
			SetLoadedEditorAssemblies (3ms)
			BeforeProcessingInitializeOnLoad (104ms)
			ProcessInitializeOnLoadAttributes (458ms)
			ProcessInitializeOnLoadMethodAttributes (190ms)
			AfterProcessingInitializeOnLoad (6ms)
			EditorAssembliesLoaded (0ms)
		ExecutionOrderSort2 (0ms)
		AwakeInstancesAfterBackupRestoration (8ms)
Launched and connected shader compiler UnityShaderCompiler.exe after 0.10 seconds
Refreshing native plugins compatible for Editor in 12.94 ms, found 6 plugins.
Preloading 1 native plugins for Editor in 0.16 ms.
Unloading 221 Unused Serialized files (Serialized files now loaded: 0)
Unloading 6938 unused Assets / (6.6 MB). Loaded Objects now: 7566.
Memory consumption went from 168.9 MB to 162.3 MB.
Total: 9.478400 ms (FindLiveObjects: 0.843300 ms CreateObjectMapping: 0.691500 ms MarkObjects: 4.003600 ms  DeleteObjects: 3.939100 ms)

========================================================================
Received Import Request.
  Time since last request: 114849.068476 seconds.
  path: Assets/TextMesh Pro/Resources/LineBreaking Leading Characters.txt
  artifactKey: Guid(d82c1b31c7e74239bff1220585707d2b) Importer(2089858483,192608db42251d675da83286b1cce702)
Start importing Assets/TextMesh Pro/Resources/LineBreaking Leading Characters.txt using Guid(d82c1b31c7e74239bff1220585707d2b) Importer(2089858483,192608db42251d675da83286b1cce702) (ScriptedImporter) -> (artifact id: '9553ab7ab0f5ef3853d5c23a51830e0a') in 0.1408409 seconds
Number of updated asset objects reloaded before import = 0Number of asset objects unloaded after import = 1

========================================================================
Received Import Request.
  Time since last request: 0.000017 seconds.
  path: Assets/TextMesh Pro/Shaders/TMP_Bitmap.shader
  artifactKey: Guid(128e987d567d4e2c824d754223b3f3b0) Importer(2089858483,192608db42251d675da83286b1cce702)
Start importing Assets/TextMesh Pro/Shaders/TMP_Bitmap.shader using Guid(128e987d567d4e2c824d754223b3f3b0) Importer(2089858483,192608db42251d675da83286b1cce702) (ScriptedImporter) -> (artifact id: '49453f069cb8f99434eef15f965ebcdc') in 0.0233919 seconds
Number of updated asset objects reloaded before import = 0Number of asset objects unloaded after import = 1

========================================================================
Received Import Request.
  Time since last request: 0.000020 seconds.
  path: Assets/TextMesh Pro/Resources/TMP Settings.asset
  artifactKey: Guid(3f5b5dff67a942289a9defa416b206f3) Importer(2089858483,192608db42251d675da83286b1cce702)
Start importing Assets/TextMesh Pro/Resources/TMP Settings.asset using Guid(3f5b5dff67a942289a9defa416b206f3) Importer(2089858483,192608db42251d675da83286b1cce702) (ScriptedImporter) -> (artifact id: 'e2a8cdcdbce5b7ea42a10a36631abae5') in 0.0617901 seconds
Number of updated asset objects reloaded before import = 0Number of asset objects unloaded after import = 15

========================================================================
Received Import Request.
  Time since last request: 0.000013 seconds.
  path: Assets/Sources/LocationStayManager.cs
  artifactKey: Guid(b9ba801b396f814449616a1d457ed73a) Importer(2089858483,192608db42251d675da83286b1cce702)
Start importing Assets/Sources/LocationStayManager.cs using Guid(b9ba801b396f814449616a1d457ed73a) Importer(2089858483,192608db42251d675da83286b1cce702) (ScriptedImporter) -> (artifact id: '67c9d135f4dbdade39ba47a08cd87e0d') in 0.0145648 seconds
Number of updated asset objects reloaded before import = 0Number of asset objects unloaded after import = 0

========================================================================
Received Import Request.
  Time since last request: 0.000015 seconds.
  path: Assets/TextMesh Pro/Shaders/SDFFunctions.hlsl
  artifactKey: Guid(96de908384869cd409c75efa351d5edf) Importer(2089858483,192608db42251d675da83286b1cce702)
Start importing Assets/TextMesh Pro/Shaders/SDFFunctions.hlsl using Guid(96de908384869cd409c75efa351d5edf) Importer(2089858483,192608db42251d675da83286b1cce702) (ScriptedImporter) -> (artifact id: 'f5e199ec5a0e4ae48062661553544012') in 0.0091519 seconds
Number of updated asset objects reloaded before import = 0Number of asset objects unloaded after import = 1

========================================================================
Received Import Request.
  Time since last request: 0.000013 seconds.
  path: Assets/Sources/GeometryUtils.cs
  artifactKey: Guid(696c3b0ebd9d1b04b80b0ad09a6a9ada) Importer(2089858483,192608db42251d675da83286b1cce702)
Start importing Assets/Sources/GeometryUtils.cs using Guid(696c3b0ebd9d1b04b80b0ad09a6a9ada) Importer(2089858483,192608db42251d675da83286b1cce702) (ScriptedImporter) -> (artifact id: '67697acb75553c873b2d00bf422d586e') in 0.0086898 seconds
Number of updated asset objects reloaded before import = 0Number of asset objects unloaded after import = 0

========================================================================
Received Import Request.
  Time since last request: 0.000016 seconds.
  path: Assets/Sources/LocationStayManager.BAK
  artifactKey: Guid(815cbe9c08b1a0b4484d736a22baf33d) Importer(2089858483,192608db42251d675da83286b1cce702)
Start importing Assets/Sources/LocationStayManager.BAK using Guid(815cbe9c08b1a0b4484d736a22baf33d) Importer(2089858483,192608db42251d675da83286b1cce702) (ScriptedImporter) -> (artifact id: '50f320d3cc720e3103e9a4c43c21f9ba') in 0.006792 seconds
Number of updated asset objects reloaded before import = 0Number of asset objects unloaded after import = 1

========================================================================
Received Import Request.
  Time since last request: 0.000027 seconds.
  path: Assets/TextMesh Pro/Sprites/EmojiOne.png
  artifactKey: Guid(dffef66376be4fa480fb02b19edbe903) Importer(2089858483,192608db42251d675da83286b1cce702)
Start importing Assets/TextMesh Pro/Sprites/EmojiOne.png using Guid(dffef66376be4fa480fb02b19edbe903) Importer(2089858483,192608db42251d675da83286b1cce702) (ScriptedImporter) -> (artifact id: '781ea3ee2458ca3a85e16dc2fdcf7679') in 0.0416136 seconds
Number of updated asset objects reloaded before import = 0Number of asset objects unloaded after import = 1

========================================================================
Received Import Request.
  Time since last request: 0.000031 seconds.
  path: Assets/TextMesh Pro/Shaders/TMP_Bitmap-Mobile.shader
  artifactKey: Guid(1e3b057af24249748ff873be7fafee47) Importer(2089858483,192608db42251d675da83286b1cce702)
Start importing Assets/TextMesh Pro/Shaders/TMP_Bitmap-Mobile.shader using Guid(1e3b057af24249748ff873be7fafee47) Importer(2089858483,192608db42251d675da83286b1cce702) (ScriptedImporter) -> (artifact id: 'a4847afb79d08e9c5849edae9012080f') in 0.0081255 seconds
Number of updated asset objects reloaded before import = 0Number of asset objects unloaded after import = 1

========================================================================
Received Import Request.
  Time since last request: 0.000011 seconds.
  path: Assets/InputSystem_Actions.inputactions
  artifactKey: Guid(052faaac586de48259a63d0c4782560b) Importer(2089858483,192608db42251d675da83286b1cce702)
Start importing Assets/InputSystem_Actions.inputactions using Guid(052faaac586de48259a63d0c4782560b) Importer(2089858483,192608db42251d675da83286b1cce702) (ScriptedImporter) -> (artifact id: 'b0829576e3937b24603fcb8a1529661b') in 0.1687765 seconds
Number of updated asset objects reloaded before import = 0Number of asset objects unloaded after import = 22

========================================================================
Received Import Request.
  Time since last request: 0.000019 seconds.
  path: Assets/TextMesh Pro/Shaders/TMP_Sprite.shader
  artifactKey: Guid(cf81c85f95fe47e1a27f6ae460cf182c) Importer(2089858483,192608db42251d675da83286b1cce702)
Start importing Assets/TextMesh Pro/Shaders/TMP_Sprite.shader using Guid(cf81c85f95fe47e1a27f6ae460cf182c) Importer(2089858483,192608db42251d675da83286b1cce702) (ScriptedImporter) -> (artifact id: 'd6ba3c8030cedd7831956da0dbd86358') in 0.0060356 seconds
Number of updated asset objects reloaded before import = 0Number of asset objects unloaded after import = 1

========================================================================
Received Import Request.
  Time since last request: 0.000021 seconds.
  path: Assets/TextMesh Pro/Shaders/TMP_SDF.shader
  artifactKey: Guid(68e6db2ebdc24f95958faec2be5558d6) Importer(2089858483,192608db42251d675da83286b1cce702)
Start importing Assets/TextMesh Pro/Shaders/TMP_SDF.shader using Guid(68e6db2ebdc24f95958faec2be5558d6) Importer(2089858483,192608db42251d675da83286b1cce702) (ScriptedImporter) -> (artifact id: '24433f33a57c02e255063a8bf851a23e') in 0.0067589 seconds
Number of updated asset objects reloaded before import = 0Number of asset objects unloaded after import = 1

========================================================================
Received Import Request.
  Time since last request: 0.000012 seconds.
  path: Assets/TextMesh Pro/Fonts/LiberationSans.ttf
  artifactKey: Guid(e3265ab4bf004d28a9537516768c1c75) Importer(2089858483,192608db42251d675da83286b1cce702)
Start importing Assets/TextMesh Pro/Fonts/LiberationSans.ttf using Guid(e3265ab4bf004d28a9537516768c1c75) Importer(2089858483,192608db42251d675da83286b1cce702) (ScriptedImporter) -> (artifact id: 'ab20fb8cbbc20730a0f9dd81ec76ccda') in 0.0210282 seconds
Number of updated asset objects reloaded before import = 0Number of asset objects unloaded after import = 3

========================================================================
Received Import Request.
  Time since last request: 0.000017 seconds.
  path: Assets/TextMesh Pro/Resources/Fonts & Materials/LiberationSans SDF - Outline.mat
  artifactKey: Guid(79459efec17a4d00a321bdcc27bbc385) Importer(2089858483,192608db42251d675da83286b1cce702)
Start importing Assets/TextMesh Pro/Resources/Fonts & Materials/LiberationSans SDF - Outline.mat using Guid(79459efec17a4d00a321bdcc27bbc385) Importer(2089858483,192608db42251d675da83286b1cce702) (ScriptedImporter) -> (artifact id: 'e1dd6a960a4999e0b3922429f5116d95') in 0.025218 seconds
Number of updated asset objects reloaded before import = 0Number of asset objects unloaded after import = 2

========================================================================
Received Prepare
Begin MonoManager ReloadAssembly
Symbol file LoadedFromMemory is not a mono symbol file
- Loaded All Assemblies, in  0.887 seconds
Refreshing native plugins compatible for Editor in 9.02 ms, found 6 plugins.
Native extension for iOS target not found
Native extension for Android target not found
Native extension for WindowsStandalone target not found
[Package Manager] Failed to launch server process. Reason: Unity was launched with the -noUpm command-line argument
[Package Manager] Unable to send message (not connected to server process).
[Package Manager] Cannot connect to Unity Package Manager local server
[Package Manager] Failed to launch server process. Reason: Unity was launched with the -noUpm command-line argument
[Package Manager] Unable to send message (not connected to server process).
[Package Manager] Cannot connect to Unity Package Manager local server
AssertionException: Error removing Draco for Unity WebGL sub-packages.. Failed fetching installed packages.
Assertion failure. Values are not equal.
Expected: Failure == Success
  at UnityEngine.Assertions.Assert.Fail (System.String message, System.String userMessage) [0x00043] in <612ea0208cc847f49d539e6511ed3cd5>:0 
  at UnityEngine.Assertions.Assert.AreEqual[T] (T expected, T actual, System.String message, System.Collections.Generic.IEqualityComparer`1[T] comparer) [0x0005f] in <612ea0208cc847f49d539e6511ed3cd5>:0 
  at UnityEngine.Assertions.Assert.AreEqual[T] (T expected, T actual, System.String message) [0x00009] in <612ea0208cc847f49d539e6511ed3cd5>:0 
  at SubPackage.SubPackageRemover.GetAllInstalledPackagesAsync (System.Double timeout) [0x000b7] in .\Library\PackageCache\com.unity.cloud.draco@2ad9855b1dfa\Editor\Scripts\SubPackage\SubPackageRemover.cs:79 
  at SubPackage.SubPackageRemover.TryRemoveObsoleteSubPackagesAsync () [0x0002a] in .\Library\PackageCache\com.unity.cloud.draco@2ad9855b1dfa\Editor\Scripts\SubPackage\SubPackageRemover.cs:33 
UnityEngine.DebugLogHandler:Internal_LogException_Injected(Exception, IntPtr)
UnityEngine.DebugLogHandler:Internal_LogException(Exception, Object)
UnityEngine.DebugLogHandler:LogException(Exception, Object)
UnityEngine.Logger:LogException(Exception, Object)
UnityEngine.Debug:LogException(Exception)
SubPackage.<TryRemoveObsoleteSubPackagesAsync>d__5:MoveNext() (at .\Library\PackageCache\com.unity.cloud.draco@2ad9855b1dfa\Editor\Scripts\SubPackage\SubPackageRemover.cs:50)
System.Runtime.CompilerServices.AsyncTaskMethodBuilder:Start(<TryRemoveObsoleteSubPackagesAsync>d__5&)
SubPackage.SubPackageRemover:TryRemoveObsoleteSubPackagesAsync()
System.Reflection.RuntimeMethodInfo:InternalInvoke(RuntimeMethodInfo, Object, Object[], Exception&)
System.Reflection.RuntimeMethodInfo:Invoke(Object, BindingFlags, Binder, Object[], CultureInfo)
System.Reflection.MethodBase:Invoke(Object, Object[])
UnityEditor.EditorAssemblies:ProcessInitializeOnLoadMethodAttributes()

(Filename: ./Library/PackageCache/com.unity.cloud.draco@2ad9855b1dfa/Editor/Scripts/SubPackage/SubPackageRemover.cs Line: 50)

Mono: successfully reloaded assembly
- Finished resetting the current domain, in  0.868 seconds
Domain Reload Profiling: 1754ms
	BeginReloadAssembly (298ms)
		ExecutionOrderSort (0ms)
		DisableScriptedObjects (7ms)
		BackupInstance (0ms)
		ReleaseScriptingObjects (0ms)
		CreateAndSetChildDomain (86ms)
	RebuildCommonClasses (36ms)
	RebuildNativeTypeToScriptingClass (11ms)
	initialDomainReloadingComplete (32ms)
	LoadAllAssembliesAndSetupDomain (508ms)
		LoadAssemblies (476ms)
		RebuildTransferFunctionScriptingTraits (0ms)
		AnalyzeDomain (194ms)
			TypeCache.Refresh (12ms)
				TypeCache.ScanAssembly (0ms)
			BuildScriptInfoCaches (169ms)
			ResolveRequiredComponents (8ms)
	FinalizeReload (869ms)
		ReleaseScriptCaches (0ms)
		RebuildScriptCaches (0ms)
		SetupLoadedEditorAssemblies (674ms)
			LogAssemblyErrors (0ms)
			InitializePlatformSupportModulesInManaged (18ms)
			SetLoadedEditorAssemblies (3ms)
			BeforeProcessingInitializeOnLoad (99ms)
			ProcessInitializeOnLoadAttributes (449ms)
			ProcessInitializeOnLoadMethodAttributes (96ms)
			AfterProcessingInitializeOnLoad (8ms)
			EditorAssembliesLoaded (0ms)
		ExecutionOrderSort2 (0ms)
		AwakeInstancesAfterBackupRestoration (12ms)
Refreshing native plugins compatible for Editor in 11.30 ms, found 6 plugins.
Preloading 1 native plugins for Editor in 0.15 ms.
Unloading 45 Unused Serialized files (Serialized files now loaded: 0)
Unloading 6933 unused Assets / (6.7 MB). Loaded Objects now: 7586.
Memory consumption went from 153.7 MB to 147.0 MB.
Total: 11.409400 ms (FindLiveObjects: 0.668400 ms CreateObjectMapping: 0.904100 ms MarkObjects: 5.327700 ms  DeleteObjects: 4.508000 ms)

Prepare: number of updated asset objects reloaded= 0
========================================================================
Received Prepare
Begin MonoManager ReloadAssembly
Symbol file LoadedFromMemory is not a mono symbol file
- Loaded All Assemblies, in  0.769 seconds
Refreshing native plugins compatible for Editor in 8.73 ms, found 6 plugins.
Native extension for iOS target not found
Native extension for Android target not found
Native extension for WindowsStandalone target not found
[Package Manager] Failed to launch server process. Reason: Unity was launched with the -noUpm command-line argument
[Package Manager] Unable to send message (not connected to server process).
[Package Manager] Cannot connect to Unity Package Manager local server
[Package Manager] Failed to launch server process. Reason: Unity was launched with the -noUpm command-line argument
[Package Manager] Unable to send message (not connected to server process).
[Package Manager] Cannot connect to Unity Package Manager local server
AssertionException: Error removing Draco for Unity WebGL sub-packages.. Failed fetching installed packages.
Assertion failure. Values are not equal.
Expected: Failure == Success
  at UnityEngine.Assertions.Assert.Fail (System.String message, System.String userMessage) [0x00043] in <612ea0208cc847f49d539e6511ed3cd5>:0 
  at UnityEngine.Assertions.Assert.AreEqual[T] (T expected, T actual, System.String message, System.Collections.Generic.IEqualityComparer`1[T] comparer) [0x0005f] in <612ea0208cc847f49d539e6511ed3cd5>:0 
  at UnityEngine.Assertions.Assert.AreEqual[T] (T expected, T actual, System.String message) [0x00009] in <612ea0208cc847f49d539e6511ed3cd5>:0 
  at SubPackage.SubPackageRemover.GetAllInstalledPackagesAsync (System.Double timeout) [0x000b7] in .\Library\PackageCache\com.unity.cloud.draco@2ad9855b1dfa\Editor\Scripts\SubPackage\SubPackageRemover.cs:79 
  at SubPackage.SubPackageRemover.TryRemoveObsoleteSubPackagesAsync () [0x0002a] in .\Library\PackageCache\com.unity.cloud.draco@2ad9855b1dfa\Editor\Scripts\SubPackage\SubPackageRemover.cs:33 
UnityEngine.DebugLogHandler:Internal_LogException_Injected(Exception, IntPtr)
UnityEngine.DebugLogHandler:Internal_LogException(Exception, Object)
UnityEngine.DebugLogHandler:LogException(Exception, Object)
UnityEngine.Logger:LogException(Exception, Object)
UnityEngine.Debug:LogException(Exception)
SubPackage.<TryRemoveObsoleteSubPackagesAsync>d__5:MoveNext() (at .\Library\PackageCache\com.unity.cloud.draco@2ad9855b1dfa\Editor\Scripts\SubPackage\SubPackageRemover.cs:50)
System.Runtime.CompilerServices.AsyncTaskMethodBuilder:Start(<TryRemoveObsoleteSubPackagesAsync>d__5&)
SubPackage.SubPackageRemover:TryRemoveObsoleteSubPackagesAsync()
System.Reflection.RuntimeMethodInfo:InternalInvoke(RuntimeMethodInfo, Object, Object[], Exception&)
System.Reflection.RuntimeMethodInfo:Invoke(Object, BindingFlags, Binder, Object[], CultureInfo)
System.Reflection.MethodBase:Invoke(Object, Object[])
UnityEditor.EditorAssemblies:ProcessInitializeOnLoadMethodAttributes()

(Filename: ./Library/PackageCache/com.unity.cloud.draco@2ad9855b1dfa/Editor/Scripts/SubPackage/SubPackageRemover.cs Line: 50)

Mono: successfully reloaded assembly
- Finished resetting the current domain, in  0.788 seconds
Domain Reload Profiling: 1556ms
	BeginReloadAssembly (257ms)
		ExecutionOrderSort (0ms)
		DisableScriptedObjects (6ms)
		BackupInstance (0ms)
		ReleaseScriptingObjects (0ms)
		CreateAndSetChildDomain (54ms)
	RebuildCommonClasses (35ms)
	RebuildNativeTypeToScriptingClass (11ms)
	initialDomainReloadingComplete (31ms)
	LoadAllAssembliesAndSetupDomain (434ms)
		LoadAssemblies (409ms)
		RebuildTransferFunctionScriptingTraits (0ms)
		AnalyzeDomain (180ms)
			TypeCache.Refresh (7ms)
				TypeCache.ScanAssembly (0ms)
			BuildScriptInfoCaches (159ms)
			ResolveRequiredComponents (9ms)
	FinalizeReload (788ms)
		ReleaseScriptCaches (0ms)
		RebuildScriptCaches (0ms)
		SetupLoadedEditorAssemblies (620ms)
			LogAssemblyErrors (0ms)
			InitializePlatformSupportModulesInManaged (17ms)
			SetLoadedEditorAssemblies (3ms)
			BeforeProcessingInitializeOnLoad (85ms)
			ProcessInitializeOnLoadAttributes (432ms)
			ProcessInitializeOnLoadMethodAttributes (77ms)
			AfterProcessingInitializeOnLoad (6ms)
			EditorAssembliesLoaded (0ms)
		ExecutionOrderSort2 (0ms)
		AwakeInstancesAfterBackupRestoration (11ms)
Refreshing native plugins compatible for Editor in 10.47 ms, found 6 plugins.
Preloading 1 native plugins for Editor in 0.14 ms.
Unloading 34 Unused Serialized files (Serialized files now loaded: 0)
Unloading 6933 unused Assets / (6.8 MB). Loaded Objects now: 7589.
Memory consumption went from 152.0 MB to 145.1 MB.
Total: 8.927000 ms (FindLiveObjects: 0.612700 ms CreateObjectMapping: 0.664500 ms MarkObjects: 4.209300 ms  DeleteObjects: 3.439400 ms)

Prepare: number of updated asset objects reloaded= 0
========================================================================
Received Prepare
Begin MonoManager ReloadAssembly
Symbol file LoadedFromMemory is not a mono symbol file
- Loaded All Assemblies, in  0.769 seconds
Refreshing native plugins compatible for Editor in 8.74 ms, found 6 plugins.
Native extension for iOS target not found
Native extension for Android target not found
Native extension for WindowsStandalone target not found
[Package Manager] Failed to launch server process. Reason: Unity was launched with the -noUpm command-line argument
[Package Manager] Unable to send message (not connected to server process).
[Package Manager] Cannot connect to Unity Package Manager local server
[Package Manager] Failed to launch server process. Reason: Unity was launched with the -noUpm command-line argument
[Package Manager] Unable to send message (not connected to server process).
[Package Manager] Cannot connect to Unity Package Manager local server
AssertionException: Error removing Draco for Unity WebGL sub-packages.. Failed fetching installed packages.
Assertion failure. Values are not equal.
Expected: Failure == Success
  at UnityEngine.Assertions.Assert.Fail (System.String message, System.String userMessage) [0x00043] in <612ea0208cc847f49d539e6511ed3cd5>:0 
  at UnityEngine.Assertions.Assert.AreEqual[T] (T expected, T actual, System.String message, System.Collections.Generic.IEqualityComparer`1[T] comparer) [0x0005f] in <612ea0208cc847f49d539e6511ed3cd5>:0 
  at UnityEngine.Assertions.Assert.AreEqual[T] (T expected, T actual, System.String message) [0x00009] in <612ea0208cc847f49d539e6511ed3cd5>:0 
  at SubPackage.SubPackageRemover.GetAllInstalledPackagesAsync (System.Double timeout) [0x000b7] in .\Library\PackageCache\com.unity.cloud.draco@2ad9855b1dfa\Editor\Scripts\SubPackage\SubPackageRemover.cs:79 
  at SubPackage.SubPackageRemover.TryRemoveObsoleteSubPackagesAsync () [0x0002a] in .\Library\PackageCache\com.unity.cloud.draco@2ad9855b1dfa\Editor\Scripts\SubPackage\SubPackageRemover.cs:33 
UnityEngine.DebugLogHandler:Internal_LogException_Injected(Exception, IntPtr)
UnityEngine.DebugLogHandler:Internal_LogException(Exception, Object)
UnityEngine.DebugLogHandler:LogException(Exception, Object)
UnityEngine.Logger:LogException(Exception, Object)
UnityEngine.Debug:LogException(Exception)
SubPackage.<TryRemoveObsoleteSubPackagesAsync>d__5:MoveNext() (at .\Library\PackageCache\com.unity.cloud.draco@2ad9855b1dfa\Editor\Scripts\SubPackage\SubPackageRemover.cs:50)
System.Runtime.CompilerServices.AsyncTaskMethodBuilder:Start(<TryRemoveObsoleteSubPackagesAsync>d__5&)
SubPackage.SubPackageRemover:TryRemoveObsoleteSubPackagesAsync()
System.Reflection.RuntimeMethodInfo:InternalInvoke(RuntimeMethodInfo, Object, Object[], Exception&)
System.Reflection.RuntimeMethodInfo:Invoke(Object, BindingFlags, Binder, Object[], CultureInfo)
System.Reflection.MethodBase:Invoke(Object, Object[])
UnityEditor.EditorAssemblies:ProcessInitializeOnLoadMethodAttributes()

(Filename: ./Library/PackageCache/com.unity.cloud.draco@2ad9855b1dfa/Editor/Scripts/SubPackage/SubPackageRemover.cs Line: 50)

Mono: successfully reloaded assembly
- Finished resetting the current domain, in  0.917 seconds
Domain Reload Profiling: 1685ms
	BeginReloadAssembly (248ms)
		ExecutionOrderSort (0ms)
		DisableScriptedObjects (5ms)
		BackupInstance (0ms)
		ReleaseScriptingObjects (0ms)
		CreateAndSetChildDomain (55ms)
	RebuildCommonClasses (33ms)
	RebuildNativeTypeToScriptingClass (11ms)
	initialDomainReloadingComplete (31ms)
	LoadAllAssembliesAndSetupDomain (445ms)
		LoadAssemblies (412ms)
		RebuildTransferFunctionScriptingTraits (0ms)
		AnalyzeDomain (180ms)
			TypeCache.Refresh (8ms)
				TypeCache.ScanAssembly (0ms)
			BuildScriptInfoCaches (161ms)
			ResolveRequiredComponents (8ms)
	FinalizeReload (917ms)
		ReleaseScriptCaches (0ms)
		RebuildScriptCaches (0ms)
		SetupLoadedEditorAssemblies (748ms)
			LogAssemblyErrors (0ms)
			InitializePlatformSupportModulesInManaged (18ms)
			SetLoadedEditorAssemblies (3ms)
			BeforeProcessingInitializeOnLoad (86ms)
			ProcessInitializeOnLoadAttributes (550ms)
			ProcessInitializeOnLoadMethodAttributes (84ms)
			AfterProcessingInitializeOnLoad (7ms)
			EditorAssembliesLoaded (1ms)
		ExecutionOrderSort2 (0ms)
		AwakeInstancesAfterBackupRestoration (12ms)
Refreshing native plugins compatible for Editor in 10.35 ms, found 6 plugins.
Preloading 1 native plugins for Editor in 0.15 ms.
Unloading 34 Unused Serialized files (Serialized files now loaded: 0)
Unloading 6933 unused Assets / (6.7 MB). Loaded Objects now: 7592.
Memory consumption went from 152.0 MB to 145.3 MB.
Total: 9.771400 ms (FindLiveObjects: 0.692100 ms CreateObjectMapping: 0.707000 ms MarkObjects: 4.520800 ms  DeleteObjects: 3.850500 ms)

Prepare: number of updated asset objects reloaded= 0
========================================================================
Received Prepare
Begin MonoManager ReloadAssembly
Symbol file LoadedFromMemory is not a mono symbol file
- Loaded All Assemblies, in  0.758 seconds
Refreshing native plugins compatible for Editor in 8.79 ms, found 6 plugins.
Native extension for iOS target not found
Native extension for Android target not found
Native extension for WindowsStandalone target not found
[Package Manager] Failed to launch server process. Reason: Unity was launched with the -noUpm command-line argument
[Package Manager] Unable to send message (not connected to server process).
[Package Manager] Cannot connect to Unity Package Manager local server
[Package Manager] Failed to launch server process. Reason: Unity was launched with the -noUpm command-line argument
[Package Manager] Unable to send message (not connected to server process).
[Package Manager] Cannot connect to Unity Package Manager local server
AssertionException: Error removing Draco for Unity WebGL sub-packages.. Failed fetching installed packages.
Assertion failure. Values are not equal.
Expected: Failure == Success
  at UnityEngine.Assertions.Assert.Fail (System.String message, System.String userMessage) [0x00043] in <612ea0208cc847f49d539e6511ed3cd5>:0 
  at UnityEngine.Assertions.Assert.AreEqual[T] (T expected, T actual, System.String message, System.Collections.Generic.IEqualityComparer`1[T] comparer) [0x0005f] in <612ea0208cc847f49d539e6511ed3cd5>:0 
  at UnityEngine.Assertions.Assert.AreEqual[T] (T expected, T actual, System.String message) [0x00009] in <612ea0208cc847f49d539e6511ed3cd5>:0 
  at SubPackage.SubPackageRemover.GetAllInstalledPackagesAsync (System.Double timeout) [0x000b7] in .\Library\PackageCache\com.unity.cloud.draco@2ad9855b1dfa\Editor\Scripts\SubPackage\SubPackageRemover.cs:79 
  at SubPackage.SubPackageRemover.TryRemoveObsoleteSubPackagesAsync () [0x0002a] in .\Library\PackageCache\com.unity.cloud.draco@2ad9855b1dfa\Editor\Scripts\SubPackage\SubPackageRemover.cs:33 
UnityEngine.DebugLogHandler:Internal_LogException_Injected(Exception, IntPtr)
UnityEngine.DebugLogHandler:Internal_LogException(Exception, Object)
UnityEngine.DebugLogHandler:LogException(Exception, Object)
UnityEngine.Logger:LogException(Exception, Object)
UnityEngine.Debug:LogException(Exception)
SubPackage.<TryRemoveObsoleteSubPackagesAsync>d__5:MoveNext() (at .\Library\PackageCache\com.unity.cloud.draco@2ad9855b1dfa\Editor\Scripts\SubPackage\SubPackageRemover.cs:50)
System.Runtime.CompilerServices.AsyncTaskMethodBuilder:Start(<TryRemoveObsoleteSubPackagesAsync>d__5&)
SubPackage.SubPackageRemover:TryRemoveObsoleteSubPackagesAsync()
System.Reflection.RuntimeMethodInfo:InternalInvoke(RuntimeMethodInfo, Object, Object[], Exception&)
System.Reflection.RuntimeMethodInfo:Invoke(Object, BindingFlags, Binder, Object[], CultureInfo)
System.Reflection.MethodBase:Invoke(Object, Object[])
UnityEditor.EditorAssemblies:ProcessInitializeOnLoadMethodAttributes()

(Filename: ./Library/PackageCache/com.unity.cloud.draco@2ad9855b1dfa/Editor/Scripts/SubPackage/SubPackageRemover.cs Line: 50)

Mono: successfully reloaded assembly
- Finished resetting the current domain, in  0.787 seconds
Domain Reload Profiling: 1543ms
	BeginReloadAssembly (232ms)
		ExecutionOrderSort (0ms)
		DisableScriptedObjects (5ms)
		BackupInstance (0ms)
		ReleaseScriptingObjects (0ms)
		CreateAndSetChildDomain (50ms)
	RebuildCommonClasses (36ms)
	RebuildNativeTypeToScriptingClass (11ms)
	initialDomainReloadingComplete (31ms)
	LoadAllAssembliesAndSetupDomain (446ms)
		LoadAssemblies (395ms)
		RebuildTransferFunctionScriptingTraits (0ms)
		AnalyzeDomain (185ms)
			TypeCache.Refresh (6ms)
				TypeCache.ScanAssembly (0ms)
			BuildScriptInfoCaches (167ms)
			ResolveRequiredComponents (8ms)
	FinalizeReload (787ms)
		ReleaseScriptCaches (0ms)
		RebuildScriptCaches (0ms)
		SetupLoadedEditorAssemblies (619ms)
			LogAssemblyErrors (0ms)
			InitializePlatformSupportModulesInManaged (17ms)
			SetLoadedEditorAssemblies (3ms)
			BeforeProcessingInitializeOnLoad (88ms)
			ProcessInitializeOnLoadAttributes (420ms)
			ProcessInitializeOnLoadMethodAttributes (84ms)
			AfterProcessingInitializeOnLoad (6ms)
			EditorAssembliesLoaded (0ms)
		ExecutionOrderSort2 (0ms)
		AwakeInstancesAfterBackupRestoration (11ms)
Refreshing native plugins compatible for Editor in 9.25 ms, found 6 plugins.
Preloading 1 native plugins for Editor in 0.13 ms.
Unloading 34 Unused Serialized files (Serialized files now loaded: 0)
Unloading 6933 unused Assets / (6.6 MB). Loaded Objects now: 7595.
Memory consumption went from 152.0 MB to 145.4 MB.
Total: 8.283000 ms (FindLiveObjects: 0.621300 ms CreateObjectMapping: 0.545600 ms MarkObjects: 3.798000 ms  DeleteObjects: 3.317200 ms)

Prepare: number of updated asset objects reloaded= 0
========================================================================
Received Prepare
Begin MonoManager ReloadAssembly
Symbol file LoadedFromMemory is not a mono symbol file
- Loaded All Assemblies, in  0.782 seconds
Refreshing native plugins compatible for Editor in 9.04 ms, found 6 plugins.
Native extension for iOS target not found
Native extension for Android target not found
Native extension for WindowsStandalone target not found
[Package Manager] Failed to launch server process. Reason: Unity was launched with the -noUpm command-line argument
[Package Manager] Unable to send message (not connected to server process).
[Package Manager] Cannot connect to Unity Package Manager local server
[Package Manager] Failed to launch server process. Reason: Unity was launched with the -noUpm command-line argument
[Package Manager] Unable to send message (not connected to server process).
[Package Manager] Cannot connect to Unity Package Manager local server
AssertionException: Error removing Draco for Unity WebGL sub-packages.. Failed fetching installed packages.
Assertion failure. Values are not equal.
Expected: Failure == Success
  at UnityEngine.Assertions.Assert.Fail (System.String message, System.String userMessage) [0x00043] in <612ea0208cc847f49d539e6511ed3cd5>:0 
  at UnityEngine.Assertions.Assert.AreEqual[T] (T expected, T actual, System.String message, System.Collections.Generic.IEqualityComparer`1[T] comparer) [0x0005f] in <612ea0208cc847f49d539e6511ed3cd5>:0 
  at UnityEngine.Assertions.Assert.AreEqual[T] (T expected, T actual, System.String message) [0x00009] in <612ea0208cc847f49d539e6511ed3cd5>:0 
  at SubPackage.SubPackageRemover.GetAllInstalledPackagesAsync (System.Double timeout) [0x000b7] in .\Library\PackageCache\com.unity.cloud.draco@2ad9855b1dfa\Editor\Scripts\SubPackage\SubPackageRemover.cs:79 
  at SubPackage.SubPackageRemover.TryRemoveObsoleteSubPackagesAsync () [0x0002a] in .\Library\PackageCache\com.unity.cloud.draco@2ad9855b1dfa\Editor\Scripts\SubPackage\SubPackageRemover.cs:33 
UnityEngine.DebugLogHandler:Internal_LogException_Injected(Exception, IntPtr)
UnityEngine.DebugLogHandler:Internal_LogException(Exception, Object)
UnityEngine.DebugLogHandler:LogException(Exception, Object)
UnityEngine.Logger:LogException(Exception, Object)
UnityEngine.Debug:LogException(Exception)
SubPackage.<TryRemoveObsoleteSubPackagesAsync>d__5:MoveNext() (at .\Library\PackageCache\com.unity.cloud.draco@2ad9855b1dfa\Editor\Scripts\SubPackage\SubPackageRemover.cs:50)
System.Runtime.CompilerServices.AsyncTaskMethodBuilder:Start(<TryRemoveObsoleteSubPackagesAsync>d__5&)
SubPackage.SubPackageRemover:TryRemoveObsoleteSubPackagesAsync()
System.Reflection.RuntimeMethodInfo:InternalInvoke(RuntimeMethodInfo, Object, Object[], Exception&)
System.Reflection.RuntimeMethodInfo:Invoke(Object, BindingFlags, Binder, Object[], CultureInfo)
System.Reflection.MethodBase:Invoke(Object, Object[])
UnityEditor.EditorAssemblies:ProcessInitializeOnLoadMethodAttributes()

(Filename: ./Library/PackageCache/com.unity.cloud.draco@2ad9855b1dfa/Editor/Scripts/SubPackage/SubPackageRemover.cs Line: 50)

Mono: successfully reloaded assembly
- Finished resetting the current domain, in  0.797 seconds
Domain Reload Profiling: 1578ms
	BeginReloadAssembly (249ms)
		ExecutionOrderSort (0ms)
		DisableScriptedObjects (7ms)
		BackupInstance (0ms)
		ReleaseScriptingObjects (0ms)
		CreateAndSetChildDomain (55ms)
	RebuildCommonClasses (33ms)
	RebuildNativeTypeToScriptingClass (12ms)
	initialDomainReloadingComplete (33ms)
	LoadAllAssembliesAndSetupDomain (455ms)
		LoadAssemblies (415ms)
		RebuildTransferFunctionScriptingTraits (0ms)
		AnalyzeDomain (187ms)
			TypeCache.Refresh (8ms)
				TypeCache.ScanAssembly (0ms)
			BuildScriptInfoCaches (162ms)
			ResolveRequiredComponents (11ms)
	FinalizeReload (797ms)
		ReleaseScriptCaches (0ms)
		RebuildScriptCaches (0ms)
		SetupLoadedEditorAssemblies (629ms)
			LogAssemblyErrors (0ms)
			InitializePlatformSupportModulesInManaged (18ms)
			SetLoadedEditorAssemblies (3ms)
			BeforeProcessingInitializeOnLoad (88ms)
			ProcessInitializeOnLoadAttributes (436ms)
			ProcessInitializeOnLoadMethodAttributes (79ms)
			AfterProcessingInitializeOnLoad (6ms)
			EditorAssembliesLoaded (0ms)
		ExecutionOrderSort2 (0ms)
		AwakeInstancesAfterBackupRestoration (11ms)
Refreshing native plugins compatible for Editor in 10.29 ms, found 6 plugins.
Preloading 1 native plugins for Editor in 0.15 ms.
Unloading 34 Unused Serialized files (Serialized files now loaded: 0)
Unloading 6933 unused Assets / (6.9 MB). Loaded Objects now: 7598.
Memory consumption went from 152.1 MB to 145.2 MB.
Total: 10.016000 ms (FindLiveObjects: 0.759800 ms CreateObjectMapping: 0.806300 ms MarkObjects: 4.484700 ms  DeleteObjects: 3.963900 ms)

Prepare: number of updated asset objects reloaded= 0
========================================================================
Received Prepare
Begin MonoManager ReloadAssembly
Symbol file LoadedFromMemory is not a mono symbol file
- Loaded All Assemblies, in  0.752 seconds
Refreshing native plugins compatible for Editor in 9.19 ms, found 6 plugins.
Native extension for iOS target not found
Native extension for Android target not found
Native extension for WindowsStandalone target not found
[Package Manager] Failed to launch server process. Reason: Unity was launched with the -noUpm command-line argument
[Package Manager] Unable to send message (not connected to server process).
[Package Manager] Cannot connect to Unity Package Manager local server
[Package Manager] Failed to launch server process. Reason: Unity was launched with the -noUpm command-line argument
[Package Manager] Unable to send message (not connected to server process).
[Package Manager] Cannot connect to Unity Package Manager local server
AssertionException: Error removing Draco for Unity WebGL sub-packages.. Failed fetching installed packages.
Assertion failure. Values are not equal.
Expected: Failure == Success
  at UnityEngine.Assertions.Assert.Fail (System.String message, System.String userMessage) [0x00043] in <612ea0208cc847f49d539e6511ed3cd5>:0 
  at UnityEngine.Assertions.Assert.AreEqual[T] (T expected, T actual, System.String message, System.Collections.Generic.IEqualityComparer`1[T] comparer) [0x0005f] in <612ea0208cc847f49d539e6511ed3cd5>:0 
  at UnityEngine.Assertions.Assert.AreEqual[T] (T expected, T actual, System.String message) [0x00009] in <612ea0208cc847f49d539e6511ed3cd5>:0 
  at SubPackage.SubPackageRemover.GetAllInstalledPackagesAsync (System.Double timeout) [0x000b7] in .\Library\PackageCache\com.unity.cloud.draco@2ad9855b1dfa\Editor\Scripts\SubPackage\SubPackageRemover.cs:79 
  at SubPackage.SubPackageRemover.TryRemoveObsoleteSubPackagesAsync () [0x0002a] in .\Library\PackageCache\com.unity.cloud.draco@2ad9855b1dfa\Editor\Scripts\SubPackage\SubPackageRemover.cs:33 
UnityEngine.DebugLogHandler:Internal_LogException_Injected(Exception, IntPtr)
UnityEngine.DebugLogHandler:Internal_LogException(Exception, Object)
UnityEngine.DebugLogHandler:LogException(Exception, Object)
UnityEngine.Logger:LogException(Exception, Object)
UnityEngine.Debug:LogException(Exception)
SubPackage.<TryRemoveObsoleteSubPackagesAsync>d__5:MoveNext() (at .\Library\PackageCache\com.unity.cloud.draco@2ad9855b1dfa\Editor\Scripts\SubPackage\SubPackageRemover.cs:50)
System.Runtime.CompilerServices.AsyncTaskMethodBuilder:Start(<TryRemoveObsoleteSubPackagesAsync>d__5&)
SubPackage.SubPackageRemover:TryRemoveObsoleteSubPackagesAsync()
System.Reflection.RuntimeMethodInfo:InternalInvoke(RuntimeMethodInfo, Object, Object[], Exception&)
System.Reflection.RuntimeMethodInfo:Invoke(Object, BindingFlags, Binder, Object[], CultureInfo)
System.Reflection.MethodBase:Invoke(Object, Object[])
UnityEditor.EditorAssemblies:ProcessInitializeOnLoadMethodAttributes()

(Filename: ./Library/PackageCache/com.unity.cloud.draco@2ad9855b1dfa/Editor/Scripts/SubPackage/SubPackageRemover.cs Line: 50)

Mono: successfully reloaded assembly
- Finished resetting the current domain, in  0.811 seconds
Domain Reload Profiling: 1562ms
	BeginReloadAssembly (242ms)
		ExecutionOrderSort (0ms)
		DisableScriptedObjects (7ms)
		BackupInstance (0ms)
		ReleaseScriptingObjects (0ms)
		CreateAndSetChildDomain (56ms)
	RebuildCommonClasses (31ms)
	RebuildNativeTypeToScriptingClass (11ms)
	initialDomainReloadingComplete (32ms)
	LoadAllAssembliesAndSetupDomain (435ms)
		LoadAssemblies (399ms)
		RebuildTransferFunctionScriptingTraits (0ms)
		AnalyzeDomain (174ms)
			TypeCache.Refresh (7ms)
				TypeCache.ScanAssembly (0ms)
			BuildScriptInfoCaches (154ms)
			ResolveRequiredComponents (8ms)
	FinalizeReload (811ms)
		ReleaseScriptCaches (0ms)
		RebuildScriptCaches (0ms)
		SetupLoadedEditorAssemblies (639ms)
			LogAssemblyErrors (0ms)
			InitializePlatformSupportModulesInManaged (18ms)
			SetLoadedEditorAssemblies (3ms)
			BeforeProcessingInitializeOnLoad (87ms)
			ProcessInitializeOnLoadAttributes (438ms)
			ProcessInitializeOnLoadMethodAttributes (87ms)
			AfterProcessingInitializeOnLoad (7ms)
			EditorAssembliesLoaded (0ms)
		ExecutionOrderSort2 (0ms)
		AwakeInstancesAfterBackupRestoration (13ms)
Refreshing native plugins compatible for Editor in 9.34 ms, found 6 plugins.
Preloading 1 native plugins for Editor in 0.20 ms.
Unloading 34 Unused Serialized files (Serialized files now loaded: 0)
Unloading 6933 unused Assets / (6.6 MB). Loaded Objects now: 7601.
Memory consumption went from 152.1 MB to 145.5 MB.
Total: 8.431400 ms (FindLiveObjects: 0.644700 ms CreateObjectMapping: 0.578600 ms MarkObjects: 3.879400 ms  DeleteObjects: 3.327000 ms)

Prepare: number of updated asset objects reloaded= 0
========================================================================
Received Prepare
Begin MonoManager ReloadAssembly
Symbol file LoadedFromMemory is not a mono symbol file
- Loaded All Assemblies, in  0.747 seconds
Refreshing native plugins compatible for Editor in 8.81 ms, found 6 plugins.
Native extension for iOS target not found
Native extension for Android target not found
Native extension for WindowsStandalone target not found
[Package Manager] Failed to launch server process. Reason: Unity was launched with the -noUpm command-line argument
[Package Manager] Unable to send message (not connected to server process).
[Package Manager] Cannot connect to Unity Package Manager local server
[Package Manager] Failed to launch server process. Reason: Unity was launched with the -noUpm command-line argument
[Package Manager] Unable to send message (not connected to server process).
[Package Manager] Cannot connect to Unity Package Manager local server
AssertionException: Error removing Draco for Unity WebGL sub-packages.. Failed fetching installed packages.
Assertion failure. Values are not equal.
Expected: Failure == Success
  at UnityEngine.Assertions.Assert.Fail (System.String message, System.String userMessage) [0x00043] in <612ea0208cc847f49d539e6511ed3cd5>:0 
  at UnityEngine.Assertions.Assert.AreEqual[T] (T expected, T actual, System.String message, System.Collections.Generic.IEqualityComparer`1[T] comparer) [0x0005f] in <612ea0208cc847f49d539e6511ed3cd5>:0 
  at UnityEngine.Assertions.Assert.AreEqual[T] (T expected, T actual, System.String message) [0x00009] in <612ea0208cc847f49d539e6511ed3cd5>:0 
  at SubPackage.SubPackageRemover.GetAllInstalledPackagesAsync (System.Double timeout) [0x000b7] in .\Library\PackageCache\com.unity.cloud.draco@2ad9855b1dfa\Editor\Scripts\SubPackage\SubPackageRemover.cs:79 
  at SubPackage.SubPackageRemover.TryRemoveObsoleteSubPackagesAsync () [0x0002a] in .\Library\PackageCache\com.unity.cloud.draco@2ad9855b1dfa\Editor\Scripts\SubPackage\SubPackageRemover.cs:33 
UnityEngine.DebugLogHandler:Internal_LogException_Injected(Exception, IntPtr)
UnityEngine.DebugLogHandler:Internal_LogException(Exception, Object)
UnityEngine.DebugLogHandler:LogException(Exception, Object)
UnityEngine.Logger:LogException(Exception, Object)
UnityEngine.Debug:LogException(Exception)
SubPackage.<TryRemoveObsoleteSubPackagesAsync>d__5:MoveNext() (at .\Library\PackageCache\com.unity.cloud.draco@2ad9855b1dfa\Editor\Scripts\SubPackage\SubPackageRemover.cs:50)
System.Runtime.CompilerServices.AsyncTaskMethodBuilder:Start(<TryRemoveObsoleteSubPackagesAsync>d__5&)
SubPackage.SubPackageRemover:TryRemoveObsoleteSubPackagesAsync()
System.Reflection.RuntimeMethodInfo:InternalInvoke(RuntimeMethodInfo, Object, Object[], Exception&)
System.Reflection.RuntimeMethodInfo:Invoke(Object, BindingFlags, Binder, Object[], CultureInfo)
System.Reflection.MethodBase:Invoke(Object, Object[])
UnityEditor.EditorAssemblies:ProcessInitializeOnLoadMethodAttributes()

(Filename: ./Library/PackageCache/com.unity.cloud.draco@2ad9855b1dfa/Editor/Scripts/SubPackage/SubPackageRemover.cs Line: 50)

Mono: successfully reloaded assembly
- Finished resetting the current domain, in  0.825 seconds
Domain Reload Profiling: 1572ms
	BeginReloadAssembly (242ms)
		ExecutionOrderSort (0ms)
		DisableScriptedObjects (6ms)
		BackupInstance (0ms)
		ReleaseScriptingObjects (0ms)
		CreateAndSetChildDomain (50ms)
	RebuildCommonClasses (33ms)
	RebuildNativeTypeToScriptingClass (11ms)
	initialDomainReloadingComplete (31ms)
	LoadAllAssembliesAndSetupDomain (428ms)
		LoadAssemblies (404ms)
		RebuildTransferFunctionScriptingTraits (0ms)
		AnalyzeDomain (172ms)
			TypeCache.Refresh (7ms)
				TypeCache.ScanAssembly (0ms)
			BuildScriptInfoCaches (153ms)
			ResolveRequiredComponents (8ms)
	FinalizeReload (826ms)
		ReleaseScriptCaches (0ms)
		RebuildScriptCaches (0ms)
		SetupLoadedEditorAssemblies (659ms)
			LogAssemblyErrors (0ms)
			InitializePlatformSupportModulesInManaged (20ms)
			SetLoadedEditorAssemblies (3ms)
			BeforeProcessingInitializeOnLoad (92ms)
			ProcessInitializeOnLoadAttributes (457ms)
			ProcessInitializeOnLoadMethodAttributes (81ms)
			AfterProcessingInitializeOnLoad (6ms)
			EditorAssembliesLoaded (0ms)
		ExecutionOrderSort2 (0ms)
		AwakeInstancesAfterBackupRestoration (11ms)
Refreshing native plugins compatible for Editor in 9.00 ms, found 6 plugins.
Preloading 1 native plugins for Editor in 0.15 ms.
Unloading 34 Unused Serialized files (Serialized files now loaded: 0)
Unloading 6933 unused Assets / (6.5 MB). Loaded Objects now: 7604.
Memory consumption went from 152.0 MB to 145.5 MB.
Total: 8.022100 ms (FindLiveObjects: 0.584300 ms CreateObjectMapping: 0.541700 ms MarkObjects: 3.724600 ms  DeleteObjects: 3.170700 ms)

Prepare: number of updated asset objects reloaded= 0
========================================================================
Received Prepare
Begin MonoManager ReloadAssembly
Symbol file LoadedFromMemory is not a mono symbol file
- Loaded All Assemblies, in  0.771 seconds
Refreshing native plugins compatible for Editor in 8.85 ms, found 6 plugins.
Native extension for iOS target not found
Native extension for Android target not found
Native extension for WindowsStandalone target not found
[Package Manager] Failed to launch server process. Reason: Unity was launched with the -noUpm command-line argument
[Package Manager] Unable to send message (not connected to server process).
[Package Manager] Cannot connect to Unity Package Manager local server
[Package Manager] Failed to launch server process. Reason: Unity was launched with the -noUpm command-line argument
[Package Manager] Unable to send message (not connected to server process).
[Package Manager] Cannot connect to Unity Package Manager local server
AssertionException: Error removing Draco for Unity WebGL sub-packages.. Failed fetching installed packages.
Assertion failure. Values are not equal.
Expected: Failure == Success
  at UnityEngine.Assertions.Assert.Fail (System.String message, System.String userMessage) [0x00043] in <612ea0208cc847f49d539e6511ed3cd5>:0 
  at UnityEngine.Assertions.Assert.AreEqual[T] (T expected, T actual, System.String message, System.Collections.Generic.IEqualityComparer`1[T] comparer) [0x0005f] in <612ea0208cc847f49d539e6511ed3cd5>:0 
  at UnityEngine.Assertions.Assert.AreEqual[T] (T expected, T actual, System.String message) [0x00009] in <612ea0208cc847f49d539e6511ed3cd5>:0 
  at SubPackage.SubPackageRemover.GetAllInstalledPackagesAsync (System.Double timeout) [0x000b7] in .\Library\PackageCache\com.unity.cloud.draco@2ad9855b1dfa\Editor\Scripts\SubPackage\SubPackageRemover.cs:79 
  at SubPackage.SubPackageRemover.TryRemoveObsoleteSubPackagesAsync () [0x0002a] in .\Library\PackageCache\com.unity.cloud.draco@2ad9855b1dfa\Editor\Scripts\SubPackage\SubPackageRemover.cs:33 
UnityEngine.DebugLogHandler:Internal_LogException_Injected(Exception, IntPtr)
UnityEngine.DebugLogHandler:Internal_LogException(Exception, Object)
UnityEngine.DebugLogHandler:LogException(Exception, Object)
UnityEngine.Logger:LogException(Exception, Object)
UnityEngine.Debug:LogException(Exception)
SubPackage.<TryRemoveObsoleteSubPackagesAsync>d__5:MoveNext() (at .\Library\PackageCache\com.unity.cloud.draco@2ad9855b1dfa\Editor\Scripts\SubPackage\SubPackageRemover.cs:50)
System.Runtime.CompilerServices.AsyncTaskMethodBuilder:Start(<TryRemoveObsoleteSubPackagesAsync>d__5&)
SubPackage.SubPackageRemover:TryRemoveObsoleteSubPackagesAsync()
System.Reflection.RuntimeMethodInfo:InternalInvoke(RuntimeMethodInfo, Object, Object[], Exception&)
System.Reflection.RuntimeMethodInfo:Invoke(Object, BindingFlags, Binder, Object[], CultureInfo)
System.Reflection.MethodBase:Invoke(Object, Object[])
UnityEditor.EditorAssemblies:ProcessInitializeOnLoadMethodAttributes()

(Filename: ./Library/PackageCache/com.unity.cloud.draco@2ad9855b1dfa/Editor/Scripts/SubPackage/SubPackageRemover.cs Line: 50)

Mono: successfully reloaded assembly
- Finished resetting the current domain, in  0.750 seconds
Domain Reload Profiling: 1522ms
	BeginReloadAssembly (237ms)
		ExecutionOrderSort (0ms)
		DisableScriptedObjects (5ms)
		BackupInstance (0ms)
		ReleaseScriptingObjects (0ms)
		CreateAndSetChildDomain (45ms)
	RebuildCommonClasses (32ms)
	RebuildNativeTypeToScriptingClass (11ms)
	initialDomainReloadingComplete (32ms)
	LoadAllAssembliesAndSetupDomain (460ms)
		LoadAssemblies (423ms)
		RebuildTransferFunctionScriptingTraits (0ms)
		AnalyzeDomain (181ms)
			TypeCache.Refresh (7ms)
				TypeCache.ScanAssembly (0ms)
			BuildScriptInfoCaches (161ms)
			ResolveRequiredComponents (8ms)
	FinalizeReload (750ms)
		ReleaseScriptCaches (0ms)
		RebuildScriptCaches (0ms)
		SetupLoadedEditorAssemblies (582ms)
			LogAssemblyErrors (0ms)
			InitializePlatformSupportModulesInManaged (19ms)
			SetLoadedEditorAssemblies (3ms)
			BeforeProcessingInitializeOnLoad (88ms)
			ProcessInitializeOnLoadAttributes (397ms)
			ProcessInitializeOnLoadMethodAttributes (70ms)
			AfterProcessingInitializeOnLoad (5ms)
			EditorAssembliesLoaded (0ms)
		ExecutionOrderSort2 (0ms)
		AwakeInstancesAfterBackupRestoration (10ms)
Refreshing native plugins compatible for Editor in 9.22 ms, found 6 plugins.
Preloading 1 native plugins for Editor in 0.14 ms.
Unloading 34 Unused Serialized files (Serialized files now loaded: 0)
Unloading 6933 unused Assets / (6.4 MB). Loaded Objects now: 7607.
Memory consumption went from 152.1 MB to 145.7 MB.
Total: 7.267500 ms (FindLiveObjects: 0.558400 ms CreateObjectMapping: 0.511400 ms MarkObjects: 3.524200 ms  DeleteObjects: 2.672600 ms)

Prepare: number of updated asset objects reloaded= 0
========================================================================
Received Prepare
Begin MonoManager ReloadAssembly
Symbol file LoadedFromMemory is not a mono symbol file
- Loaded All Assemblies, in  0.764 seconds
Refreshing native plugins compatible for Editor in 8.93 ms, found 6 plugins.
Native extension for iOS target not found
Native extension for Android target not found
Native extension for WindowsStandalone target not found
[Package Manager] Failed to launch server process. Reason: Unity was launched with the -noUpm command-line argument
[Package Manager] Unable to send message (not connected to server process).
[Package Manager] Cannot connect to Unity Package Manager local server
[Package Manager] Failed to launch server process. Reason: Unity was launched with the -noUpm command-line argument
[Package Manager] Unable to send message (not connected to server process).
[Package Manager] Cannot connect to Unity Package Manager local server
AssertionException: Error removing Draco for Unity WebGL sub-packages.. Failed fetching installed packages.
Assertion failure. Values are not equal.
Expected: Failure == Success
  at UnityEngine.Assertions.Assert.Fail (System.String message, System.String userMessage) [0x00043] in <612ea0208cc847f49d539e6511ed3cd5>:0 
  at UnityEngine.Assertions.Assert.AreEqual[T] (T expected, T actual, System.String message, System.Collections.Generic.IEqualityComparer`1[T] comparer) [0x0005f] in <612ea0208cc847f49d539e6511ed3cd5>:0 
  at UnityEngine.Assertions.Assert.AreEqual[T] (T expected, T actual, System.String message) [0x00009] in <612ea0208cc847f49d539e6511ed3cd5>:0 
  at SubPackage.SubPackageRemover.GetAllInstalledPackagesAsync (System.Double timeout) [0x000b7] in .\Library\PackageCache\com.unity.cloud.draco@2ad9855b1dfa\Editor\Scripts\SubPackage\SubPackageRemover.cs:79 
  at SubPackage.SubPackageRemover.TryRemoveObsoleteSubPackagesAsync () [0x0002a] in .\Library\PackageCache\com.unity.cloud.draco@2ad9855b1dfa\Editor\Scripts\SubPackage\SubPackageRemover.cs:33 
UnityEngine.DebugLogHandler:Internal_LogException_Injected(Exception, IntPtr)
UnityEngine.DebugLogHandler:Internal_LogException(Exception, Object)
UnityEngine.DebugLogHandler:LogException(Exception, Object)
UnityEngine.Logger:LogException(Exception, Object)
UnityEngine.Debug:LogException(Exception)
SubPackage.<TryRemoveObsoleteSubPackagesAsync>d__5:MoveNext() (at .\Library\PackageCache\com.unity.cloud.draco@2ad9855b1dfa\Editor\Scripts\SubPackage\SubPackageRemover.cs:50)
System.Runtime.CompilerServices.AsyncTaskMethodBuilder:Start(<TryRemoveObsoleteSubPackagesAsync>d__5&)
SubPackage.SubPackageRemover:TryRemoveObsoleteSubPackagesAsync()
System.Reflection.RuntimeMethodInfo:InternalInvoke(RuntimeMethodInfo, Object, Object[], Exception&)
System.Reflection.RuntimeMethodInfo:Invoke(Object, BindingFlags, Binder, Object[], CultureInfo)
System.Reflection.MethodBase:Invoke(Object, Object[])
UnityEditor.EditorAssemblies:ProcessInitializeOnLoadMethodAttributes()

(Filename: ./Library/PackageCache/com.unity.cloud.draco@2ad9855b1dfa/Editor/Scripts/SubPackage/SubPackageRemover.cs Line: 50)

Mono: successfully reloaded assembly
- Finished resetting the current domain, in  0.771 seconds
Domain Reload Profiling: 1535ms
	BeginReloadAssembly (241ms)
		ExecutionOrderSort (0ms)
		DisableScriptedObjects (6ms)
		BackupInstance (0ms)
		ReleaseScriptingObjects (0ms)
		CreateAndSetChildDomain (54ms)
	RebuildCommonClasses (34ms)
	RebuildNativeTypeToScriptingClass (11ms)
	initialDomainReloadingComplete (31ms)
	LoadAllAssembliesAndSetupDomain (447ms)
		LoadAssemblies (407ms)
		RebuildTransferFunctionScriptingTraits (0ms)
		AnalyzeDomain (178ms)
			TypeCache.Refresh (8ms)
				TypeCache.ScanAssembly (0ms)
			BuildScriptInfoCaches (157ms)
			ResolveRequiredComponents (8ms)
	FinalizeReload (772ms)
		ReleaseScriptCaches (0ms)
		RebuildScriptCaches (0ms)
		SetupLoadedEditorAssemblies (604ms)
			LogAssemblyErrors (0ms)
			InitializePlatformSupportModulesInManaged (17ms)
			SetLoadedEditorAssemblies (3ms)
			BeforeProcessingInitializeOnLoad (90ms)
			ProcessInitializeOnLoadAttributes (416ms)
			ProcessInitializeOnLoadMethodAttributes (71ms)
			AfterProcessingInitializeOnLoad (6ms)
			EditorAssembliesLoaded (0ms)
		ExecutionOrderSort2 (0ms)
		AwakeInstancesAfterBackupRestoration (11ms)
Refreshing native plugins compatible for Editor in 8.85 ms, found 6 plugins.
Preloading 1 native plugins for Editor in 0.14 ms.
Unloading 34 Unused Serialized files (Serialized files now loaded: 0)
Unloading 6933 unused Assets / (6.8 MB). Loaded Objects now: 7610.
Memory consumption went from 152.0 MB to 145.3 MB.
Total: 8.243100 ms (FindLiveObjects: 0.567400 ms CreateObjectMapping: 0.566400 ms MarkObjects: 3.757100 ms  DeleteObjects: 3.351200 ms)

Prepare: number of updated asset objects reloaded= 0
========================================================================
Received Prepare
Begin MonoManager ReloadAssembly
Symbol file LoadedFromMemory is not a mono symbol file
- Loaded All Assemblies, in  0.800 seconds
Refreshing native plugins compatible for Editor in 8.94 ms, found 6 plugins.
Native extension for iOS target not found
Native extension for Android target not found
Native extension for WindowsStandalone target not found
[Package Manager] Failed to launch server process. Reason: Unity was launched with the -noUpm command-line argument
[Package Manager] Unable to send message (not connected to server process).
[Package Manager] Cannot connect to Unity Package Manager local server
[Package Manager] Failed to launch server process. Reason: Unity was launched with the -noUpm command-line argument
[Package Manager] Unable to send message (not connected to server process).
[Package Manager] Cannot connect to Unity Package Manager local server
AssertionException: Error removing Draco for Unity WebGL sub-packages.. Failed fetching installed packages.
Assertion failure. Values are not equal.
Expected: Failure == Success
  at UnityEngine.Assertions.Assert.Fail (System.String message, System.String userMessage) [0x00043] in <612ea0208cc847f49d539e6511ed3cd5>:0 
  at UnityEngine.Assertions.Assert.AreEqual[T] (T expected, T actual, System.String message, System.Collections.Generic.IEqualityComparer`1[T] comparer) [0x0005f] in <612ea0208cc847f49d539e6511ed3cd5>:0 
  at UnityEngine.Assertions.Assert.AreEqual[T] (T expected, T actual, System.String message) [0x00009] in <612ea0208cc847f49d539e6511ed3cd5>:0 
  at SubPackage.SubPackageRemover.GetAllInstalledPackagesAsync (System.Double timeout) [0x000b7] in .\Library\PackageCache\com.unity.cloud.draco@2ad9855b1dfa\Editor\Scripts\SubPackage\SubPackageRemover.cs:79 
  at SubPackage.SubPackageRemover.TryRemoveObsoleteSubPackagesAsync () [0x0002a] in .\Library\PackageCache\com.unity.cloud.draco@2ad9855b1dfa\Editor\Scripts\SubPackage\SubPackageRemover.cs:33 
UnityEngine.DebugLogHandler:Internal_LogException_Injected(Exception, IntPtr)
UnityEngine.DebugLogHandler:Internal_LogException(Exception, Object)
UnityEngine.DebugLogHandler:LogException(Exception, Object)
UnityEngine.Logger:LogException(Exception, Object)
UnityEngine.Debug:LogException(Exception)
SubPackage.<TryRemoveObsoleteSubPackagesAsync>d__5:MoveNext() (at .\Library\PackageCache\com.unity.cloud.draco@2ad9855b1dfa\Editor\Scripts\SubPackage\SubPackageRemover.cs:50)
System.Runtime.CompilerServices.AsyncTaskMethodBuilder:Start(<TryRemoveObsoleteSubPackagesAsync>d__5&)
SubPackage.SubPackageRemover:TryRemoveObsoleteSubPackagesAsync()
System.Reflection.RuntimeMethodInfo:InternalInvoke(RuntimeMethodInfo, Object, Object[], Exception&)
System.Reflection.RuntimeMethodInfo:Invoke(Object, BindingFlags, Binder, Object[], CultureInfo)
System.Reflection.MethodBase:Invoke(Object, Object[])
UnityEditor.EditorAssemblies:ProcessInitializeOnLoadMethodAttributes()

(Filename: ./Library/PackageCache/com.unity.cloud.draco@2ad9855b1dfa/Editor/Scripts/SubPackage/SubPackageRemover.cs Line: 50)

Mono: successfully reloaded assembly
- Finished resetting the current domain, in  0.863 seconds
Domain Reload Profiling: 1662ms
	BeginReloadAssembly (243ms)
		ExecutionOrderSort (0ms)
		DisableScriptedObjects (5ms)
		BackupInstance (0ms)
		ReleaseScriptingObjects (0ms)
		CreateAndSetChildDomain (50ms)
	RebuildCommonClasses (37ms)
	RebuildNativeTypeToScriptingClass (11ms)
	initialDomainReloadingComplete (35ms)
	LoadAllAssembliesAndSetupDomain (473ms)
		LoadAssemblies (429ms)
		RebuildTransferFunctionScriptingTraits (0ms)
		AnalyzeDomain (191ms)
			TypeCache.Refresh (8ms)
				TypeCache.ScanAssembly (0ms)
			BuildScriptInfoCaches (171ms)
			ResolveRequiredComponents (8ms)
	FinalizeReload (863ms)
		ReleaseScriptCaches (0ms)
		RebuildScriptCaches (0ms)
		SetupLoadedEditorAssemblies (686ms)
			LogAssemblyErrors (0ms)
			InitializePlatformSupportModulesInManaged (18ms)
			SetLoadedEditorAssemblies (3ms)
			BeforeProcessingInitializeOnLoad (84ms)
			ProcessInitializeOnLoadAttributes (490ms)
			ProcessInitializeOnLoadMethodAttributes (85ms)
			AfterProcessingInitializeOnLoad (6ms)
			EditorAssembliesLoaded (0ms)
		ExecutionOrderSort2 (0ms)
		AwakeInstancesAfterBackupRestoration (12ms)
Refreshing native plugins compatible for Editor in 10.15 ms, found 6 plugins.
Preloading 1 native plugins for Editor in 0.15 ms.
Unloading 34 Unused Serialized files (Serialized files now loaded: 0)
Unloading 6933 unused Assets / (6.0 MB). Loaded Objects now: 7613.
Memory consumption went from 152.0 MB to 146.1 MB.
Total: 9.757900 ms (FindLiveObjects: 0.838200 ms CreateObjectMapping: 0.983300 ms MarkObjects: 4.299500 ms  DeleteObjects: 3.635600 ms)

Prepare: number of updated asset objects reloaded= 0
========================================================================
Received Prepare
Begin MonoManager ReloadAssembly
Symbol file LoadedFromMemory is not a mono symbol file
- Loaded All Assemblies, in  0.763 seconds
Refreshing native plugins compatible for Editor in 9.38 ms, found 6 plugins.
Native extension for iOS target not found
Native extension for Android target not found
Native extension for WindowsStandalone target not found
[Package Manager] Failed to launch server process. Reason: Unity was launched with the -noUpm command-line argument
[Package Manager] Unable to send message (not connected to server process).
[Package Manager] Cannot connect to Unity Package Manager local server
[Package Manager] Failed to launch server process. Reason: Unity was launched with the -noUpm command-line argument
[Package Manager] Unable to send message (not connected to server process).
[Package Manager] Cannot connect to Unity Package Manager local server
AssertionException: Error removing Draco for Unity WebGL sub-packages.. Failed fetching installed packages.
Assertion failure. Values are not equal.
Expected: Failure == Success
  at UnityEngine.Assertions.Assert.Fail (System.String message, System.String userMessage) [0x00043] in <612ea0208cc847f49d539e6511ed3cd5>:0 
  at UnityEngine.Assertions.Assert.AreEqual[T] (T expected, T actual, System.String message, System.Collections.Generic.IEqualityComparer`1[T] comparer) [0x0005f] in <612ea0208cc847f49d539e6511ed3cd5>:0 
  at UnityEngine.Assertions.Assert.AreEqual[T] (T expected, T actual, System.String message) [0x00009] in <612ea0208cc847f49d539e6511ed3cd5>:0 
  at SubPackage.SubPackageRemover.GetAllInstalledPackagesAsync (System.Double timeout) [0x000b7] in .\Library\PackageCache\com.unity.cloud.draco@2ad9855b1dfa\Editor\Scripts\SubPackage\SubPackageRemover.cs:79 
  at SubPackage.SubPackageRemover.TryRemoveObsoleteSubPackagesAsync () [0x0002a] in .\Library\PackageCache\com.unity.cloud.draco@2ad9855b1dfa\Editor\Scripts\SubPackage\SubPackageRemover.cs:33 
UnityEngine.DebugLogHandler:Internal_LogException_Injected(Exception, IntPtr)
UnityEngine.DebugLogHandler:Internal_LogException(Exception, Object)
UnityEngine.DebugLogHandler:LogException(Exception, Object)
UnityEngine.Logger:LogException(Exception, Object)
UnityEngine.Debug:LogException(Exception)
SubPackage.<TryRemoveObsoleteSubPackagesAsync>d__5:MoveNext() (at .\Library\PackageCache\com.unity.cloud.draco@2ad9855b1dfa\Editor\Scripts\SubPackage\SubPackageRemover.cs:50)
System.Runtime.CompilerServices.AsyncTaskMethodBuilder:Start(<TryRemoveObsoleteSubPackagesAsync>d__5&)
SubPackage.SubPackageRemover:TryRemoveObsoleteSubPackagesAsync()
System.Reflection.RuntimeMethodInfo:InternalInvoke(RuntimeMethodInfo, Object, Object[], Exception&)
System.Reflection.RuntimeMethodInfo:Invoke(Object, BindingFlags, Binder, Object[], CultureInfo)
System.Reflection.MethodBase:Invoke(Object, Object[])
UnityEditor.EditorAssemblies:ProcessInitializeOnLoadMethodAttributes()

(Filename: ./Library/PackageCache/com.unity.cloud.draco@2ad9855b1dfa/Editor/Scripts/SubPackage/SubPackageRemover.cs Line: 50)

Mono: successfully reloaded assembly
- Finished resetting the current domain, in  0.844 seconds
Domain Reload Profiling: 1607ms
	BeginReloadAssembly (246ms)
		ExecutionOrderSort (0ms)
		DisableScriptedObjects (5ms)
		BackupInstance (0ms)
		ReleaseScriptingObjects (0ms)
		CreateAndSetChildDomain (53ms)
	RebuildCommonClasses (32ms)
	RebuildNativeTypeToScriptingClass (11ms)
	initialDomainReloadingComplete (33ms)
	LoadAllAssembliesAndSetupDomain (441ms)
		LoadAssemblies (420ms)
		RebuildTransferFunctionScriptingTraits (0ms)
		AnalyzeDomain (169ms)
			TypeCache.Refresh (7ms)
				TypeCache.ScanAssembly (0ms)
			BuildScriptInfoCaches (150ms)
			ResolveRequiredComponents (8ms)
	FinalizeReload (844ms)
		ReleaseScriptCaches (0ms)
		RebuildScriptCaches (0ms)
		SetupLoadedEditorAssemblies (672ms)
			LogAssemblyErrors (0ms)
			InitializePlatformSupportModulesInManaged (18ms)
			SetLoadedEditorAssemblies (3ms)
			BeforeProcessingInitializeOnLoad (92ms)
			ProcessInitializeOnLoadAttributes (471ms)
			ProcessInitializeOnLoadMethodAttributes (82ms)
			AfterProcessingInitializeOnLoad (6ms)
			EditorAssembliesLoaded (0ms)
		ExecutionOrderSort2 (0ms)
		AwakeInstancesAfterBackupRestoration (12ms)
Refreshing native plugins compatible for Editor in 9.45 ms, found 6 plugins.
Preloading 1 native plugins for Editor in 0.13 ms.
Unloading 34 Unused Serialized files (Serialized files now loaded: 0)
Unloading 6933 unused Assets / (6.9 MB). Loaded Objects now: 7616.
Memory consumption went from 152.1 MB to 145.2 MB.
Total: 8.909600 ms (FindLiveObjects: 0.653000 ms CreateObjectMapping: 0.556900 ms MarkObjects: 4.006500 ms  DeleteObjects: 3.692100 ms)

Prepare: number of updated asset objects reloaded= 0
========================================================================
Received Prepare
Refreshing native plugins compatible for Editor in 9.29 ms, found 6 plugins.
Preloading 1 native plugins for Editor in 0.15 ms.
Unloading 34 Unused Serialized files (Serialized files now loaded: 0)
Unloading 6892 unused Assets / (6.5 MB). Loaded Objects now: 7616.
Memory consumption went from 151.9 MB to 145.4 MB.
Total: 8.594200 ms (FindLiveObjects: 0.582200 ms CreateObjectMapping: 0.553600 ms MarkObjects: 4.337400 ms  DeleteObjects: 3.120200 ms)

Prepare: number of updated asset objects reloaded= 0
========================================================================
Received Prepare
Begin MonoManager ReloadAssembly
Symbol file LoadedFromMemory is not a mono symbol file
- Loaded All Assemblies, in  0.797 seconds
Refreshing native plugins compatible for Editor in 9.17 ms, found 6 plugins.
Native extension for iOS target not found
Native extension for Android target not found
Native extension for WindowsStandalone target not found
[Package Manager] Failed to launch server process. Reason: Unity was launched with the -noUpm command-line argument
[Package Manager] Unable to send message (not connected to server process).
[Package Manager] Cannot connect to Unity Package Manager local server
[Package Manager] Failed to launch server process. Reason: Unity was launched with the -noUpm command-line argument
[Package Manager] Unable to send message (not connected to server process).
[Package Manager] Cannot connect to Unity Package Manager local server
AssertionException: Error removing Draco for Unity WebGL sub-packages.. Failed fetching installed packages.
Assertion failure. Values are not equal.
Expected: Failure == Success
  at UnityEngine.Assertions.Assert.Fail (System.String message, System.String userMessage) [0x00043] in <612ea0208cc847f49d539e6511ed3cd5>:0 
  at UnityEngine.Assertions.Assert.AreEqual[T] (T expected, T actual, System.String message, System.Collections.Generic.IEqualityComparer`1[T] comparer) [0x0005f] in <612ea0208cc847f49d539e6511ed3cd5>:0 
  at UnityEngine.Assertions.Assert.AreEqual[T] (T expected, T actual, System.String message) [0x00009] in <612ea0208cc847f49d539e6511ed3cd5>:0 
  at SubPackage.SubPackageRemover.GetAllInstalledPackagesAsync (System.Double timeout) [0x000b7] in .\Library\PackageCache\com.unity.cloud.draco@2ad9855b1dfa\Editor\Scripts\SubPackage\SubPackageRemover.cs:79 
  at SubPackage.SubPackageRemover.TryRemoveObsoleteSubPackagesAsync () [0x0002a] in .\Library\PackageCache\com.unity.cloud.draco@2ad9855b1dfa\Editor\Scripts\SubPackage\SubPackageRemover.cs:33 
UnityEngine.DebugLogHandler:Internal_LogException_Injected(Exception, IntPtr)
UnityEngine.DebugLogHandler:Internal_LogException(Exception, Object)
UnityEngine.DebugLogHandler:LogException(Exception, Object)
UnityEngine.Logger:LogException(Exception, Object)
UnityEngine.Debug:LogException(Exception)
SubPackage.<TryRemoveObsoleteSubPackagesAsync>d__5:MoveNext() (at .\Library\PackageCache\com.unity.cloud.draco@2ad9855b1dfa\Editor\Scripts\SubPackage\SubPackageRemover.cs:50)
System.Runtime.CompilerServices.AsyncTaskMethodBuilder:Start(<TryRemoveObsoleteSubPackagesAsync>d__5&)
SubPackage.SubPackageRemover:TryRemoveObsoleteSubPackagesAsync()
System.Reflection.RuntimeMethodInfo:InternalInvoke(RuntimeMethodInfo, Object, Object[], Exception&)
System.Reflection.RuntimeMethodInfo:Invoke(Object, BindingFlags, Binder, Object[], CultureInfo)
System.Reflection.MethodBase:Invoke(Object, Object[])
UnityEditor.EditorAssemblies:ProcessInitializeOnLoadMethodAttributes()

(Filename: ./Library/PackageCache/com.unity.cloud.draco@2ad9855b1dfa/Editor/Scripts/SubPackage/SubPackageRemover.cs Line: 50)

Mono: successfully reloaded assembly
- Finished resetting the current domain, in  0.733 seconds
Domain Reload Profiling: 1530ms
	BeginReloadAssembly (257ms)
		ExecutionOrderSort (0ms)
		DisableScriptedObjects (7ms)
		BackupInstance (0ms)
		ReleaseScriptingObjects (0ms)
		CreateAndSetChildDomain (63ms)
	RebuildCommonClasses (33ms)
	RebuildNativeTypeToScriptingClass (12ms)
	initialDomainReloadingComplete (30ms)
	LoadAllAssembliesAndSetupDomain (463ms)
		LoadAssemblies (417ms)
		RebuildTransferFunctionScriptingTraits (0ms)
		AnalyzeDomain (186ms)
			TypeCache.Refresh (9ms)
				TypeCache.ScanAssembly (0ms)
			BuildScriptInfoCaches (165ms)
			ResolveRequiredComponents (8ms)
	FinalizeReload (734ms)
		ReleaseScriptCaches (0ms)
		RebuildScriptCaches (0ms)
		SetupLoadedEditorAssemblies (568ms)
			LogAssemblyErrors (0ms)
			InitializePlatformSupportModulesInManaged (17ms)
			SetLoadedEditorAssemblies (3ms)
			BeforeProcessingInitializeOnLoad (87ms)
			ProcessInitializeOnLoadAttributes (384ms)
			ProcessInitializeOnLoadMethodAttributes (71ms)
			AfterProcessingInitializeOnLoad (6ms)
			EditorAssembliesLoaded (0ms)
		ExecutionOrderSort2 (0ms)
		AwakeInstancesAfterBackupRestoration (10ms)
Refreshing native plugins compatible for Editor in 8.55 ms, found 6 plugins.
Preloading 1 native plugins for Editor in 0.17 ms.
Unloading 34 Unused Serialized files (Serialized files now loaded: 0)
Unloading 6933 unused Assets / (6.6 MB). Loaded Objects now: 7619.
Memory consumption went from 152.1 MB to 145.5 MB.
Total: 7.360800 ms (FindLiveObjects: 0.603100 ms CreateObjectMapping: 0.536200 ms MarkObjects: 3.559300 ms  DeleteObjects: 2.661300 ms)

Prepare: number of updated asset objects reloaded= 0
========================================================================
Received Prepare
Begin MonoManager ReloadAssembly
Symbol file LoadedFromMemory is not a mono symbol file
- Loaded All Assemblies, in  0.730 seconds
Refreshing native plugins compatible for Editor in 8.51 ms, found 6 plugins.
Native extension for iOS target not found
Native extension for Android target not found
Native extension for WindowsStandalone target not found
[Package Manager] Failed to launch server process. Reason: Unity was launched with the -noUpm command-line argument
[Package Manager] Unable to send message (not connected to server process).
[Package Manager] Cannot connect to Unity Package Manager local server
[Package Manager] Failed to launch server process. Reason: Unity was launched with the -noUpm command-line argument
[Package Manager] Unable to send message (not connected to server process).
[Package Manager] Cannot connect to Unity Package Manager local server
AssertionException: Error removing Draco for Unity WebGL sub-packages.. Failed fetching installed packages.
Assertion failure. Values are not equal.
Expected: Failure == Success
  at UnityEngine.Assertions.Assert.Fail (System.String message, System.String userMessage) [0x00043] in <612ea0208cc847f49d539e6511ed3cd5>:0 
  at UnityEngine.Assertions.Assert.AreEqual[T] (T expected, T actual, System.String message, System.Collections.Generic.IEqualityComparer`1[T] comparer) [0x0005f] in <612ea0208cc847f49d539e6511ed3cd5>:0 
  at UnityEngine.Assertions.Assert.AreEqual[T] (T expected, T actual, System.String message) [0x00009] in <612ea0208cc847f49d539e6511ed3cd5>:0 
  at SubPackage.SubPackageRemover.GetAllInstalledPackagesAsync (System.Double timeout) [0x000b7] in .\Library\PackageCache\com.unity.cloud.draco@2ad9855b1dfa\Editor\Scripts\SubPackage\SubPackageRemover.cs:79 
  at SubPackage.SubPackageRemover.TryRemoveObsoleteSubPackagesAsync () [0x0002a] in .\Library\PackageCache\com.unity.cloud.draco@2ad9855b1dfa\Editor\Scripts\SubPackage\SubPackageRemover.cs:33 
UnityEngine.DebugLogHandler:Internal_LogException_Injected(Exception, IntPtr)
UnityEngine.DebugLogHandler:Internal_LogException(Exception, Object)
UnityEngine.DebugLogHandler:LogException(Exception, Object)
UnityEngine.Logger:LogException(Exception, Object)
UnityEngine.Debug:LogException(Exception)
SubPackage.<TryRemoveObsoleteSubPackagesAsync>d__5:MoveNext() (at .\Library\PackageCache\com.unity.cloud.draco@2ad9855b1dfa\Editor\Scripts\SubPackage\SubPackageRemover.cs:50)
System.Runtime.CompilerServices.AsyncTaskMethodBuilder:Start(<TryRemoveObsoleteSubPackagesAsync>d__5&)
SubPackage.SubPackageRemover:TryRemoveObsoleteSubPackagesAsync()
System.Reflection.RuntimeMethodInfo:InternalInvoke(RuntimeMethodInfo, Object, Object[], Exception&)
System.Reflection.RuntimeMethodInfo:Invoke(Object, BindingFlags, Binder, Object[], CultureInfo)
System.Reflection.MethodBase:Invoke(Object, Object[])
UnityEditor.EditorAssemblies:ProcessInitializeOnLoadMethodAttributes()

(Filename: ./Library/PackageCache/com.unity.cloud.draco@2ad9855b1dfa/Editor/Scripts/SubPackage/SubPackageRemover.cs Line: 50)

Mono: successfully reloaded assembly
- Finished resetting the current domain, in  0.805 seconds
Domain Reload Profiling: 1534ms
	BeginReloadAssembly (218ms)
		ExecutionOrderSort (0ms)
		DisableScriptedObjects (5ms)
		BackupInstance (0ms)
		ReleaseScriptingObjects (0ms)
		CreateAndSetChildDomain (44ms)
	RebuildCommonClasses (32ms)
	RebuildNativeTypeToScriptingClass (10ms)
	initialDomainReloadingComplete (30ms)
	LoadAllAssembliesAndSetupDomain (438ms)
		LoadAssemblies (401ms)
		RebuildTransferFunctionScriptingTraits (0ms)
		AnalyzeDomain (169ms)
			TypeCache.Refresh (6ms)
				TypeCache.ScanAssembly (0ms)
			BuildScriptInfoCaches (150ms)
			ResolveRequiredComponents (8ms)
	FinalizeReload (806ms)
		ReleaseScriptCaches (0ms)
		RebuildScriptCaches (0ms)
		SetupLoadedEditorAssemblies (640ms)
			LogAssemblyErrors (0ms)
			InitializePlatformSupportModulesInManaged (18ms)
			SetLoadedEditorAssemblies (3ms)
			BeforeProcessingInitializeOnLoad (89ms)
			ProcessInitializeOnLoadAttributes (434ms)
			ProcessInitializeOnLoadMethodAttributes (88ms)
			AfterProcessingInitializeOnLoad (7ms)
			EditorAssembliesLoaded (1ms)
		ExecutionOrderSort2 (0ms)
		AwakeInstancesAfterBackupRestoration (13ms)
Refreshing native plugins compatible for Editor in 10.19 ms, found 6 plugins.
Preloading 1 native plugins for Editor in 0.14 ms.
Unloading 34 Unused Serialized files (Serialized files now loaded: 0)
Unloading 6933 unused Assets / (6.8 MB). Loaded Objects now: 7622.
Memory consumption went from 152.1 MB to 145.3 MB.
Total: 9.876100 ms (FindLiveObjects: 0.636900 ms CreateObjectMapping: 0.562800 ms MarkObjects: 4.303600 ms  DeleteObjects: 4.371500 ms)

Prepare: number of updated asset objects reloaded= 0
========================================================================
Received Prepare
Begin MonoManager ReloadAssembly
Symbol file LoadedFromMemory is not a mono symbol file
- Loaded All Assemblies, in  0.758 seconds
Refreshing native plugins compatible for Editor in 9.09 ms, found 6 plugins.
Native extension for iOS target not found
Native extension for Android target not found
Native extension for WindowsStandalone target not found
[Package Manager] Failed to launch server process. Reason: Unity was launched with the -noUpm command-line argument
[Package Manager] Unable to send message (not connected to server process).
[Package Manager] Cannot connect to Unity Package Manager local server
[Package Manager] Failed to launch server process. Reason: Unity was launched with the -noUpm command-line argument
[Package Manager] Unable to send message (not connected to server process).
[Package Manager] Cannot connect to Unity Package Manager local server
AssertionException: Error removing Draco for Unity WebGL sub-packages.. Failed fetching installed packages.
Assertion failure. Values are not equal.
Expected: Failure == Success
  at UnityEngine.Assertions.Assert.Fail (System.String message, System.String userMessage) [0x00043] in <612ea0208cc847f49d539e6511ed3cd5>:0 
  at UnityEngine.Assertions.Assert.AreEqual[T] (T expected, T actual, System.String message, System.Collections.Generic.IEqualityComparer`1[T] comparer) [0x0005f] in <612ea0208cc847f49d539e6511ed3cd5>:0 
  at UnityEngine.Assertions.Assert.AreEqual[T] (T expected, T actual, System.String message) [0x00009] in <612ea0208cc847f49d539e6511ed3cd5>:0 
  at SubPackage.SubPackageRemover.GetAllInstalledPackagesAsync (System.Double timeout) [0x000b7] in .\Library\PackageCache\com.unity.cloud.draco@2ad9855b1dfa\Editor\Scripts\SubPackage\SubPackageRemover.cs:79 
  at SubPackage.SubPackageRemover.TryRemoveObsoleteSubPackagesAsync () [0x0002a] in .\Library\PackageCache\com.unity.cloud.draco@2ad9855b1dfa\Editor\Scripts\SubPackage\SubPackageRemover.cs:33 
UnityEngine.DebugLogHandler:Internal_LogException_Injected(Exception, IntPtr)
UnityEngine.DebugLogHandler:Internal_LogException(Exception, Object)
UnityEngine.DebugLogHandler:LogException(Exception, Object)
UnityEngine.Logger:LogException(Exception, Object)
UnityEngine.Debug:LogException(Exception)
SubPackage.<TryRemoveObsoleteSubPackagesAsync>d__5:MoveNext() (at .\Library\PackageCache\com.unity.cloud.draco@2ad9855b1dfa\Editor\Scripts\SubPackage\SubPackageRemover.cs:50)
System.Runtime.CompilerServices.AsyncTaskMethodBuilder:Start(<TryRemoveObsoleteSubPackagesAsync>d__5&)
SubPackage.SubPackageRemover:TryRemoveObsoleteSubPackagesAsync()
System.Reflection.RuntimeMethodInfo:InternalInvoke(RuntimeMethodInfo, Object, Object[], Exception&)
System.Reflection.RuntimeMethodInfo:Invoke(Object, BindingFlags, Binder, Object[], CultureInfo)
System.Reflection.MethodBase:Invoke(Object, Object[])
UnityEditor.EditorAssemblies:ProcessInitializeOnLoadMethodAttributes()

(Filename: ./Library/PackageCache/com.unity.cloud.draco@2ad9855b1dfa/Editor/Scripts/SubPackage/SubPackageRemover.cs Line: 50)

Mono: successfully reloaded assembly
- Finished resetting the current domain, in  0.838 seconds
Domain Reload Profiling: 1596ms
	BeginReloadAssembly (243ms)
		ExecutionOrderSort (0ms)
		DisableScriptedObjects (6ms)
		BackupInstance (0ms)
		ReleaseScriptingObjects (0ms)
		CreateAndSetChildDomain (51ms)
	RebuildCommonClasses (32ms)
	RebuildNativeTypeToScriptingClass (11ms)
	initialDomainReloadingComplete (35ms)
	LoadAllAssembliesAndSetupDomain (437ms)
		LoadAssemblies (404ms)
		RebuildTransferFunctionScriptingTraits (0ms)
		AnalyzeDomain (178ms)
			TypeCache.Refresh (6ms)
				TypeCache.ScanAssembly (0ms)
			BuildScriptInfoCaches (159ms)
			ResolveRequiredComponents (8ms)
	FinalizeReload (839ms)
		ReleaseScriptCaches (0ms)
		RebuildScriptCaches (0ms)
		SetupLoadedEditorAssemblies (673ms)
			LogAssemblyErrors (0ms)
			InitializePlatformSupportModulesInManaged (18ms)
			SetLoadedEditorAssemblies (3ms)
			BeforeProcessingInitializeOnLoad (91ms)
			ProcessInitializeOnLoadAttributes (473ms)
			ProcessInitializeOnLoadMethodAttributes (81ms)
			AfterProcessingInitializeOnLoad (6ms)
			EditorAssembliesLoaded (0ms)
		ExecutionOrderSort2 (0ms)
		AwakeInstancesAfterBackupRestoration (11ms)
Refreshing native plugins compatible for Editor in 10.74 ms, found 6 plugins.
Preloading 1 native plugins for Editor in 0.16 ms.
Unloading 34 Unused Serialized files (Serialized files now loaded: 0)
Unloading 6933 unused Assets / (6.8 MB). Loaded Objects now: 7625.
Memory consumption went from 152.1 MB to 145.2 MB.
Total: 10.583100 ms (FindLiveObjects: 0.761100 ms CreateObjectMapping: 1.055800 ms MarkObjects: 5.041700 ms  DeleteObjects: 3.723100 ms)

Prepare: number of updated asset objects reloaded= 0
========================================================================
Received Prepare
Refreshing native plugins compatible for Editor in 9.38 ms, found 6 plugins.
Preloading 1 native plugins for Editor in 0.18 ms.
Unloading 34 Unused Serialized files (Serialized files now loaded: 0)
Unloading 6892 unused Assets / (6.4 MB). Loaded Objects now: 7625.
Memory consumption went from 152.0 MB to 145.5 MB.
Total: 7.177700 ms (FindLiveObjects: 0.652600 ms CreateObjectMapping: 0.482600 ms MarkObjects: 3.436500 ms  DeleteObjects: 2.604600 ms)

Prepare: number of updated asset objects reloaded= 0
========================================================================
Received Prepare
Begin MonoManager ReloadAssembly
Symbol file LoadedFromMemory is not a mono symbol file
- Loaded All Assemblies, in  0.784 seconds
Refreshing native plugins compatible for Editor in 9.17 ms, found 6 plugins.
Native extension for iOS target not found
Native extension for Android target not found
Native extension for WindowsStandalone target not found
[Package Manager] Failed to launch server process. Reason: Unity was launched with the -noUpm command-line argument
[Package Manager] Unable to send message (not connected to server process).
[Package Manager] Cannot connect to Unity Package Manager local server
[Package Manager] Failed to launch server process. Reason: Unity was launched with the -noUpm command-line argument
[Package Manager] Unable to send message (not connected to server process).
[Package Manager] Cannot connect to Unity Package Manager local server
AssertionException: Error removing Draco for Unity WebGL sub-packages.. Failed fetching installed packages.
Assertion failure. Values are not equal.
Expected: Failure == Success
  at UnityEngine.Assertions.Assert.Fail (System.String message, System.String userMessage) [0x00043] in <612ea0208cc847f49d539e6511ed3cd5>:0 
  at UnityEngine.Assertions.Assert.AreEqual[T] (T expected, T actual, System.String message, System.Collections.Generic.IEqualityComparer`1[T] comparer) [0x0005f] in <612ea0208cc847f49d539e6511ed3cd5>:0 
  at UnityEngine.Assertions.Assert.AreEqual[T] (T expected, T actual, System.String message) [0x00009] in <612ea0208cc847f49d539e6511ed3cd5>:0 
  at SubPackage.SubPackageRemover.GetAllInstalledPackagesAsync (System.Double timeout) [0x000b7] in .\Library\PackageCache\com.unity.cloud.draco@2ad9855b1dfa\Editor\Scripts\SubPackage\SubPackageRemover.cs:79 
  at SubPackage.SubPackageRemover.TryRemoveObsoleteSubPackagesAsync () [0x0002a] in .\Library\PackageCache\com.unity.cloud.draco@2ad9855b1dfa\Editor\Scripts\SubPackage\SubPackageRemover.cs:33 
UnityEngine.DebugLogHandler:Internal_LogException_Injected(Exception, IntPtr)
UnityEngine.DebugLogHandler:Internal_LogException(Exception, Object)
UnityEngine.DebugLogHandler:LogException(Exception, Object)
UnityEngine.Logger:LogException(Exception, Object)
UnityEngine.Debug:LogException(Exception)
SubPackage.<TryRemoveObsoleteSubPackagesAsync>d__5:MoveNext() (at .\Library\PackageCache\com.unity.cloud.draco@2ad9855b1dfa\Editor\Scripts\SubPackage\SubPackageRemover.cs:50)
System.Runtime.CompilerServices.AsyncTaskMethodBuilder:Start(<TryRemoveObsoleteSubPackagesAsync>d__5&)
SubPackage.SubPackageRemover:TryRemoveObsoleteSubPackagesAsync()
System.Reflection.RuntimeMethodInfo:InternalInvoke(RuntimeMethodInfo, Object, Object[], Exception&)
System.Reflection.RuntimeMethodInfo:Invoke(Object, BindingFlags, Binder, Object[], CultureInfo)
System.Reflection.MethodBase:Invoke(Object, Object[])
UnityEditor.EditorAssemblies:ProcessInitializeOnLoadMethodAttributes()

(Filename: ./Library/PackageCache/com.unity.cloud.draco@2ad9855b1dfa/Editor/Scripts/SubPackage/SubPackageRemover.cs Line: 50)

Mono: successfully reloaded assembly
- Finished resetting the current domain, in  0.778 seconds
Domain Reload Profiling: 1562ms
	BeginReloadAssembly (264ms)
		ExecutionOrderSort (0ms)
		DisableScriptedObjects (6ms)
		BackupInstance (0ms)
		ReleaseScriptingObjects (0ms)
		CreateAndSetChildDomain (61ms)
	RebuildCommonClasses (33ms)
	RebuildNativeTypeToScriptingClass (12ms)
	initialDomainReloadingComplete (32ms)
	LoadAllAssembliesAndSetupDomain (443ms)
		LoadAssemblies (417ms)
		RebuildTransferFunctionScriptingTraits (0ms)
		AnalyzeDomain (177ms)
			TypeCache.Refresh (9ms)
				TypeCache.ScanAssembly (0ms)
			BuildScriptInfoCaches (156ms)
			ResolveRequiredComponents (8ms)
	FinalizeReload (778ms)
		ReleaseScriptCaches (0ms)
		RebuildScriptCaches (0ms)
		SetupLoadedEditorAssemblies (602ms)
			LogAssemblyErrors (0ms)
			InitializePlatformSupportModulesInManaged (18ms)
			SetLoadedEditorAssemblies (3ms)
			BeforeProcessingInitializeOnLoad (88ms)
			ProcessInitializeOnLoadAttributes (412ms)
			ProcessInitializeOnLoadMethodAttributes (74ms)
			AfterProcessingInitializeOnLoad (6ms)
			EditorAssembliesLoaded (0ms)
		ExecutionOrderSort2 (0ms)
		AwakeInstancesAfterBackupRestoration (12ms)
Refreshing native plugins compatible for Editor in 9.34 ms, found 6 plugins.
Preloading 1 native plugins for Editor in 0.14 ms.
Unloading 34 Unused Serialized files (Serialized files now loaded: 0)
Unloading 6933 unused Assets / (6.6 MB). Loaded Objects now: 7628.
Memory consumption went from 154.0 MB to 147.4 MB.
Total: 7.637900 ms (FindLiveObjects: 0.572700 ms CreateObjectMapping: 0.565200 ms MarkObjects: 3.483200 ms  DeleteObjects: 3.016000 ms)

Prepare: number of updated asset objects reloaded= 0
========================================================================
Received Prepare
Begin MonoManager ReloadAssembly
Symbol file LoadedFromMemory is not a mono symbol file
- Loaded All Assemblies, in  0.765 seconds
Refreshing native plugins compatible for Editor in 8.56 ms, found 6 plugins.
Native extension for iOS target not found
Native extension for Android target not found
Native extension for WindowsStandalone target not found
[Package Manager] Failed to launch server process. Reason: Unity was launched with the -noUpm command-line argument
[Package Manager] Unable to send message (not connected to server process).
[Package Manager] Cannot connect to Unity Package Manager local server
[Package Manager] Failed to launch server process. Reason: Unity was launched with the -noUpm command-line argument
[Package Manager] Unable to send message (not connected to server process).
[Package Manager] Cannot connect to Unity Package Manager local server
AssertionException: Error removing Draco for Unity WebGL sub-packages.. Failed fetching installed packages.
Assertion failure. Values are not equal.
Expected: Failure == Success
  at UnityEngine.Assertions.Assert.Fail (System.String message, System.String userMessage) [0x00043] in <612ea0208cc847f49d539e6511ed3cd5>:0 
  at UnityEngine.Assertions.Assert.AreEqual[T] (T expected, T actual, System.String message, System.Collections.Generic.IEqualityComparer`1[T] comparer) [0x0005f] in <612ea0208cc847f49d539e6511ed3cd5>:0 
  at UnityEngine.Assertions.Assert.AreEqual[T] (T expected, T actual, System.String message) [0x00009] in <612ea0208cc847f49d539e6511ed3cd5>:0 
  at SubPackage.SubPackageRemover.GetAllInstalledPackagesAsync (System.Double timeout) [0x000b7] in .\Library\PackageCache\com.unity.cloud.draco@2ad9855b1dfa\Editor\Scripts\SubPackage\SubPackageRemover.cs:79 
  at SubPackage.SubPackageRemover.TryRemoveObsoleteSubPackagesAsync () [0x0002a] in .\Library\PackageCache\com.unity.cloud.draco@2ad9855b1dfa\Editor\Scripts\SubPackage\SubPackageRemover.cs:33 
UnityEngine.DebugLogHandler:Internal_LogException_Injected(Exception, IntPtr)
UnityEngine.DebugLogHandler:Internal_LogException(Exception, Object)
UnityEngine.DebugLogHandler:LogException(Exception, Object)
UnityEngine.Logger:LogException(Exception, Object)
UnityEngine.Debug:LogException(Exception)
SubPackage.<TryRemoveObsoleteSubPackagesAsync>d__5:MoveNext() (at .\Library\PackageCache\com.unity.cloud.draco@2ad9855b1dfa\Editor\Scripts\SubPackage\SubPackageRemover.cs:50)
System.Runtime.CompilerServices.AsyncTaskMethodBuilder:Start(<TryRemoveObsoleteSubPackagesAsync>d__5&)
SubPackage.SubPackageRemover:TryRemoveObsoleteSubPackagesAsync()
System.Reflection.RuntimeMethodInfo:InternalInvoke(RuntimeMethodInfo, Object, Object[], Exception&)
System.Reflection.RuntimeMethodInfo:Invoke(Object, BindingFlags, Binder, Object[], CultureInfo)
System.Reflection.MethodBase:Invoke(Object, Object[])
UnityEditor.EditorAssemblies:ProcessInitializeOnLoadMethodAttributes()

(Filename: ./Library/PackageCache/com.unity.cloud.draco@2ad9855b1dfa/Editor/Scripts/SubPackage/SubPackageRemover.cs Line: 50)

Mono: successfully reloaded assembly
- Finished resetting the current domain, in  0.839 seconds
Domain Reload Profiling: 1604ms
	BeginReloadAssembly (228ms)
		ExecutionOrderSort (0ms)
		DisableScriptedObjects (5ms)
		BackupInstance (0ms)
		ReleaseScriptingObjects (0ms)
		CreateAndSetChildDomain (45ms)
	RebuildCommonClasses (32ms)
	RebuildNativeTypeToScriptingClass (10ms)
	initialDomainReloadingComplete (34ms)
	LoadAllAssembliesAndSetupDomain (460ms)
		LoadAssemblies (418ms)
		RebuildTransferFunctionScriptingTraits (0ms)
		AnalyzeDomain (182ms)
			TypeCache.Refresh (7ms)
				TypeCache.ScanAssembly (0ms)
			BuildScriptInfoCaches (163ms)
			ResolveRequiredComponents (8ms)
	FinalizeReload (840ms)
		ReleaseScriptCaches (0ms)
		RebuildScriptCaches (0ms)
		SetupLoadedEditorAssemblies (670ms)
			LogAssemblyErrors (0ms)
			InitializePlatformSupportModulesInManaged (18ms)
			SetLoadedEditorAssemblies (3ms)
			BeforeProcessingInitializeOnLoad (85ms)
			ProcessInitializeOnLoadAttributes (469ms)
			ProcessInitializeOnLoadMethodAttributes (89ms)
			AfterProcessingInitializeOnLoad (7ms)
			EditorAssembliesLoaded (0ms)
		ExecutionOrderSort2 (0ms)
		AwakeInstancesAfterBackupRestoration (14ms)
Refreshing native plugins compatible for Editor in 11.05 ms, found 6 plugins.
Preloading 1 native plugins for Editor in 0.17 ms.
Unloading 34 Unused Serialized files (Serialized files now loaded: 0)
Unloading 6933 unused Assets / (6.8 MB). Loaded Objects now: 7631.
Memory consumption went from 154.0 MB to 147.2 MB.
Total: 10.804500 ms (FindLiveObjects: 0.834200 ms CreateObjectMapping: 0.736900 ms MarkObjects: 4.906900 ms  DeleteObjects: 4.324200 ms)

Prepare: number of updated asset objects reloaded= 0
========================================================================
Received Prepare
Begin MonoManager ReloadAssembly
Symbol file LoadedFromMemory is not a mono symbol file
- Loaded All Assemblies, in  0.771 seconds
Refreshing native plugins compatible for Editor in 10.00 ms, found 6 plugins.
Native extension for iOS target not found
Native extension for Android target not found
Native extension for WindowsStandalone target not found
[Package Manager] Failed to launch server process. Reason: Unity was launched with the -noUpm command-line argument
[Package Manager] Unable to send message (not connected to server process).
[Package Manager] Cannot connect to Unity Package Manager local server
[Package Manager] Failed to launch server process. Reason: Unity was launched with the -noUpm command-line argument
[Package Manager] Unable to send message (not connected to server process).
[Package Manager] Cannot connect to Unity Package Manager local server
AssertionException: Error removing Draco for Unity WebGL sub-packages.. Failed fetching installed packages.
Assertion failure. Values are not equal.
Expected: Failure == Success
  at UnityEngine.Assertions.Assert.Fail (System.String message, System.String userMessage) [0x00043] in <612ea0208cc847f49d539e6511ed3cd5>:0 
  at UnityEngine.Assertions.Assert.AreEqual[T] (T expected, T actual, System.String message, System.Collections.Generic.IEqualityComparer`1[T] comparer) [0x0005f] in <612ea0208cc847f49d539e6511ed3cd5>:0 
  at UnityEngine.Assertions.Assert.AreEqual[T] (T expected, T actual, System.String message) [0x00009] in <612ea0208cc847f49d539e6511ed3cd5>:0 
  at SubPackage.SubPackageRemover.GetAllInstalledPackagesAsync (System.Double timeout) [0x000b7] in .\Library\PackageCache\com.unity.cloud.draco@2ad9855b1dfa\Editor\Scripts\SubPackage\SubPackageRemover.cs:79 
  at SubPackage.SubPackageRemover.TryRemoveObsoleteSubPackagesAsync () [0x0002a] in .\Library\PackageCache\com.unity.cloud.draco@2ad9855b1dfa\Editor\Scripts\SubPackage\SubPackageRemover.cs:33 
UnityEngine.DebugLogHandler:Internal_LogException_Injected(Exception, IntPtr)
UnityEngine.DebugLogHandler:Internal_LogException(Exception, Object)
UnityEngine.DebugLogHandler:LogException(Exception, Object)
UnityEngine.Logger:LogException(Exception, Object)
UnityEngine.Debug:LogException(Exception)
SubPackage.<TryRemoveObsoleteSubPackagesAsync>d__5:MoveNext() (at .\Library\PackageCache\com.unity.cloud.draco@2ad9855b1dfa\Editor\Scripts\SubPackage\SubPackageRemover.cs:50)
System.Runtime.CompilerServices.AsyncTaskMethodBuilder:Start(<TryRemoveObsoleteSubPackagesAsync>d__5&)
SubPackage.SubPackageRemover:TryRemoveObsoleteSubPackagesAsync()
System.Reflection.RuntimeMethodInfo:InternalInvoke(RuntimeMethodInfo, Object, Object[], Exception&)
System.Reflection.RuntimeMethodInfo:Invoke(Object, BindingFlags, Binder, Object[], CultureInfo)
System.Reflection.MethodBase:Invoke(Object, Object[])
UnityEditor.EditorAssemblies:ProcessInitializeOnLoadMethodAttributes()

(Filename: ./Library/PackageCache/com.unity.cloud.draco@2ad9855b1dfa/Editor/Scripts/SubPackage/SubPackageRemover.cs Line: 50)

Mono: successfully reloaded assembly
- Finished resetting the current domain, in  0.849 seconds
Domain Reload Profiling: 1620ms
	BeginReloadAssembly (239ms)
		ExecutionOrderSort (0ms)
		DisableScriptedObjects (5ms)
		BackupInstance (0ms)
		ReleaseScriptingObjects (0ms)
		CreateAndSetChildDomain (57ms)
	RebuildCommonClasses (33ms)
	RebuildNativeTypeToScriptingClass (11ms)
	initialDomainReloadingComplete (32ms)
	LoadAllAssembliesAndSetupDomain (456ms)
		LoadAssemblies (411ms)
		RebuildTransferFunctionScriptingTraits (0ms)
		AnalyzeDomain (181ms)
			TypeCache.Refresh (6ms)
				TypeCache.ScanAssembly (0ms)
			BuildScriptInfoCaches (158ms)
			ResolveRequiredComponents (11ms)
	FinalizeReload (849ms)
		ReleaseScriptCaches (0ms)
		RebuildScriptCaches (0ms)
		SetupLoadedEditorAssemblies (678ms)
			LogAssemblyErrors (0ms)
			InitializePlatformSupportModulesInManaged (18ms)
			SetLoadedEditorAssemblies (4ms)
			BeforeProcessingInitializeOnLoad (88ms)
			ProcessInitializeOnLoadAttributes (470ms)
			ProcessInitializeOnLoadMethodAttributes (90ms)
			AfterProcessingInitializeOnLoad (7ms)
			EditorAssembliesLoaded (0ms)
		ExecutionOrderSort2 (0ms)
		AwakeInstancesAfterBackupRestoration (13ms)
Refreshing native plugins compatible for Editor in 9.67 ms, found 6 plugins.
Preloading 1 native plugins for Editor in 0.15 ms.
Unloading 34 Unused Serialized files (Serialized files now loaded: 0)
Unloading 6933 unused Assets / (6.6 MB). Loaded Objects now: 7634.
Memory consumption went from 154.0 MB to 147.5 MB.
Total: 8.355200 ms (FindLiveObjects: 0.567500 ms CreateObjectMapping: 0.557100 ms MarkObjects: 3.805500 ms  DeleteObjects: 3.424400 ms)

Prepare: number of updated asset objects reloaded= 0
========================================================================
Received Prepare
Begin MonoManager ReloadAssembly
Symbol file LoadedFromMemory is not a mono symbol file
- Loaded All Assemblies, in  0.797 seconds
Refreshing native plugins compatible for Editor in 9.85 ms, found 6 plugins.
Native extension for iOS target not found
Native extension for Android target not found
Native extension for WindowsStandalone target not found
[Package Manager] Failed to launch server process. Reason: Unity was launched with the -noUpm command-line argument
[Package Manager] Unable to send message (not connected to server process).
[Package Manager] Cannot connect to Unity Package Manager local server
[Package Manager] Failed to launch server process. Reason: Unity was launched with the -noUpm command-line argument
[Package Manager] Unable to send message (not connected to server process).
[Package Manager] Cannot connect to Unity Package Manager local server
AssertionException: Error removing Draco for Unity WebGL sub-packages.. Failed fetching installed packages.
Assertion failure. Values are not equal.
Expected: Failure == Success
  at UnityEngine.Assertions.Assert.Fail (System.String message, System.String userMessage) [0x00043] in <612ea0208cc847f49d539e6511ed3cd5>:0 
  at UnityEngine.Assertions.Assert.AreEqual[T] (T expected, T actual, System.String message, System.Collections.Generic.IEqualityComparer`1[T] comparer) [0x0005f] in <612ea0208cc847f49d539e6511ed3cd5>:0 
  at UnityEngine.Assertions.Assert.AreEqual[T] (T expected, T actual, System.String message) [0x00009] in <612ea0208cc847f49d539e6511ed3cd5>:0 
  at SubPackage.SubPackageRemover.GetAllInstalledPackagesAsync (System.Double timeout) [0x000b7] in .\Library\PackageCache\com.unity.cloud.draco@2ad9855b1dfa\Editor\Scripts\SubPackage\SubPackageRemover.cs:79 
  at SubPackage.SubPackageRemover.TryRemoveObsoleteSubPackagesAsync () [0x0002a] in .\Library\PackageCache\com.unity.cloud.draco@2ad9855b1dfa\Editor\Scripts\SubPackage\SubPackageRemover.cs:33 
UnityEngine.DebugLogHandler:Internal_LogException_Injected(Exception, IntPtr)
UnityEngine.DebugLogHandler:Internal_LogException(Exception, Object)
UnityEngine.DebugLogHandler:LogException(Exception, Object)
UnityEngine.Logger:LogException(Exception, Object)
UnityEngine.Debug:LogException(Exception)
SubPackage.<TryRemoveObsoleteSubPackagesAsync>d__5:MoveNext() (at .\Library\PackageCache\com.unity.cloud.draco@2ad9855b1dfa\Editor\Scripts\SubPackage\SubPackageRemover.cs:50)
System.Runtime.CompilerServices.AsyncTaskMethodBuilder:Start(<TryRemoveObsoleteSubPackagesAsync>d__5&)
SubPackage.SubPackageRemover:TryRemoveObsoleteSubPackagesAsync()
System.Reflection.RuntimeMethodInfo:InternalInvoke(RuntimeMethodInfo, Object, Object[], Exception&)
System.Reflection.RuntimeMethodInfo:Invoke(Object, BindingFlags, Binder, Object[], CultureInfo)
System.Reflection.MethodBase:Invoke(Object, Object[])
UnityEditor.EditorAssemblies:ProcessInitializeOnLoadMethodAttributes()

(Filename: ./Library/PackageCache/com.unity.cloud.draco@2ad9855b1dfa/Editor/Scripts/SubPackage/SubPackageRemover.cs Line: 50)

Mono: successfully reloaded assembly
- Finished resetting the current domain, in  0.852 seconds
Domain Reload Profiling: 1649ms
	BeginReloadAssembly (247ms)
		ExecutionOrderSort (0ms)
		DisableScriptedObjects (6ms)
		BackupInstance (0ms)
		ReleaseScriptingObjects (0ms)
		CreateAndSetChildDomain (52ms)
	RebuildCommonClasses (35ms)
	RebuildNativeTypeToScriptingClass (11ms)
	initialDomainReloadingComplete (31ms)
	LoadAllAssembliesAndSetupDomain (471ms)
		LoadAssemblies (436ms)
		RebuildTransferFunctionScriptingTraits (0ms)
		AnalyzeDomain (184ms)
			TypeCache.Refresh (7ms)
				TypeCache.ScanAssembly (0ms)
			BuildScriptInfoCaches (164ms)
			ResolveRequiredComponents (8ms)
	FinalizeReload (853ms)
		ReleaseScriptCaches (0ms)
		RebuildScriptCaches (0ms)
		SetupLoadedEditorAssemblies (677ms)
			LogAssemblyErrors (0ms)
			InitializePlatformSupportModulesInManaged (20ms)
			SetLoadedEditorAssemblies (3ms)
			BeforeProcessingInitializeOnLoad (88ms)
			ProcessInitializeOnLoadAttributes (467ms)
			ProcessInitializeOnLoadMethodAttributes (91ms)
			AfterProcessingInitializeOnLoad (7ms)
			EditorAssembliesLoaded (1ms)
		ExecutionOrderSort2 (0ms)
		AwakeInstancesAfterBackupRestoration (14ms)
Refreshing native plugins compatible for Editor in 9.04 ms, found 6 plugins.
Preloading 1 native plugins for Editor in 0.14 ms.
Unloading 34 Unused Serialized files (Serialized files now loaded: 0)
Unloading 6933 unused Assets / (6.7 MB). Loaded Objects now: 7637.
Memory consumption went from 154.1 MB to 147.3 MB.
Total: 9.168100 ms (FindLiveObjects: 0.593100 ms CreateObjectMapping: 0.514100 ms MarkObjects: 4.622200 ms  DeleteObjects: 3.437500 ms)

Prepare: number of updated asset objects reloaded= 0
========================================================================
Received Prepare
Refreshing native plugins compatible for Editor in 8.29 ms, found 6 plugins.
Preloading 1 native plugins for Editor in 0.14 ms.
Unloading 34 Unused Serialized files (Serialized files now loaded: 0)
Unloading 6892 unused Assets / (6.5 MB). Loaded Objects now: 7637.
Memory consumption went from 154.0 MB to 147.4 MB.
Total: 7.876200 ms (FindLiveObjects: 0.550000 ms CreateObjectMapping: 0.498800 ms MarkObjects: 4.144700 ms  DeleteObjects: 2.681900 ms)

Prepare: number of updated asset objects reloaded= 0
========================================================================
Received Prepare
Begin MonoManager ReloadAssembly
Symbol file LoadedFromMemory is not a mono symbol file
- Loaded All Assemblies, in  0.783 seconds
Refreshing native plugins compatible for Editor in 8.80 ms, found 6 plugins.
Native extension for iOS target not found
Native extension for Android target not found
Native extension for WindowsStandalone target not found
[Package Manager] Failed to launch server process. Reason: Unity was launched with the -noUpm command-line argument
[Package Manager] Unable to send message (not connected to server process).
[Package Manager] Cannot connect to Unity Package Manager local server
[Package Manager] Failed to launch server process. Reason: Unity was launched with the -noUpm command-line argument
[Package Manager] Unable to send message (not connected to server process).
[Package Manager] Cannot connect to Unity Package Manager local server
AssertionException: Error removing Draco for Unity WebGL sub-packages.. Failed fetching installed packages.
Assertion failure. Values are not equal.
Expected: Failure == Success
  at UnityEngine.Assertions.Assert.Fail (System.String message, System.String userMessage) [0x00043] in <612ea0208cc847f49d539e6511ed3cd5>:0 
  at UnityEngine.Assertions.Assert.AreEqual[T] (T expected, T actual, System.String message, System.Collections.Generic.IEqualityComparer`1[T] comparer) [0x0005f] in <612ea0208cc847f49d539e6511ed3cd5>:0 
  at UnityEngine.Assertions.Assert.AreEqual[T] (T expected, T actual, System.String message) [0x00009] in <612ea0208cc847f49d539e6511ed3cd5>:0 
  at SubPackage.SubPackageRemover.GetAllInstalledPackagesAsync (System.Double timeout) [0x000b7] in .\Library\PackageCache\com.unity.cloud.draco@2ad9855b1dfa\Editor\Scripts\SubPackage\SubPackageRemover.cs:79 
  at SubPackage.SubPackageRemover.TryRemoveObsoleteSubPackagesAsync () [0x0002a] in .\Library\PackageCache\com.unity.cloud.draco@2ad9855b1dfa\Editor\Scripts\SubPackage\SubPackageRemover.cs:33 
UnityEngine.DebugLogHandler:Internal_LogException_Injected(Exception, IntPtr)
UnityEngine.DebugLogHandler:Internal_LogException(Exception, Object)
UnityEngine.DebugLogHandler:LogException(Exception, Object)
UnityEngine.Logger:LogException(Exception, Object)
UnityEngine.Debug:LogException(Exception)
SubPackage.<TryRemoveObsoleteSubPackagesAsync>d__5:MoveNext() (at .\Library\PackageCache\com.unity.cloud.draco@2ad9855b1dfa\Editor\Scripts\SubPackage\SubPackageRemover.cs:50)
System.Runtime.CompilerServices.AsyncTaskMethodBuilder:Start(<TryRemoveObsoleteSubPackagesAsync>d__5&)
SubPackage.SubPackageRemover:TryRemoveObsoleteSubPackagesAsync()
System.Reflection.RuntimeMethodInfo:InternalInvoke(RuntimeMethodInfo, Object, Object[], Exception&)
System.Reflection.RuntimeMethodInfo:Invoke(Object, BindingFlags, Binder, Object[], CultureInfo)
System.Reflection.MethodBase:Invoke(Object, Object[])
UnityEditor.EditorAssemblies:ProcessInitializeOnLoadMethodAttributes()

(Filename: ./Library/PackageCache/com.unity.cloud.draco@2ad9855b1dfa/Editor/Scripts/SubPackage/SubPackageRemover.cs Line: 50)

Mono: successfully reloaded assembly
- Finished resetting the current domain, in  0.736 seconds
Domain Reload Profiling: 1519ms
	BeginReloadAssembly (261ms)
		ExecutionOrderSort (0ms)
		DisableScriptedObjects (6ms)
		BackupInstance (0ms)
		ReleaseScriptingObjects (0ms)
		CreateAndSetChildDomain (68ms)
	RebuildCommonClasses (36ms)
	RebuildNativeTypeToScriptingClass (10ms)
	initialDomainReloadingComplete (30ms)
	LoadAllAssembliesAndSetupDomain (445ms)
		LoadAssemblies (401ms)
		RebuildTransferFunctionScriptingTraits (0ms)
		AnalyzeDomain (182ms)
			TypeCache.Refresh (9ms)
				TypeCache.ScanAssembly (0ms)
			BuildScriptInfoCaches (161ms)
			ResolveRequiredComponents (8ms)
	FinalizeReload (736ms)
		ReleaseScriptCaches (0ms)
		RebuildScriptCaches (0ms)
		SetupLoadedEditorAssemblies (571ms)
			LogAssemblyErrors (0ms)
			InitializePlatformSupportModulesInManaged (19ms)
			SetLoadedEditorAssemblies (3ms)
			BeforeProcessingInitializeOnLoad (85ms)
			ProcessInitializeOnLoadAttributes (384ms)
			ProcessInitializeOnLoadMethodAttributes (74ms)
			AfterProcessingInitializeOnLoad (5ms)
			EditorAssembliesLoaded (0ms)
		ExecutionOrderSort2 (0ms)
		AwakeInstancesAfterBackupRestoration (10ms)
Refreshing native plugins compatible for Editor in 8.96 ms, found 6 plugins.
Preloading 1 native plugins for Editor in 0.14 ms.
Unloading 34 Unused Serialized files (Serialized files now loaded: 0)
Unloading 6933 unused Assets / (6.7 MB). Loaded Objects now: 7640.
Memory consumption went from 154.1 MB to 147.4 MB.
Total: 7.811500 ms (FindLiveObjects: 0.585800 ms CreateObjectMapping: 0.582600 ms MarkObjects: 3.545500 ms  DeleteObjects: 3.096700 ms)

Prepare: number of updated asset objects reloaded= 0
========================================================================
Received Prepare
Begin MonoManager ReloadAssembly
Symbol file LoadedFromMemory is not a mono symbol file
- Loaded All Assemblies, in  0.737 seconds
Refreshing native plugins compatible for Editor in 9.24 ms, found 6 plugins.
Native extension for iOS target not found
Native extension for Android target not found
Native extension for WindowsStandalone target not found
[Package Manager] Failed to launch server process. Reason: Unity was launched with the -noUpm command-line argument
[Package Manager] Unable to send message (not connected to server process).
[Package Manager] Cannot connect to Unity Package Manager local server
[Package Manager] Failed to launch server process. Reason: Unity was launched with the -noUpm command-line argument
[Package Manager] Unable to send message (not connected to server process).
[Package Manager] Cannot connect to Unity Package Manager local server
AssertionException: Error removing Draco for Unity WebGL sub-packages.. Failed fetching installed packages.
Assertion failure. Values are not equal.
Expected: Failure == Success
  at UnityEngine.Assertions.Assert.Fail (System.String message, System.String userMessage) [0x00043] in <612ea0208cc847f49d539e6511ed3cd5>:0 
  at UnityEngine.Assertions.Assert.AreEqual[T] (T expected, T actual, System.String message, System.Collections.Generic.IEqualityComparer`1[T] comparer) [0x0005f] in <612ea0208cc847f49d539e6511ed3cd5>:0 
  at UnityEngine.Assertions.Assert.AreEqual[T] (T expected, T actual, System.String message) [0x00009] in <612ea0208cc847f49d539e6511ed3cd5>:0 
  at SubPackage.SubPackageRemover.GetAllInstalledPackagesAsync (System.Double timeout) [0x000b7] in .\Library\PackageCache\com.unity.cloud.draco@2ad9855b1dfa\Editor\Scripts\SubPackage\SubPackageRemover.cs:79 
  at SubPackage.SubPackageRemover.TryRemoveObsoleteSubPackagesAsync () [0x0002a] in .\Library\PackageCache\com.unity.cloud.draco@2ad9855b1dfa\Editor\Scripts\SubPackage\SubPackageRemover.cs:33 
UnityEngine.DebugLogHandler:Internal_LogException_Injected(Exception, IntPtr)
UnityEngine.DebugLogHandler:Internal_LogException(Exception, Object)
UnityEngine.DebugLogHandler:LogException(Exception, Object)
UnityEngine.Logger:LogException(Exception, Object)
UnityEngine.Debug:LogException(Exception)
SubPackage.<TryRemoveObsoleteSubPackagesAsync>d__5:MoveNext() (at .\Library\PackageCache\com.unity.cloud.draco@2ad9855b1dfa\Editor\Scripts\SubPackage\SubPackageRemover.cs:50)
System.Runtime.CompilerServices.AsyncTaskMethodBuilder:Start(<TryRemoveObsoleteSubPackagesAsync>d__5&)
SubPackage.SubPackageRemover:TryRemoveObsoleteSubPackagesAsync()
System.Reflection.RuntimeMethodInfo:InternalInvoke(RuntimeMethodInfo, Object, Object[], Exception&)
System.Reflection.RuntimeMethodInfo:Invoke(Object, BindingFlags, Binder, Object[], CultureInfo)
System.Reflection.MethodBase:Invoke(Object, Object[])
UnityEditor.EditorAssemblies:ProcessInitializeOnLoadMethodAttributes()

(Filename: ./Library/PackageCache/com.unity.cloud.draco@2ad9855b1dfa/Editor/Scripts/SubPackage/SubPackageRemover.cs Line: 50)

Mono: successfully reloaded assembly
- Finished resetting the current domain, in  0.831 seconds
Domain Reload Profiling: 1568ms
	BeginReloadAssembly (216ms)
		ExecutionOrderSort (0ms)
		DisableScriptedObjects (5ms)
		BackupInstance (0ms)
		ReleaseScriptingObjects (0ms)
		CreateAndSetChildDomain (41ms)
	RebuildCommonClasses (33ms)
	RebuildNativeTypeToScriptingClass (11ms)
	initialDomainReloadingComplete (30ms)
	LoadAllAssembliesAndSetupDomain (446ms)
		LoadAssemblies (394ms)
		RebuildTransferFunctionScriptingTraits (0ms)
		AnalyzeDomain (183ms)
			TypeCache.Refresh (8ms)
				TypeCache.ScanAssembly (0ms)
			BuildScriptInfoCaches (163ms)
			ResolveRequiredComponents (8ms)
	FinalizeReload (832ms)
		ReleaseScriptCaches (0ms)
		RebuildScriptCaches (0ms)
		SetupLoadedEditorAssemblies (661ms)
			LogAssemblyErrors (0ms)
			InitializePlatformSupportModulesInManaged (19ms)
			SetLoadedEditorAssemblies (3ms)
			BeforeProcessingInitializeOnLoad (95ms)
			ProcessInitializeOnLoadAttributes (452ms)
			ProcessInitializeOnLoadMethodAttributes (86ms)
			AfterProcessingInitializeOnLoad (6ms)
			EditorAssembliesLoaded (0ms)
		ExecutionOrderSort2 (0ms)
		AwakeInstancesAfterBackupRestoration (11ms)
Refreshing native plugins compatible for Editor in 9.25 ms, found 6 plugins.
Preloading 1 native plugins for Editor in 0.14 ms.
Unloading 34 Unused Serialized files (Serialized files now loaded: 0)
Unloading 6933 unused Assets / (7.2 MB). Loaded Objects now: 7643.
Memory consumption went from 154.1 MB to 146.9 MB.
Total: 8.733700 ms (FindLiveObjects: 0.551800 ms CreateObjectMapping: 0.486300 ms MarkObjects: 3.509400 ms  DeleteObjects: 4.185400 ms)

Prepare: number of updated asset objects reloaded= 0
========================================================================
Received Prepare
Begin MonoManager ReloadAssembly
Symbol file LoadedFromMemory is not a mono symbol file
- Loaded All Assemblies, in  0.741 seconds
Refreshing native plugins compatible for Editor in 8.92 ms, found 6 plugins.
Native extension for iOS target not found
Native extension for Android target not found
Native extension for WindowsStandalone target not found
[Package Manager] Failed to launch server process. Reason: Unity was launched with the -noUpm command-line argument
[Package Manager] Unable to send message (not connected to server process).
[Package Manager] Cannot connect to Unity Package Manager local server
[Package Manager] Failed to launch server process. Reason: Unity was launched with the -noUpm command-line argument
[Package Manager] Unable to send message (not connected to server process).
[Package Manager] Cannot connect to Unity Package Manager local server
AssertionException: Error removing Draco for Unity WebGL sub-packages.. Failed fetching installed packages.
Assertion failure. Values are not equal.
Expected: Failure == Success
  at UnityEngine.Assertions.Assert.Fail (System.String message, System.String userMessage) [0x00043] in <612ea0208cc847f49d539e6511ed3cd5>:0 
  at UnityEngine.Assertions.Assert.AreEqual[T] (T expected, T actual, System.String message, System.Collections.Generic.IEqualityComparer`1[T] comparer) [0x0005f] in <612ea0208cc847f49d539e6511ed3cd5>:0 
  at UnityEngine.Assertions.Assert.AreEqual[T] (T expected, T actual, System.String message) [0x00009] in <612ea0208cc847f49d539e6511ed3cd5>:0 
  at SubPackage.SubPackageRemover.GetAllInstalledPackagesAsync (System.Double timeout) [0x000b7] in .\Library\PackageCache\com.unity.cloud.draco@2ad9855b1dfa\Editor\Scripts\SubPackage\SubPackageRemover.cs:79 
  at SubPackage.SubPackageRemover.TryRemoveObsoleteSubPackagesAsync () [0x0002a] in .\Library\PackageCache\com.unity.cloud.draco@2ad9855b1dfa\Editor\Scripts\SubPackage\SubPackageRemover.cs:33 
UnityEngine.DebugLogHandler:Internal_LogException_Injected(Exception, IntPtr)
UnityEngine.DebugLogHandler:Internal_LogException(Exception, Object)
UnityEngine.DebugLogHandler:LogException(Exception, Object)
UnityEngine.Logger:LogException(Exception, Object)
UnityEngine.Debug:LogException(Exception)
SubPackage.<TryRemoveObsoleteSubPackagesAsync>d__5:MoveNext() (at .\Library\PackageCache\com.unity.cloud.draco@2ad9855b1dfa\Editor\Scripts\SubPackage\SubPackageRemover.cs:50)
System.Runtime.CompilerServices.AsyncTaskMethodBuilder:Start(<TryRemoveObsoleteSubPackagesAsync>d__5&)
SubPackage.SubPackageRemover:TryRemoveObsoleteSubPackagesAsync()
System.Reflection.RuntimeMethodInfo:InternalInvoke(RuntimeMethodInfo, Object, Object[], Exception&)
System.Reflection.RuntimeMethodInfo:Invoke(Object, BindingFlags, Binder, Object[], CultureInfo)
System.Reflection.MethodBase:Invoke(Object, Object[])
UnityEditor.EditorAssemblies:ProcessInitializeOnLoadMethodAttributes()

(Filename: ./Library/PackageCache/com.unity.cloud.draco@2ad9855b1dfa/Editor/Scripts/SubPackage/SubPackageRemover.cs Line: 50)

Mono: successfully reloaded assembly
- Finished resetting the current domain, in  0.798 seconds
Domain Reload Profiling: 1539ms
	BeginReloadAssembly (217ms)
		ExecutionOrderSort (0ms)
		DisableScriptedObjects (5ms)
		BackupInstance (0ms)
		ReleaseScriptingObjects (0ms)
		CreateAndSetChildDomain (40ms)
	RebuildCommonClasses (33ms)
	RebuildNativeTypeToScriptingClass (10ms)
	initialDomainReloadingComplete (30ms)
	LoadAllAssembliesAndSetupDomain (451ms)
		LoadAssemblies (406ms)
		RebuildTransferFunctionScriptingTraits (0ms)
		AnalyzeDomain (177ms)
			TypeCache.Refresh (6ms)
				TypeCache.ScanAssembly (0ms)
			BuildScriptInfoCaches (158ms)
			ResolveRequiredComponents (8ms)
	FinalizeReload (798ms)
		ReleaseScriptCaches (0ms)
		RebuildScriptCaches (0ms)
		SetupLoadedEditorAssemblies (635ms)
			LogAssemblyErrors (0ms)
			InitializePlatformSupportModulesInManaged (17ms)
			SetLoadedEditorAssemblies (3ms)
			BeforeProcessingInitializeOnLoad (90ms)
			ProcessInitializeOnLoadAttributes (438ms)
			ProcessInitializeOnLoadMethodAttributes (79ms)
			AfterProcessingInitializeOnLoad (7ms)
			EditorAssembliesLoaded (0ms)
		ExecutionOrderSort2 (0ms)
		AwakeInstancesAfterBackupRestoration (12ms)
Refreshing native plugins compatible for Editor in 9.48 ms, found 6 plugins.
Preloading 1 native plugins for Editor in 0.14 ms.
Unloading 34 Unused Serialized files (Serialized files now loaded: 0)
Unloading 6933 unused Assets / (6.6 MB). Loaded Objects now: 7646.
Memory consumption went from 154.1 MB to 147.5 MB.
Total: 8.492900 ms (FindLiveObjects: 0.576300 ms CreateObjectMapping: 0.549100 ms MarkObjects: 4.194700 ms  DeleteObjects: 3.171800 ms)

Prepare: number of updated asset objects reloaded= 0
========================================================================
Received Prepare
Refreshing native plugins compatible for Editor in 8.84 ms, found 6 plugins.
Preloading 1 native plugins for Editor in 0.14 ms.
Unloading 34 Unused Serialized files (Serialized files now loaded: 0)
Unloading 6892 unused Assets / (6.1 MB). Loaded Objects now: 7646.
Memory consumption went from 154.0 MB to 147.9 MB.
Total: 8.247300 ms (FindLiveObjects: 0.563400 ms CreateObjectMapping: 0.646600 ms MarkObjects: 4.456800 ms  DeleteObjects: 2.578800 ms)

Prepare: number of updated asset objects reloaded= 0
========================================================================
Received Prepare
Begin MonoManager ReloadAssembly
Symbol file LoadedFromMemory is not a mono symbol file
- Loaded All Assemblies, in  0.788 seconds
Refreshing native plugins compatible for Editor in 9.05 ms, found 6 plugins.
Native extension for iOS target not found
Native extension for Android target not found
Native extension for WindowsStandalone target not found
[Package Manager] Failed to launch server process. Reason: Unity was launched with the -noUpm command-line argument
[Package Manager] Unable to send message (not connected to server process).
[Package Manager] Cannot connect to Unity Package Manager local server
[Package Manager] Failed to launch server process. Reason: Unity was launched with the -noUpm command-line argument
[Package Manager] Unable to send message (not connected to server process).
[Package Manager] Cannot connect to Unity Package Manager local server
AssertionException: Error removing Draco for Unity WebGL sub-packages.. Failed fetching installed packages.
Assertion failure. Values are not equal.
Expected: Failure == Success
  at UnityEngine.Assertions.Assert.Fail (System.String message, System.String userMessage) [0x00043] in <612ea0208cc847f49d539e6511ed3cd5>:0 
  at UnityEngine.Assertions.Assert.AreEqual[T] (T expected, T actual, System.String message, System.Collections.Generic.IEqualityComparer`1[T] comparer) [0x0005f] in <612ea0208cc847f49d539e6511ed3cd5>:0 
  at UnityEngine.Assertions.Assert.AreEqual[T] (T expected, T actual, System.String message) [0x00009] in <612ea0208cc847f49d539e6511ed3cd5>:0 
  at SubPackage.SubPackageRemover.GetAllInstalledPackagesAsync (System.Double timeout) [0x000b7] in .\Library\PackageCache\com.unity.cloud.draco@2ad9855b1dfa\Editor\Scripts\SubPackage\SubPackageRemover.cs:79 
  at SubPackage.SubPackageRemover.TryRemoveObsoleteSubPackagesAsync () [0x0002a] in .\Library\PackageCache\com.unity.cloud.draco@2ad9855b1dfa\Editor\Scripts\SubPackage\SubPackageRemover.cs:33 
UnityEngine.DebugLogHandler:Internal_LogException_Injected(Exception, IntPtr)
UnityEngine.DebugLogHandler:Internal_LogException(Exception, Object)
UnityEngine.DebugLogHandler:LogException(Exception, Object)
UnityEngine.Logger:LogException(Exception, Object)
UnityEngine.Debug:LogException(Exception)
SubPackage.<TryRemoveObsoleteSubPackagesAsync>d__5:MoveNext() (at .\Library\PackageCache\com.unity.cloud.draco@2ad9855b1dfa\Editor\Scripts\SubPackage\SubPackageRemover.cs:50)
System.Runtime.CompilerServices.AsyncTaskMethodBuilder:Start(<TryRemoveObsoleteSubPackagesAsync>d__5&)
SubPackage.SubPackageRemover:TryRemoveObsoleteSubPackagesAsync()
System.Reflection.RuntimeMethodInfo:InternalInvoke(RuntimeMethodInfo, Object, Object[], Exception&)
System.Reflection.RuntimeMethodInfo:Invoke(Object, BindingFlags, Binder, Object[], CultureInfo)
System.Reflection.MethodBase:Invoke(Object, Object[])
UnityEditor.EditorAssemblies:ProcessInitializeOnLoadMethodAttributes()

(Filename: ./Library/PackageCache/com.unity.cloud.draco@2ad9855b1dfa/Editor/Scripts/SubPackage/SubPackageRemover.cs Line: 50)

Mono: successfully reloaded assembly
- Finished resetting the current domain, in  0.740 seconds
Domain Reload Profiling: 1528ms
	BeginReloadAssembly (258ms)
		ExecutionOrderSort (0ms)
		DisableScriptedObjects (6ms)
		BackupInstance (0ms)
		ReleaseScriptingObjects (0ms)
		CreateAndSetChildDomain (61ms)
	RebuildCommonClasses (32ms)
	RebuildNativeTypeToScriptingClass (11ms)
	initialDomainReloadingComplete (31ms)
	LoadAllAssembliesAndSetupDomain (455ms)
		LoadAssemblies (414ms)
		RebuildTransferFunctionScriptingTraits (0ms)
		AnalyzeDomain (183ms)
			TypeCache.Refresh (9ms)
				TypeCache.ScanAssembly (0ms)
			BuildScriptInfoCaches (162ms)
			ResolveRequiredComponents (8ms)
	FinalizeReload (740ms)
		ReleaseScriptCaches (0ms)
		RebuildScriptCaches (0ms)
		SetupLoadedEditorAssemblies (574ms)
			LogAssemblyErrors (0ms)
			InitializePlatformSupportModulesInManaged (18ms)
			SetLoadedEditorAssemblies (4ms)
			BeforeProcessingInitializeOnLoad (91ms)
			ProcessInitializeOnLoadAttributes (385ms)
			ProcessInitializeOnLoadMethodAttributes (70ms)
			AfterProcessingInitializeOnLoad (5ms)
			EditorAssembliesLoaded (0ms)
		ExecutionOrderSort2 (0ms)
		AwakeInstancesAfterBackupRestoration (10ms)
Refreshing native plugins compatible for Editor in 9.08 ms, found 6 plugins.
Preloading 1 native plugins for Editor in 0.14 ms.
Unloading 34 Unused Serialized files (Serialized files now loaded: 0)
Unloading 6933 unused Assets / (6.6 MB). Loaded Objects now: 7649.
Memory consumption went from 154.2 MB to 147.6 MB.
Total: 7.478100 ms (FindLiveObjects: 0.564600 ms CreateObjectMapping: 0.542900 ms MarkObjects: 3.569100 ms  DeleteObjects: 2.800700 ms)

Prepare: number of updated asset objects reloaded= 0
========================================================================
Received Prepare
Begin MonoManager ReloadAssembly
Symbol file LoadedFromMemory is not a mono symbol file
- Loaded All Assemblies, in  0.739 seconds
Refreshing native plugins compatible for Editor in 9.21 ms, found 6 plugins.
Native extension for iOS target not found
Native extension for Android target not found
Native extension for WindowsStandalone target not found
[Package Manager] Failed to launch server process. Reason: Unity was launched with the -noUpm command-line argument
[Package Manager] Unable to send message (not connected to server process).
[Package Manager] Cannot connect to Unity Package Manager local server
[Package Manager] Failed to launch server process. Reason: Unity was launched with the -noUpm command-line argument
[Package Manager] Unable to send message (not connected to server process).
[Package Manager] Cannot connect to Unity Package Manager local server
AssertionException: Error removing Draco for Unity WebGL sub-packages.. Failed fetching installed packages.
Assertion failure. Values are not equal.
Expected: Failure == Success
  at UnityEngine.Assertions.Assert.Fail (System.String message, System.String userMessage) [0x00043] in <612ea0208cc847f49d539e6511ed3cd5>:0 
  at UnityEngine.Assertions.Assert.AreEqual[T] (T expected, T actual, System.String message, System.Collections.Generic.IEqualityComparer`1[T] comparer) [0x0005f] in <612ea0208cc847f49d539e6511ed3cd5>:0 
  at UnityEngine.Assertions.Assert.AreEqual[T] (T expected, T actual, System.String message) [0x00009] in <612ea0208cc847f49d539e6511ed3cd5>:0 
  at SubPackage.SubPackageRemover.GetAllInstalledPackagesAsync (System.Double timeout) [0x000b7] in .\Library\PackageCache\com.unity.cloud.draco@2ad9855b1dfa\Editor\Scripts\SubPackage\SubPackageRemover.cs:79 
  at SubPackage.SubPackageRemover.TryRemoveObsoleteSubPackagesAsync () [0x0002a] in .\Library\PackageCache\com.unity.cloud.draco@2ad9855b1dfa\Editor\Scripts\SubPackage\SubPackageRemover.cs:33 
UnityEngine.DebugLogHandler:Internal_LogException_Injected(Exception, IntPtr)
UnityEngine.DebugLogHandler:Internal_LogException(Exception, Object)
UnityEngine.DebugLogHandler:LogException(Exception, Object)
UnityEngine.Logger:LogException(Exception, Object)
UnityEngine.Debug:LogException(Exception)
SubPackage.<TryRemoveObsoleteSubPackagesAsync>d__5:MoveNext() (at .\Library\PackageCache\com.unity.cloud.draco@2ad9855b1dfa\Editor\Scripts\SubPackage\SubPackageRemover.cs:50)
System.Runtime.CompilerServices.AsyncTaskMethodBuilder:Start(<TryRemoveObsoleteSubPackagesAsync>d__5&)
SubPackage.SubPackageRemover:TryRemoveObsoleteSubPackagesAsync()
System.Reflection.RuntimeMethodInfo:InternalInvoke(RuntimeMethodInfo, Object, Object[], Exception&)
System.Reflection.RuntimeMethodInfo:Invoke(Object, BindingFlags, Binder, Object[], CultureInfo)
System.Reflection.MethodBase:Invoke(Object, Object[])
UnityEditor.EditorAssemblies:ProcessInitializeOnLoadMethodAttributes()

(Filename: ./Library/PackageCache/com.unity.cloud.draco@2ad9855b1dfa/Editor/Scripts/SubPackage/SubPackageRemover.cs Line: 50)

Mono: successfully reloaded assembly
- Finished resetting the current domain, in  0.799 seconds
Domain Reload Profiling: 1537ms
	BeginReloadAssembly (223ms)
		ExecutionOrderSort (0ms)
		DisableScriptedObjects (5ms)
		BackupInstance (0ms)
		ReleaseScriptingObjects (0ms)
		CreateAndSetChildDomain (40ms)
	RebuildCommonClasses (36ms)
	RebuildNativeTypeToScriptingClass (10ms)
	initialDomainReloadingComplete (29ms)
	LoadAllAssembliesAndSetupDomain (439ms)
		LoadAssemblies (399ms)
		RebuildTransferFunctionScriptingTraits (0ms)
		AnalyzeDomain (179ms)
			TypeCache.Refresh (7ms)
				TypeCache.ScanAssembly (0ms)
			BuildScriptInfoCaches (159ms)
			ResolveRequiredComponents (8ms)
	FinalizeReload (799ms)
		ReleaseScriptCaches (0ms)
		RebuildScriptCaches (0ms)
		SetupLoadedEditorAssemblies (635ms)
			LogAssemblyErrors (0ms)
			InitializePlatformSupportModulesInManaged (18ms)
			SetLoadedEditorAssemblies (3ms)
			BeforeProcessingInitializeOnLoad (87ms)
			ProcessInitializeOnLoadAttributes (439ms)
			ProcessInitializeOnLoadMethodAttributes (81ms)
			AfterProcessingInitializeOnLoad (7ms)
			EditorAssembliesLoaded (0ms)
		ExecutionOrderSort2 (0ms)
		AwakeInstancesAfterBackupRestoration (11ms)
Refreshing native plugins compatible for Editor in 9.05 ms, found 6 plugins.
Preloading 1 native plugins for Editor in 0.15 ms.
Unloading 34 Unused Serialized files (Serialized files now loaded: 0)
Unloading 6933 unused Assets / (6.7 MB). Loaded Objects now: 7652.
Memory consumption went from 154.2 MB to 147.5 MB.
Total: 8.854700 ms (FindLiveObjects: 0.623500 ms CreateObjectMapping: 0.722500 ms MarkObjects: 4.487900 ms  DeleteObjects: 3.019900 ms)

Prepare: number of updated asset objects reloaded= 0
========================================================================
Received Prepare
Begin MonoManager ReloadAssembly
Symbol file LoadedFromMemory is not a mono symbol file
- Loaded All Assemblies, in  0.801 seconds
Refreshing native plugins compatible for Editor in 9.52 ms, found 6 plugins.
Native extension for iOS target not found
Native extension for Android target not found
Native extension for WindowsStandalone target not found
[Package Manager] Failed to launch server process. Reason: Unity was launched with the -noUpm command-line argument
[Package Manager] Unable to send message (not connected to server process).
[Package Manager] Cannot connect to Unity Package Manager local server
[Package Manager] Failed to launch server process. Reason: Unity was launched with the -noUpm command-line argument
[Package Manager] Unable to send message (not connected to server process).
[Package Manager] Cannot connect to Unity Package Manager local server
AssertionException: Error removing Draco for Unity WebGL sub-packages.. Failed fetching installed packages.
Assertion failure. Values are not equal.
Expected: Failure == Success
  at UnityEngine.Assertions.Assert.Fail (System.String message, System.String userMessage) [0x00043] in <612ea0208cc847f49d539e6511ed3cd5>:0 
  at UnityEngine.Assertions.Assert.AreEqual[T] (T expected, T actual, System.String message, System.Collections.Generic.IEqualityComparer`1[T] comparer) [0x0005f] in <612ea0208cc847f49d539e6511ed3cd5>:0 
  at UnityEngine.Assertions.Assert.AreEqual[T] (T expected, T actual, System.String message) [0x00009] in <612ea0208cc847f49d539e6511ed3cd5>:0 
  at SubPackage.SubPackageRemover.GetAllInstalledPackagesAsync (System.Double timeout) [0x000b7] in .\Library\PackageCache\com.unity.cloud.draco@2ad9855b1dfa\Editor\Scripts\SubPackage\SubPackageRemover.cs:79 
  at SubPackage.SubPackageRemover.TryRemoveObsoleteSubPackagesAsync () [0x0002a] in .\Library\PackageCache\com.unity.cloud.draco@2ad9855b1dfa\Editor\Scripts\SubPackage\SubPackageRemover.cs:33 
UnityEngine.DebugLogHandler:Internal_LogException_Injected(Exception, IntPtr)
UnityEngine.DebugLogHandler:Internal_LogException(Exception, Object)
UnityEngine.DebugLogHandler:LogException(Exception, Object)
UnityEngine.Logger:LogException(Exception, Object)
UnityEngine.Debug:LogException(Exception)
SubPackage.<TryRemoveObsoleteSubPackagesAsync>d__5:MoveNext() (at .\Library\PackageCache\com.unity.cloud.draco@2ad9855b1dfa\Editor\Scripts\SubPackage\SubPackageRemover.cs:50)
System.Runtime.CompilerServices.AsyncTaskMethodBuilder:Start(<TryRemoveObsoleteSubPackagesAsync>d__5&)
SubPackage.SubPackageRemover:TryRemoveObsoleteSubPackagesAsync()
System.Reflection.RuntimeMethodInfo:InternalInvoke(RuntimeMethodInfo, Object, Object[], Exception&)
System.Reflection.RuntimeMethodInfo:Invoke(Object, BindingFlags, Binder, Object[], CultureInfo)
System.Reflection.MethodBase:Invoke(Object, Object[])
UnityEditor.EditorAssemblies:ProcessInitializeOnLoadMethodAttributes()

(Filename: ./Library/PackageCache/com.unity.cloud.draco@2ad9855b1dfa/Editor/Scripts/SubPackage/SubPackageRemover.cs Line: 50)

Mono: successfully reloaded assembly
- Finished resetting the current domain, in  0.835 seconds
Domain Reload Profiling: 1637ms
	BeginReloadAssembly (249ms)
		ExecutionOrderSort (0ms)
		DisableScriptedObjects (6ms)
		BackupInstance (0ms)
		ReleaseScriptingObjects (0ms)
		CreateAndSetChildDomain (54ms)
	RebuildCommonClasses (38ms)
	RebuildNativeTypeToScriptingClass (11ms)
	initialDomainReloadingComplete (30ms)
	LoadAllAssembliesAndSetupDomain (473ms)
		LoadAssemblies (424ms)
		RebuildTransferFunctionScriptingTraits (0ms)
		AnalyzeDomain (189ms)
			TypeCache.Refresh (7ms)
				TypeCache.ScanAssembly (0ms)
			BuildScriptInfoCaches (166ms)
			ResolveRequiredComponents (10ms)
	FinalizeReload (836ms)
		ReleaseScriptCaches (0ms)
		RebuildScriptCaches (0ms)
		SetupLoadedEditorAssemblies (661ms)
			LogAssemblyErrors (0ms)
			InitializePlatformSupportModulesInManaged (19ms)
			SetLoadedEditorAssemblies (3ms)
			BeforeProcessingInitializeOnLoad (90ms)
			ProcessInitializeOnLoadAttributes (458ms)
			ProcessInitializeOnLoadMethodAttributes (85ms)
			AfterProcessingInitializeOnLoad (7ms)
			EditorAssembliesLoaded (0ms)
		ExecutionOrderSort2 (0ms)
		AwakeInstancesAfterBackupRestoration (15ms)
Refreshing native plugins compatible for Editor in 11.45 ms, found 6 plugins.
Preloading 1 native plugins for Editor in 0.17 ms.
Unloading 34 Unused Serialized files (Serialized files now loaded: 0)
Unloading 6933 unused Assets / (6.7 MB). Loaded Objects now: 7655.
Memory consumption went from 154.1 MB to 147.4 MB.
Total: 9.928000 ms (FindLiveObjects: 0.817300 ms CreateObjectMapping: 0.668300 ms MarkObjects: 5.217200 ms  DeleteObjects: 3.224000 ms)

Prepare: number of updated asset objects reloaded= 0
========================================================================
Received Prepare
Refreshing native plugins compatible for Editor in 8.96 ms, found 6 plugins.
Preloading 1 native plugins for Editor in 0.15 ms.
Unloading 34 Unused Serialized files (Serialized files now loaded: 0)
Unloading 6892 unused Assets / (6.4 MB). Loaded Objects now: 7655.
Memory consumption went from 154.0 MB to 147.6 MB.
Total: 7.101300 ms (FindLiveObjects: 0.553400 ms CreateObjectMapping: 0.489000 ms MarkObjects: 3.469500 ms  DeleteObjects: 2.588600 ms)

Prepare: number of updated asset objects reloaded= 0
========================================================================
Received Prepare
Begin MonoManager ReloadAssembly
Symbol file LoadedFromMemory is not a mono symbol file
- Loaded All Assemblies, in  0.762 seconds
Refreshing native plugins compatible for Editor in 9.87 ms, found 6 plugins.
Native extension for iOS target not found
Native extension for Android target not found
Native extension for WindowsStandalone target not found
[Package Manager] Failed to launch server process. Reason: Unity was launched with the -noUpm command-line argument
[Package Manager] Unable to send message (not connected to server process).
[Package Manager] Cannot connect to Unity Package Manager local server
[Package Manager] Failed to launch server process. Reason: Unity was launched with the -noUpm command-line argument
[Package Manager] Unable to send message (not connected to server process).
[Package Manager] Cannot connect to Unity Package Manager local server
AssertionException: Error removing Draco for Unity WebGL sub-packages.. Failed fetching installed packages.
Assertion failure. Values are not equal.
Expected: Failure == Success
  at UnityEngine.Assertions.Assert.Fail (System.String message, System.String userMessage) [0x00043] in <612ea0208cc847f49d539e6511ed3cd5>:0 
  at UnityEngine.Assertions.Assert.AreEqual[T] (T expected, T actual, System.String message, System.Collections.Generic.IEqualityComparer`1[T] comparer) [0x0005f] in <612ea0208cc847f49d539e6511ed3cd5>:0 
  at UnityEngine.Assertions.Assert.AreEqual[T] (T expected, T actual, System.String message) [0x00009] in <612ea0208cc847f49d539e6511ed3cd5>:0 
  at SubPackage.SubPackageRemover.GetAllInstalledPackagesAsync (System.Double timeout) [0x000b7] in .\Library\PackageCache\com.unity.cloud.draco@2ad9855b1dfa\Editor\Scripts\SubPackage\SubPackageRemover.cs:79 
  at SubPackage.SubPackageRemover.TryRemoveObsoleteSubPackagesAsync () [0x0002a] in .\Library\PackageCache\com.unity.cloud.draco@2ad9855b1dfa\Editor\Scripts\SubPackage\SubPackageRemover.cs:33 
UnityEngine.DebugLogHandler:Internal_LogException_Injected(Exception, IntPtr)
UnityEngine.DebugLogHandler:Internal_LogException(Exception, Object)
UnityEngine.DebugLogHandler:LogException(Exception, Object)
UnityEngine.Logger:LogException(Exception, Object)
UnityEngine.Debug:LogException(Exception)
SubPackage.<TryRemoveObsoleteSubPackagesAsync>d__5:MoveNext() (at .\Library\PackageCache\com.unity.cloud.draco@2ad9855b1dfa\Editor\Scripts\SubPackage\SubPackageRemover.cs:50)
System.Runtime.CompilerServices.AsyncTaskMethodBuilder:Start(<TryRemoveObsoleteSubPackagesAsync>d__5&)
SubPackage.SubPackageRemover:TryRemoveObsoleteSubPackagesAsync()
System.Reflection.RuntimeMethodInfo:InternalInvoke(RuntimeMethodInfo, Object, Object[], Exception&)
System.Reflection.RuntimeMethodInfo:Invoke(Object, BindingFlags, Binder, Object[], CultureInfo)
System.Reflection.MethodBase:Invoke(Object, Object[])
UnityEditor.EditorAssemblies:ProcessInitializeOnLoadMethodAttributes()

(Filename: ./Library/PackageCache/com.unity.cloud.draco@2ad9855b1dfa/Editor/Scripts/SubPackage/SubPackageRemover.cs Line: 50)

Mono: successfully reloaded assembly
- Finished resetting the current domain, in  0.793 seconds
Domain Reload Profiling: 1554ms
	BeginReloadAssembly (233ms)
		ExecutionOrderSort (0ms)
		DisableScriptedObjects (5ms)
		BackupInstance (0ms)
		ReleaseScriptingObjects (0ms)
		CreateAndSetChildDomain (51ms)
	RebuildCommonClasses (33ms)
	RebuildNativeTypeToScriptingClass (11ms)
	initialDomainReloadingComplete (32ms)
	LoadAllAssembliesAndSetupDomain (453ms)
		LoadAssemblies (398ms)
		RebuildTransferFunctionScriptingTraits (0ms)
		AnalyzeDomain (191ms)
			TypeCache.Refresh (9ms)
				TypeCache.ScanAssembly (0ms)
			BuildScriptInfoCaches (170ms)
			ResolveRequiredComponents (8ms)
	FinalizeReload (793ms)
		ReleaseScriptCaches (0ms)
		RebuildScriptCaches (0ms)
		SetupLoadedEditorAssemblies (624ms)
			LogAssemblyErrors (0ms)
			InitializePlatformSupportModulesInManaged (21ms)
			SetLoadedEditorAssemblies (3ms)
			BeforeProcessingInitializeOnLoad (86ms)
			ProcessInitializeOnLoadAttributes (433ms)
			ProcessInitializeOnLoadMethodAttributes (76ms)
			AfterProcessingInitializeOnLoad (6ms)
			EditorAssembliesLoaded (0ms)
		ExecutionOrderSort2 (0ms)
		AwakeInstancesAfterBackupRestoration (11ms)
Refreshing native plugins compatible for Editor in 9.22 ms, found 6 plugins.
Preloading 1 native plugins for Editor in 0.14 ms.
Unloading 34 Unused Serialized files (Serialized files now loaded: 0)
Unloading 6933 unused Assets / (5.8 MB). Loaded Objects now: 7658.
Memory consumption went from 154.1 MB to 148.4 MB.
Total: 6.741400 ms (FindLiveObjects: 0.538500 ms CreateObjectMapping: 0.468200 ms MarkObjects: 3.439900 ms  DeleteObjects: 2.294100 ms)

Prepare: number of updated asset objects reloaded= 0
========================================================================
Received Prepare
Begin MonoManager ReloadAssembly
Symbol file LoadedFromMemory is not a mono symbol file
- Loaded All Assemblies, in  0.764 seconds
Refreshing native plugins compatible for Editor in 9.56 ms, found 6 plugins.
Native extension for iOS target not found
Native extension for Android target not found
Native extension for WindowsStandalone target not found
[Package Manager] Failed to launch server process. Reason: Unity was launched with the -noUpm command-line argument
[Package Manager] Unable to send message (not connected to server process).
[Package Manager] Cannot connect to Unity Package Manager local server
[Package Manager] Failed to launch server process. Reason: Unity was launched with the -noUpm command-line argument
[Package Manager] Unable to send message (not connected to server process).
[Package Manager] Cannot connect to Unity Package Manager local server
AssertionException: Error removing Draco for Unity WebGL sub-packages.. Failed fetching installed packages.
Assertion failure. Values are not equal.
Expected: Failure == Success
  at UnityEngine.Assertions.Assert.Fail (System.String message, System.String userMessage) [0x00043] in <612ea0208cc847f49d539e6511ed3cd5>:0 
  at UnityEngine.Assertions.Assert.AreEqual[T] (T expected, T actual, System.String message, System.Collections.Generic.IEqualityComparer`1[T] comparer) [0x0005f] in <612ea0208cc847f49d539e6511ed3cd5>:0 
  at UnityEngine.Assertions.Assert.AreEqual[T] (T expected, T actual, System.String message) [0x00009] in <612ea0208cc847f49d539e6511ed3cd5>:0 
  at SubPackage.SubPackageRemover.GetAllInstalledPackagesAsync (System.Double timeout) [0x000b7] in .\Library\PackageCache\com.unity.cloud.draco@2ad9855b1dfa\Editor\Scripts\SubPackage\SubPackageRemover.cs:79 
  at SubPackage.SubPackageRemover.TryRemoveObsoleteSubPackagesAsync () [0x0002a] in .\Library\PackageCache\com.unity.cloud.draco@2ad9855b1dfa\Editor\Scripts\SubPackage\SubPackageRemover.cs:33 
UnityEngine.DebugLogHandler:Internal_LogException_Injected(Exception, IntPtr)
UnityEngine.DebugLogHandler:Internal_LogException(Exception, Object)
UnityEngine.DebugLogHandler:LogException(Exception, Object)
UnityEngine.Logger:LogException(Exception, Object)
UnityEngine.Debug:LogException(Exception)
SubPackage.<TryRemoveObsoleteSubPackagesAsync>d__5:MoveNext() (at .\Library\PackageCache\com.unity.cloud.draco@2ad9855b1dfa\Editor\Scripts\SubPackage\SubPackageRemover.cs:50)
System.Runtime.CompilerServices.AsyncTaskMethodBuilder:Start(<TryRemoveObsoleteSubPackagesAsync>d__5&)
SubPackage.SubPackageRemover:TryRemoveObsoleteSubPackagesAsync()
System.Reflection.RuntimeMethodInfo:InternalInvoke(RuntimeMethodInfo, Object, Object[], Exception&)
System.Reflection.RuntimeMethodInfo:Invoke(Object, BindingFlags, Binder, Object[], CultureInfo)
System.Reflection.MethodBase:Invoke(Object, Object[])
UnityEditor.EditorAssemblies:ProcessInitializeOnLoadMethodAttributes()

(Filename: ./Library/PackageCache/com.unity.cloud.draco@2ad9855b1dfa/Editor/Scripts/SubPackage/SubPackageRemover.cs Line: 50)

Mono: successfully reloaded assembly
- Finished resetting the current domain, in  0.760 seconds
Domain Reload Profiling: 1522ms
	BeginReloadAssembly (233ms)
		ExecutionOrderSort (0ms)
		DisableScriptedObjects (5ms)
		BackupInstance (0ms)
		ReleaseScriptingObjects (0ms)
		CreateAndSetChildDomain (48ms)
	RebuildCommonClasses (43ms)
	RebuildNativeTypeToScriptingClass (12ms)
	initialDomainReloadingComplete (35ms)
	LoadAllAssembliesAndSetupDomain (438ms)
		LoadAssemblies (399ms)
		RebuildTransferFunctionScriptingTraits (0ms)
		AnalyzeDomain (177ms)
			TypeCache.Refresh (9ms)
				TypeCache.ScanAssembly (0ms)
			BuildScriptInfoCaches (155ms)
			ResolveRequiredComponents (8ms)
	FinalizeReload (760ms)
		ReleaseScriptCaches (0ms)
		RebuildScriptCaches (0ms)
		SetupLoadedEditorAssemblies (592ms)
			LogAssemblyErrors (0ms)
			InitializePlatformSupportModulesInManaged (19ms)
			SetLoadedEditorAssemblies (3ms)
			BeforeProcessingInitializeOnLoad (88ms)
			ProcessInitializeOnLoadAttributes (395ms)
			ProcessInitializeOnLoadMethodAttributes (80ms)
			AfterProcessingInitializeOnLoad (7ms)
			EditorAssembliesLoaded (0ms)
		ExecutionOrderSort2 (0ms)
		AwakeInstancesAfterBackupRestoration (12ms)
Refreshing native plugins compatible for Editor in 8.69 ms, found 6 plugins.
Preloading 1 native plugins for Editor in 0.14 ms.
Unloading 34 Unused Serialized files (Serialized files now loaded: 0)
Unloading 6933 unused Assets / (6.5 MB). Loaded Objects now: 7661.
Memory consumption went from 154.1 MB to 147.6 MB.
Total: 7.237200 ms (FindLiveObjects: 0.541500 ms CreateObjectMapping: 0.474600 ms MarkObjects: 3.510100 ms  DeleteObjects: 2.710200 ms)

Prepare: number of updated asset objects reloaded= 0
========================================================================
Received Prepare
Begin MonoManager ReloadAssembly
Symbol file LoadedFromMemory is not a mono symbol file
- Loaded All Assemblies, in  0.745 seconds
Refreshing native plugins compatible for Editor in 9.56 ms, found 6 plugins.
Native extension for iOS target not found
Native extension for Android target not found
Native extension for WindowsStandalone target not found
[Package Manager] Failed to launch server process. Reason: Unity was launched with the -noUpm command-line argument
[Package Manager] Unable to send message (not connected to server process).
[Package Manager] Cannot connect to Unity Package Manager local server
[Package Manager] Failed to launch server process. Reason: Unity was launched with the -noUpm command-line argument
[Package Manager] Unable to send message (not connected to server process).
[Package Manager] Cannot connect to Unity Package Manager local server
AssertionException: Error removing Draco for Unity WebGL sub-packages.. Failed fetching installed packages.
Assertion failure. Values are not equal.
Expected: Failure == Success
  at UnityEngine.Assertions.Assert.Fail (System.String message, System.String userMessage) [0x00043] in <612ea0208cc847f49d539e6511ed3cd5>:0 
  at UnityEngine.Assertions.Assert.AreEqual[T] (T expected, T actual, System.String message, System.Collections.Generic.IEqualityComparer`1[T] comparer) [0x0005f] in <612ea0208cc847f49d539e6511ed3cd5>:0 
  at UnityEngine.Assertions.Assert.AreEqual[T] (T expected, T actual, System.String message) [0x00009] in <612ea0208cc847f49d539e6511ed3cd5>:0 
  at SubPackage.SubPackageRemover.GetAllInstalledPackagesAsync (System.Double timeout) [0x000b7] in .\Library\PackageCache\com.unity.cloud.draco@2ad9855b1dfa\Editor\Scripts\SubPackage\SubPackageRemover.cs:79 
  at SubPackage.SubPackageRemover.TryRemoveObsoleteSubPackagesAsync () [0x0002a] in .\Library\PackageCache\com.unity.cloud.draco@2ad9855b1dfa\Editor\Scripts\SubPackage\SubPackageRemover.cs:33 
UnityEngine.DebugLogHandler:Internal_LogException_Injected(Exception, IntPtr)
UnityEngine.DebugLogHandler:Internal_LogException(Exception, Object)
UnityEngine.DebugLogHandler:LogException(Exception, Object)
UnityEngine.Logger:LogException(Exception, Object)
UnityEngine.Debug:LogException(Exception)
SubPackage.<TryRemoveObsoleteSubPackagesAsync>d__5:MoveNext() (at .\Library\PackageCache\com.unity.cloud.draco@2ad9855b1dfa\Editor\Scripts\SubPackage\SubPackageRemover.cs:50)
System.Runtime.CompilerServices.AsyncTaskMethodBuilder:Start(<TryRemoveObsoleteSubPackagesAsync>d__5&)
SubPackage.SubPackageRemover:TryRemoveObsoleteSubPackagesAsync()
System.Reflection.RuntimeMethodInfo:InternalInvoke(RuntimeMethodInfo, Object, Object[], Exception&)
System.Reflection.RuntimeMethodInfo:Invoke(Object, BindingFlags, Binder, Object[], CultureInfo)
System.Reflection.MethodBase:Invoke(Object, Object[])
UnityEditor.EditorAssemblies:ProcessInitializeOnLoadMethodAttributes()

(Filename: ./Library/PackageCache/com.unity.cloud.draco@2ad9855b1dfa/Editor/Scripts/SubPackage/SubPackageRemover.cs Line: 50)

Mono: successfully reloaded assembly
- Finished resetting the current domain, in  0.765 seconds
Domain Reload Profiling: 1510ms
	BeginReloadAssembly (226ms)
		ExecutionOrderSort (0ms)
		DisableScriptedObjects (5ms)
		BackupInstance (0ms)
		ReleaseScriptingObjects (0ms)
		CreateAndSetChildDomain (40ms)
	RebuildCommonClasses (41ms)
	RebuildNativeTypeToScriptingClass (10ms)
	initialDomainReloadingComplete (30ms)
	LoadAllAssembliesAndSetupDomain (438ms)
		LoadAssemblies (394ms)
		RebuildTransferFunctionScriptingTraits (0ms)
		AnalyzeDomain (184ms)
			TypeCache.Refresh (8ms)
				TypeCache.ScanAssembly (0ms)
			BuildScriptInfoCaches (164ms)
			ResolveRequiredComponents (8ms)
	FinalizeReload (765ms)
		ReleaseScriptCaches (0ms)
		RebuildScriptCaches (0ms)
		SetupLoadedEditorAssemblies (598ms)
			LogAssemblyErrors (0ms)
			InitializePlatformSupportModulesInManaged (18ms)
			SetLoadedEditorAssemblies (3ms)
			BeforeProcessingInitializeOnLoad (85ms)
			ProcessInitializeOnLoadAttributes (411ms)
			ProcessInitializeOnLoadMethodAttributes (73ms)
			AfterProcessingInitializeOnLoad (7ms)
			EditorAssembliesLoaded (0ms)
		ExecutionOrderSort2 (0ms)
		AwakeInstancesAfterBackupRestoration (12ms)
Refreshing native plugins compatible for Editor in 11.20 ms, found 6 plugins.
Preloading 1 native plugins for Editor in 0.27 ms.
Unloading 34 Unused Serialized files (Serialized files now loaded: 0)
Unloading 6933 unused Assets / (6.3 MB). Loaded Objects now: 7664.
Memory consumption went from 154.1 MB to 147.8 MB.
Total: 12.974200 ms (FindLiveObjects: 0.734800 ms CreateObjectMapping: 1.223000 ms MarkObjects: 6.380400 ms  DeleteObjects: 4.634900 ms)

Prepare: number of updated asset objects reloaded= 0
========================================================================
Received Prepare
Begin MonoManager ReloadAssembly
Symbol file LoadedFromMemory is not a mono symbol file
- Loaded All Assemblies, in  0.778 seconds
Refreshing native plugins compatible for Editor in 9.19 ms, found 6 plugins.
Native extension for iOS target not found
Native extension for Android target not found
Native extension for WindowsStandalone target not found
[Package Manager] Failed to launch server process. Reason: Unity was launched with the -noUpm command-line argument
[Package Manager] Unable to send message (not connected to server process).
[Package Manager] Cannot connect to Unity Package Manager local server
[Package Manager] Failed to launch server process. Reason: Unity was launched with the -noUpm command-line argument
[Package Manager] Unable to send message (not connected to server process).
[Package Manager] Cannot connect to Unity Package Manager local server
AssertionException: Error removing Draco for Unity WebGL sub-packages.. Failed fetching installed packages.
Assertion failure. Values are not equal.
Expected: Failure == Success
  at UnityEngine.Assertions.Assert.Fail (System.String message, System.String userMessage) [0x00043] in <612ea0208cc847f49d539e6511ed3cd5>:0 
  at UnityEngine.Assertions.Assert.AreEqual[T] (T expected, T actual, System.String message, System.Collections.Generic.IEqualityComparer`1[T] comparer) [0x0005f] in <612ea0208cc847f49d539e6511ed3cd5>:0 
  at UnityEngine.Assertions.Assert.AreEqual[T] (T expected, T actual, System.String message) [0x00009] in <612ea0208cc847f49d539e6511ed3cd5>:0 
  at SubPackage.SubPackageRemover.GetAllInstalledPackagesAsync (System.Double timeout) [0x000b7] in .\Library\PackageCache\com.unity.cloud.draco@2ad9855b1dfa\Editor\Scripts\SubPackage\SubPackageRemover.cs:79 
  at SubPackage.SubPackageRemover.TryRemoveObsoleteSubPackagesAsync () [0x0002a] in .\Library\PackageCache\com.unity.cloud.draco@2ad9855b1dfa\Editor\Scripts\SubPackage\SubPackageRemover.cs:33 
UnityEngine.DebugLogHandler:Internal_LogException_Injected(Exception, IntPtr)
UnityEngine.DebugLogHandler:Internal_LogException(Exception, Object)
UnityEngine.DebugLogHandler:LogException(Exception, Object)
UnityEngine.Logger:LogException(Exception, Object)
UnityEngine.Debug:LogException(Exception)
SubPackage.<TryRemoveObsoleteSubPackagesAsync>d__5:MoveNext() (at .\Library\PackageCache\com.unity.cloud.draco@2ad9855b1dfa\Editor\Scripts\SubPackage\SubPackageRemover.cs:50)
System.Runtime.CompilerServices.AsyncTaskMethodBuilder:Start(<TryRemoveObsoleteSubPackagesAsync>d__5&)
SubPackage.SubPackageRemover:TryRemoveObsoleteSubPackagesAsync()
System.Reflection.RuntimeMethodInfo:InternalInvoke(RuntimeMethodInfo, Object, Object[], Exception&)
System.Reflection.RuntimeMethodInfo:Invoke(Object, BindingFlags, Binder, Object[], CultureInfo)
System.Reflection.MethodBase:Invoke(Object, Object[])
UnityEditor.EditorAssemblies:ProcessInitializeOnLoadMethodAttributes()

(Filename: ./Library/PackageCache/com.unity.cloud.draco@2ad9855b1dfa/Editor/Scripts/SubPackage/SubPackageRemover.cs Line: 50)

Mono: successfully reloaded assembly
- Finished resetting the current domain, in  0.833 seconds
Domain Reload Profiling: 1611ms
	BeginReloadAssembly (245ms)
		ExecutionOrderSort (0ms)
		DisableScriptedObjects (5ms)
		BackupInstance (0ms)
		ReleaseScriptingObjects (0ms)
		CreateAndSetChildDomain (46ms)
	RebuildCommonClasses (37ms)
	RebuildNativeTypeToScriptingClass (11ms)
	initialDomainReloadingComplete (33ms)
	LoadAllAssembliesAndSetupDomain (452ms)
		LoadAssemblies (412ms)
		RebuildTransferFunctionScriptingTraits (0ms)
		AnalyzeDomain (191ms)
			TypeCache.Refresh (6ms)
				TypeCache.ScanAssembly (0ms)
			BuildScriptInfoCaches (172ms)
			ResolveRequiredComponents (8ms)
	FinalizeReload (833ms)
		ReleaseScriptCaches (0ms)
		RebuildScriptCaches (0ms)
		SetupLoadedEditorAssemblies (643ms)
			LogAssemblyErrors (0ms)
			InitializePlatformSupportModulesInManaged (22ms)
			SetLoadedEditorAssemblies (3ms)
			BeforeProcessingInitializeOnLoad (93ms)
			ProcessInitializeOnLoadAttributes (435ms)
			ProcessInitializeOnLoadMethodAttributes (84ms)
			AfterProcessingInitializeOnLoad (6ms)
			EditorAssembliesLoaded (0ms)
		ExecutionOrderSort2 (0ms)
		AwakeInstancesAfterBackupRestoration (13ms)
Refreshing native plugins compatible for Editor in 8.37 ms, found 6 plugins.
Preloading 1 native plugins for Editor in 0.14 ms.
Unloading 34 Unused Serialized files (Serialized files now loaded: 0)
Unloading 6933 unused Assets / (6.7 MB). Loaded Objects now: 7667.
Memory consumption went from 154.1 MB to 147.5 MB.
Total: 8.103500 ms (FindLiveObjects: 0.616700 ms CreateObjectMapping: 0.690100 ms MarkObjects: 3.865600 ms  DeleteObjects: 2.930100 ms)

Prepare: number of updated asset objects reloaded= 0
========================================================================
Received Prepare
Begin MonoManager ReloadAssembly
Symbol file LoadedFromMemory is not a mono symbol file
- Loaded All Assemblies, in  0.755 seconds
Refreshing native plugins compatible for Editor in 9.42 ms, found 6 plugins.
Native extension for iOS target not found
Native extension for Android target not found
Native extension for WindowsStandalone target not found
[Package Manager] Failed to launch server process. Reason: Unity was launched with the -noUpm command-line argument
[Package Manager] Unable to send message (not connected to server process).
[Package Manager] Cannot connect to Unity Package Manager local server
[Package Manager] Failed to launch server process. Reason: Unity was launched with the -noUpm command-line argument
[Package Manager] Unable to send message (not connected to server process).
[Package Manager] Cannot connect to Unity Package Manager local server
AssertionException: Error removing Draco for Unity WebGL sub-packages.. Failed fetching installed packages.
Assertion failure. Values are not equal.
Expected: Failure == Success
  at UnityEngine.Assertions.Assert.Fail (System.String message, System.String userMessage) [0x00043] in <612ea0208cc847f49d539e6511ed3cd5>:0 
  at UnityEngine.Assertions.Assert.AreEqual[T] (T expected, T actual, System.String message, System.Collections.Generic.IEqualityComparer`1[T] comparer) [0x0005f] in <612ea0208cc847f49d539e6511ed3cd5>:0 
  at UnityEngine.Assertions.Assert.AreEqual[T] (T expected, T actual, System.String message) [0x00009] in <612ea0208cc847f49d539e6511ed3cd5>:0 
  at SubPackage.SubPackageRemover.GetAllInstalledPackagesAsync (System.Double timeout) [0x000b7] in .\Library\PackageCache\com.unity.cloud.draco@2ad9855b1dfa\Editor\Scripts\SubPackage\SubPackageRemover.cs:79 
  at SubPackage.SubPackageRemover.TryRemoveObsoleteSubPackagesAsync () [0x0002a] in .\Library\PackageCache\com.unity.cloud.draco@2ad9855b1dfa\Editor\Scripts\SubPackage\SubPackageRemover.cs:33 
UnityEngine.DebugLogHandler:Internal_LogException_Injected(Exception, IntPtr)
UnityEngine.DebugLogHandler:Internal_LogException(Exception, Object)
UnityEngine.DebugLogHandler:LogException(Exception, Object)
UnityEngine.Logger:LogException(Exception, Object)
UnityEngine.Debug:LogException(Exception)
SubPackage.<TryRemoveObsoleteSubPackagesAsync>d__5:MoveNext() (at .\Library\PackageCache\com.unity.cloud.draco@2ad9855b1dfa\Editor\Scripts\SubPackage\SubPackageRemover.cs:50)
System.Runtime.CompilerServices.AsyncTaskMethodBuilder:Start(<TryRemoveObsoleteSubPackagesAsync>d__5&)
SubPackage.SubPackageRemover:TryRemoveObsoleteSubPackagesAsync()
System.Reflection.RuntimeMethodInfo:InternalInvoke(RuntimeMethodInfo, Object, Object[], Exception&)
System.Reflection.RuntimeMethodInfo:Invoke(Object, BindingFlags, Binder, Object[], CultureInfo)
System.Reflection.MethodBase:Invoke(Object, Object[])
UnityEditor.EditorAssemblies:ProcessInitializeOnLoadMethodAttributes()

(Filename: ./Library/PackageCache/com.unity.cloud.draco@2ad9855b1dfa/Editor/Scripts/SubPackage/SubPackageRemover.cs Line: 50)

Mono: successfully reloaded assembly
- Finished resetting the current domain, in  0.764 seconds
Domain Reload Profiling: 1517ms
	BeginReloadAssembly (239ms)
		ExecutionOrderSort (0ms)
		DisableScriptedObjects (6ms)
		BackupInstance (0ms)
		ReleaseScriptingObjects (0ms)
		CreateAndSetChildDomain (50ms)
	RebuildCommonClasses (34ms)
	RebuildNativeTypeToScriptingClass (11ms)
	initialDomainReloadingComplete (31ms)
	LoadAllAssembliesAndSetupDomain (438ms)
		LoadAssemblies (390ms)
		RebuildTransferFunctionScriptingTraits (0ms)
		AnalyzeDomain (183ms)
			TypeCache.Refresh (6ms)
				TypeCache.ScanAssembly (0ms)
			BuildScriptInfoCaches (164ms)
			ResolveRequiredComponents (8ms)
	FinalizeReload (764ms)
		ReleaseScriptCaches (0ms)
		RebuildScriptCaches (0ms)
		SetupLoadedEditorAssemblies (595ms)
			LogAssemblyErrors (0ms)
			InitializePlatformSupportModulesInManaged (18ms)
			SetLoadedEditorAssemblies (3ms)
			BeforeProcessingInitializeOnLoad (84ms)
			ProcessInitializeOnLoadAttributes (395ms)
			ProcessInitializeOnLoadMethodAttributes (87ms)
			AfterProcessingInitializeOnLoad (8ms)
			EditorAssembliesLoaded (0ms)
		ExecutionOrderSort2 (0ms)
		AwakeInstancesAfterBackupRestoration (11ms)
Refreshing native plugins compatible for Editor in 12.44 ms, found 6 plugins.
Preloading 1 native plugins for Editor in 0.22 ms.
Unloading 34 Unused Serialized files (Serialized files now loaded: 0)
Unloading 6933 unused Assets / (8.0 MB). Loaded Objects now: 7670.
Memory consumption went from 154.1 MB to 146.2 MB.
Total: 14.704400 ms (FindLiveObjects: 0.937100 ms CreateObjectMapping: 0.921400 ms MarkObjects: 7.061400 ms  DeleteObjects: 5.782400 ms)

Prepare: number of updated asset objects reloaded= 0
========================================================================
Received Prepare
Begin MonoManager ReloadAssembly
Symbol file LoadedFromMemory is not a mono symbol file
- Loaded All Assemblies, in  0.763 seconds
Refreshing native plugins compatible for Editor in 8.91 ms, found 6 plugins.
Native extension for iOS target not found
Native extension for Android target not found
Native extension for WindowsStandalone target not found
[Package Manager] Failed to launch server process. Reason: Unity was launched with the -noUpm command-line argument
[Package Manager] Unable to send message (not connected to server process).
[Package Manager] Cannot connect to Unity Package Manager local server
[Package Manager] Failed to launch server process. Reason: Unity was launched with the -noUpm command-line argument
[Package Manager] Unable to send message (not connected to server process).
[Package Manager] Cannot connect to Unity Package Manager local server
AssertionException: Error removing Draco for Unity WebGL sub-packages.. Failed fetching installed packages.
Assertion failure. Values are not equal.
Expected: Failure == Success
  at UnityEngine.Assertions.Assert.Fail (System.String message, System.String userMessage) [0x00043] in <612ea0208cc847f49d539e6511ed3cd5>:0 
  at UnityEngine.Assertions.Assert.AreEqual[T] (T expected, T actual, System.String message, System.Collections.Generic.IEqualityComparer`1[T] comparer) [0x0005f] in <612ea0208cc847f49d539e6511ed3cd5>:0 
  at UnityEngine.Assertions.Assert.AreEqual[T] (T expected, T actual, System.String message) [0x00009] in <612ea0208cc847f49d539e6511ed3cd5>:0 
  at SubPackage.SubPackageRemover.GetAllInstalledPackagesAsync (System.Double timeout) [0x000b7] in .\Library\PackageCache\com.unity.cloud.draco@2ad9855b1dfa\Editor\Scripts\SubPackage\SubPackageRemover.cs:79 
  at SubPackage.SubPackageRemover.TryRemoveObsoleteSubPackagesAsync () [0x0002a] in .\Library\PackageCache\com.unity.cloud.draco@2ad9855b1dfa\Editor\Scripts\SubPackage\SubPackageRemover.cs:33 
UnityEngine.DebugLogHandler:Internal_LogException_Injected(Exception, IntPtr)
UnityEngine.DebugLogHandler:Internal_LogException(Exception, Object)
UnityEngine.DebugLogHandler:LogException(Exception, Object)
UnityEngine.Logger:LogException(Exception, Object)
UnityEngine.Debug:LogException(Exception)
SubPackage.<TryRemoveObsoleteSubPackagesAsync>d__5:MoveNext() (at .\Library\PackageCache\com.unity.cloud.draco@2ad9855b1dfa\Editor\Scripts\SubPackage\SubPackageRemover.cs:50)
System.Runtime.CompilerServices.AsyncTaskMethodBuilder:Start(<TryRemoveObsoleteSubPackagesAsync>d__5&)
SubPackage.SubPackageRemover:TryRemoveObsoleteSubPackagesAsync()
System.Reflection.RuntimeMethodInfo:InternalInvoke(RuntimeMethodInfo, Object, Object[], Exception&)
System.Reflection.RuntimeMethodInfo:Invoke(Object, BindingFlags, Binder, Object[], CultureInfo)
System.Reflection.MethodBase:Invoke(Object, Object[])
UnityEditor.EditorAssemblies:ProcessInitializeOnLoadMethodAttributes()

(Filename: ./Library/PackageCache/com.unity.cloud.draco@2ad9855b1dfa/Editor/Scripts/SubPackage/SubPackageRemover.cs Line: 50)

Mono: successfully reloaded assembly
- Finished resetting the current domain, in  0.781 seconds
Domain Reload Profiling: 1543ms
	BeginReloadAssembly (245ms)
		ExecutionOrderSort (0ms)
		DisableScriptedObjects (7ms)
		BackupInstance (0ms)
		ReleaseScriptingObjects (0ms)
		CreateAndSetChildDomain (52ms)
	RebuildCommonClasses (36ms)
	RebuildNativeTypeToScriptingClass (16ms)
	initialDomainReloadingComplete (32ms)
	LoadAllAssembliesAndSetupDomain (433ms)
		LoadAssemblies (400ms)
		RebuildTransferFunctionScriptingTraits (0ms)
		AnalyzeDomain (176ms)
			TypeCache.Refresh (9ms)
				TypeCache.ScanAssembly (0ms)
			BuildScriptInfoCaches (154ms)
			ResolveRequiredComponents (8ms)
	FinalizeReload (781ms)
		ReleaseScriptCaches (0ms)
		RebuildScriptCaches (0ms)
		SetupLoadedEditorAssemblies (602ms)
			LogAssemblyErrors (0ms)
			InitializePlatformSupportModulesInManaged (18ms)
			SetLoadedEditorAssemblies (3ms)
			BeforeProcessingInitializeOnLoad (86ms)
			ProcessInitializeOnLoadAttributes (410ms)
			ProcessInitializeOnLoadMethodAttributes (80ms)
			AfterProcessingInitializeOnLoad (6ms)
			EditorAssembliesLoaded (0ms)
		ExecutionOrderSort2 (0ms)
		AwakeInstancesAfterBackupRestoration (15ms)
Refreshing native plugins compatible for Editor in 8.44 ms, found 6 plugins.
Preloading 1 native plugins for Editor in 0.16 ms.
Unloading 34 Unused Serialized files (Serialized files now loaded: 0)
Unloading 6933 unused Assets / (6.4 MB). Loaded Objects now: 7673.
Memory consumption went from 154.2 MB to 147.8 MB.
Total: 7.063000 ms (FindLiveObjects: 0.554900 ms CreateObjectMapping: 0.486300 ms MarkObjects: 3.463000 ms  DeleteObjects: 2.557700 ms)

Prepare: number of updated asset objects reloaded= 0
========================================================================
Received Prepare
Begin MonoManager ReloadAssembly
Symbol file LoadedFromMemory is not a mono symbol file
- Loaded All Assemblies, in  0.757 seconds
Refreshing native plugins compatible for Editor in 9.47 ms, found 6 plugins.
Native extension for iOS target not found
Native extension for Android target not found
Native extension for WindowsStandalone target not found
[Package Manager] Failed to launch server process. Reason: Unity was launched with the -noUpm command-line argument
[Package Manager] Unable to send message (not connected to server process).
[Package Manager] Cannot connect to Unity Package Manager local server
[Package Manager] Failed to launch server process. Reason: Unity was launched with the -noUpm command-line argument
[Package Manager] Unable to send message (not connected to server process).
[Package Manager] Cannot connect to Unity Package Manager local server
AssertionException: Error removing Draco for Unity WebGL sub-packages.. Failed fetching installed packages.
Assertion failure. Values are not equal.
Expected: Failure == Success
  at UnityEngine.Assertions.Assert.Fail (System.String message, System.String userMessage) [0x00043] in <612ea0208cc847f49d539e6511ed3cd5>:0 
  at UnityEngine.Assertions.Assert.AreEqual[T] (T expected, T actual, System.String message, System.Collections.Generic.IEqualityComparer`1[T] comparer) [0x0005f] in <612ea0208cc847f49d539e6511ed3cd5>:0 
  at UnityEngine.Assertions.Assert.AreEqual[T] (T expected, T actual, System.String message) [0x00009] in <612ea0208cc847f49d539e6511ed3cd5>:0 
  at SubPackage.SubPackageRemover.GetAllInstalledPackagesAsync (System.Double timeout) [0x000b7] in .\Library\PackageCache\com.unity.cloud.draco@2ad9855b1dfa\Editor\Scripts\SubPackage\SubPackageRemover.cs:79 
  at SubPackage.SubPackageRemover.TryRemoveObsoleteSubPackagesAsync () [0x0002a] in .\Library\PackageCache\com.unity.cloud.draco@2ad9855b1dfa\Editor\Scripts\SubPackage\SubPackageRemover.cs:33 
UnityEngine.DebugLogHandler:Internal_LogException_Injected(Exception, IntPtr)
UnityEngine.DebugLogHandler:Internal_LogException(Exception, Object)
UnityEngine.DebugLogHandler:LogException(Exception, Object)
UnityEngine.Logger:LogException(Exception, Object)
UnityEngine.Debug:LogException(Exception)
SubPackage.<TryRemoveObsoleteSubPackagesAsync>d__5:MoveNext() (at .\Library\PackageCache\com.unity.cloud.draco@2ad9855b1dfa\Editor\Scripts\SubPackage\SubPackageRemover.cs:50)
System.Runtime.CompilerServices.AsyncTaskMethodBuilder:Start(<TryRemoveObsoleteSubPackagesAsync>d__5&)
SubPackage.SubPackageRemover:TryRemoveObsoleteSubPackagesAsync()
System.Reflection.RuntimeMethodInfo:InternalInvoke(RuntimeMethodInfo, Object, Object[], Exception&)
System.Reflection.RuntimeMethodInfo:Invoke(Object, BindingFlags, Binder, Object[], CultureInfo)
System.Reflection.MethodBase:Invoke(Object, Object[])
UnityEditor.EditorAssemblies:ProcessInitializeOnLoadMethodAttributes()

(Filename: ./Library/PackageCache/com.unity.cloud.draco@2ad9855b1dfa/Editor/Scripts/SubPackage/SubPackageRemover.cs Line: 50)

Mono: successfully reloaded assembly
- Finished resetting the current domain, in  0.753 seconds
Domain Reload Profiling: 1511ms
	BeginReloadAssembly (224ms)
		ExecutionOrderSort (0ms)
		DisableScriptedObjects (5ms)
		BackupInstance (0ms)
		ReleaseScriptingObjects (0ms)
		CreateAndSetChildDomain (40ms)
	RebuildCommonClasses (33ms)
	RebuildNativeTypeToScriptingClass (12ms)
	initialDomainReloadingComplete (30ms)
	LoadAllAssembliesAndSetupDomain (457ms)
		LoadAssemblies (402ms)
		RebuildTransferFunctionScriptingTraits (0ms)
		AnalyzeDomain (194ms)
			TypeCache.Refresh (6ms)
				TypeCache.ScanAssembly (0ms)
			BuildScriptInfoCaches (176ms)
			ResolveRequiredComponents (8ms)
	FinalizeReload (754ms)
		ReleaseScriptCaches (0ms)
		RebuildScriptCaches (0ms)
		SetupLoadedEditorAssemblies (599ms)
			LogAssemblyErrors (0ms)
			InitializePlatformSupportModulesInManaged (20ms)
			SetLoadedEditorAssemblies (3ms)
			BeforeProcessingInitializeOnLoad (87ms)
			ProcessInitializeOnLoadAttributes (407ms)
			ProcessInitializeOnLoadMethodAttributes (77ms)
			AfterProcessingInitializeOnLoad (5ms)
			EditorAssembliesLoaded (0ms)
		ExecutionOrderSort2 (0ms)
		AwakeInstancesAfterBackupRestoration (12ms)
Refreshing native plugins compatible for Editor in 9.44 ms, found 6 plugins.
Preloading 1 native plugins for Editor in 0.15 ms.
Unloading 34 Unused Serialized files (Serialized files now loaded: 0)
Unloading 6933 unused Assets / (6.6 MB). Loaded Objects now: 7676.
Memory consumption went from 154.2 MB to 147.6 MB.
Total: 8.495800 ms (FindLiveObjects: 0.646500 ms CreateObjectMapping: 0.599800 ms MarkObjects: 3.845400 ms  DeleteObjects: 3.403100 ms)

Prepare: number of updated asset objects reloaded= 0
========================================================================
Received Import Request.
  Time since last request: 1629.095326 seconds.
  path: Assets/Settings/DefaultVolumeProfile.asset
  artifactKey: Guid(ab09877e2e707104187f6f83e2f62510) Importer(815301076,1909f56bfc062723c751e8b465ee728b)
Start importing Assets/Settings/DefaultVolumeProfile.asset using Guid(ab09877e2e707104187f6f83e2f62510) Importer(815301076,1909f56bfc062723c751e8b465ee728b) (PreviewImporter) -> (artifact id: '10528149371aefc32227726816d72a59') in 0.2113547 seconds
Number of updated asset objects reloaded before import = 0Number of asset objects unloaded after import = 0

========================================================================
Received Import Request.
  Time since last request: 0.000015 seconds.
  path: Assets/TextMesh Pro/Resources/Sprite Assets/EmojiOne.asset
  artifactKey: Guid(c41005c129ba4d66911b75229fd70b45) Importer(815301076,1909f56bfc062723c751e8b465ee728b)
Start importing Assets/TextMesh Pro/Resources/Sprite Assets/EmojiOne.asset using Guid(c41005c129ba4d66911b75229fd70b45) Importer(815301076,1909f56bfc062723c751e8b465ee728b) (PreviewImporter) -> (artifact id: 'd238e6626128633df0a1859833765ef6') in 0.0039964 seconds
Number of updated asset objects reloaded before import = 0Number of asset objects unloaded after import = 3

========================================================================
Received Prepare
Refreshing native plugins compatible for Editor in 9.96 ms, found 6 plugins.
Preloading 1 native plugins for Editor in 0.17 ms.
Unloading 34 Unused Serialized files (Serialized files now loaded: 0)
Unloading 6892 unused Assets / (6.4 MB). Loaded Objects now: 7677.
Memory consumption went from 154.1 MB to 147.7 MB.
Total: 9.147500 ms (FindLiveObjects: 0.597800 ms CreateObjectMapping: 0.573400 ms MarkObjects: 5.166700 ms  DeleteObjects: 2.808400 ms)

Prepare: number of updated asset objects reloaded= 0
========================================================================
Received Prepare
Begin MonoManager ReloadAssembly
Symbol file LoadedFromMemory is not a mono symbol file
- Loaded All Assemblies, in  0.812 seconds
Refreshing native plugins compatible for Editor in 8.60 ms, found 6 plugins.
Native extension for iOS target not found
Native extension for Android target not found
Native extension for WindowsStandalone target not found
[Package Manager] Failed to launch server process. Reason: Unity was launched with the -noUpm command-line argument
[Package Manager] Unable to send message (not connected to server process).
[Package Manager] Cannot connect to Unity Package Manager local server
[Package Manager] Failed to launch server process. Reason: Unity was launched with the -noUpm command-line argument
[Package Manager] Unable to send message (not connected to server process).
[Package Manager] Cannot connect to Unity Package Manager local server
AssertionException: Error removing Draco for Unity WebGL sub-packages.. Failed fetching installed packages.
Assertion failure. Values are not equal.
Expected: Failure == Success
  at UnityEngine.Assertions.Assert.Fail (System.String message, System.String userMessage) [0x00043] in <612ea0208cc847f49d539e6511ed3cd5>:0 
  at UnityEngine.Assertions.Assert.AreEqual[T] (T expected, T actual, System.String message, System.Collections.Generic.IEqualityComparer`1[T] comparer) [0x0005f] in <612ea0208cc847f49d539e6511ed3cd5>:0 
  at UnityEngine.Assertions.Assert.AreEqual[T] (T expected, T actual, System.String message) [0x00009] in <612ea0208cc847f49d539e6511ed3cd5>:0 
  at SubPackage.SubPackageRemover.GetAllInstalledPackagesAsync (System.Double timeout) [0x000b7] in .\Library\PackageCache\com.unity.cloud.draco@2ad9855b1dfa\Editor\Scripts\SubPackage\SubPackageRemover.cs:79 
  at SubPackage.SubPackageRemover.TryRemoveObsoleteSubPackagesAsync () [0x0002a] in .\Library\PackageCache\com.unity.cloud.draco@2ad9855b1dfa\Editor\Scripts\SubPackage\SubPackageRemover.cs:33 
UnityEngine.DebugLogHandler:Internal_LogException_Injected(Exception, IntPtr)
UnityEngine.DebugLogHandler:Internal_LogException(Exception, Object)
UnityEngine.DebugLogHandler:LogException(Exception, Object)
UnityEngine.Logger:LogException(Exception, Object)
UnityEngine.Debug:LogException(Exception)
SubPackage.<TryRemoveObsoleteSubPackagesAsync>d__5:MoveNext() (at .\Library\PackageCache\com.unity.cloud.draco@2ad9855b1dfa\Editor\Scripts\SubPackage\SubPackageRemover.cs:50)
System.Runtime.CompilerServices.AsyncTaskMethodBuilder:Start(<TryRemoveObsoleteSubPackagesAsync>d__5&)
SubPackage.SubPackageRemover:TryRemoveObsoleteSubPackagesAsync()
System.Reflection.RuntimeMethodInfo:InternalInvoke(RuntimeMethodInfo, Object, Object[], Exception&)
System.Reflection.RuntimeMethodInfo:Invoke(Object, BindingFlags, Binder, Object[], CultureInfo)
System.Reflection.MethodBase:Invoke(Object, Object[])
UnityEditor.EditorAssemblies:ProcessInitializeOnLoadMethodAttributes()

(Filename: ./Library/PackageCache/com.unity.cloud.draco@2ad9855b1dfa/Editor/Scripts/SubPackage/SubPackageRemover.cs Line: 50)

Mono: successfully reloaded assembly
- Finished resetting the current domain, in  0.761 seconds
Domain Reload Profiling: 1573ms
	BeginReloadAssembly (268ms)
		ExecutionOrderSort (0ms)
		DisableScriptedObjects (5ms)
		BackupInstance (0ms)
		ReleaseScriptingObjects (0ms)
		CreateAndSetChildDomain (52ms)
	RebuildCommonClasses (33ms)
	RebuildNativeTypeToScriptingClass (11ms)
	initialDomainReloadingComplete (32ms)
	LoadAllAssembliesAndSetupDomain (467ms)
		LoadAssemblies (450ms)
		RebuildTransferFunctionScriptingTraits (0ms)
		AnalyzeDomain (187ms)
			TypeCache.Refresh (10ms)
				TypeCache.ScanAssembly (0ms)
			BuildScriptInfoCaches (165ms)
			ResolveRequiredComponents (8ms)
	FinalizeReload (761ms)
		ReleaseScriptCaches (0ms)
		RebuildScriptCaches (0ms)
		SetupLoadedEditorAssemblies (592ms)
			LogAssemblyErrors (0ms)
			InitializePlatformSupportModulesInManaged (21ms)
			SetLoadedEditorAssemblies (3ms)
			BeforeProcessingInitializeOnLoad (86ms)
			ProcessInitializeOnLoadAttributes (394ms)
			ProcessInitializeOnLoadMethodAttributes (83ms)
			AfterProcessingInitializeOnLoad (6ms)
			EditorAssembliesLoaded (0ms)
		ExecutionOrderSort2 (0ms)
		AwakeInstancesAfterBackupRestoration (11ms)
Refreshing native plugins compatible for Editor in 9.21 ms, found 6 plugins.
Preloading 1 native plugins for Editor in 0.14 ms.
Unloading 34 Unused Serialized files (Serialized files now loaded: 0)
Unloading 6933 unused Assets / (6.7 MB). Loaded Objects now: 7680.
Memory consumption went from 154.2 MB to 147.5 MB.
Total: 7.969600 ms (FindLiveObjects: 0.582200 ms CreateObjectMapping: 0.499700 ms MarkObjects: 3.816700 ms  DeleteObjects: 3.069400 ms)

Prepare: number of updated asset objects reloaded= 0
========================================================================
Received Prepare
Begin MonoManager ReloadAssembly
Symbol file LoadedFromMemory is not a mono symbol file
- Loaded All Assemblies, in  0.786 seconds
Refreshing native plugins compatible for Editor in 8.95 ms, found 6 plugins.
Native extension for iOS target not found
Native extension for Android target not found
Native extension for WindowsStandalone target not found
[Package Manager] Failed to launch server process. Reason: Unity was launched with the -noUpm command-line argument
[Package Manager] Unable to send message (not connected to server process).
[Package Manager] Cannot connect to Unity Package Manager local server
[Package Manager] Failed to launch server process. Reason: Unity was launched with the -noUpm command-line argument
[Package Manager] Unable to send message (not connected to server process).
[Package Manager] Cannot connect to Unity Package Manager local server
AssertionException: Error removing Draco for Unity WebGL sub-packages.. Failed fetching installed packages.
Assertion failure. Values are not equal.
Expected: Failure == Success
  at UnityEngine.Assertions.Assert.Fail (System.String message, System.String userMessage) [0x00043] in <612ea0208cc847f49d539e6511ed3cd5>:0 
  at UnityEngine.Assertions.Assert.AreEqual[T] (T expected, T actual, System.String message, System.Collections.Generic.IEqualityComparer`1[T] comparer) [0x0005f] in <612ea0208cc847f49d539e6511ed3cd5>:0 
  at UnityEngine.Assertions.Assert.AreEqual[T] (T expected, T actual, System.String message) [0x00009] in <612ea0208cc847f49d539e6511ed3cd5>:0 
  at SubPackage.SubPackageRemover.GetAllInstalledPackagesAsync (System.Double timeout) [0x000b7] in .\Library\PackageCache\com.unity.cloud.draco@2ad9855b1dfa\Editor\Scripts\SubPackage\SubPackageRemover.cs:79 
  at SubPackage.SubPackageRemover.TryRemoveObsoleteSubPackagesAsync () [0x0002a] in .\Library\PackageCache\com.unity.cloud.draco@2ad9855b1dfa\Editor\Scripts\SubPackage\SubPackageRemover.cs:33 
UnityEngine.DebugLogHandler:Internal_LogException_Injected(Exception, IntPtr)
UnityEngine.DebugLogHandler:Internal_LogException(Exception, Object)
UnityEngine.DebugLogHandler:LogException(Exception, Object)
UnityEngine.Logger:LogException(Exception, Object)
UnityEngine.Debug:LogException(Exception)
SubPackage.<TryRemoveObsoleteSubPackagesAsync>d__5:MoveNext() (at .\Library\PackageCache\com.unity.cloud.draco@2ad9855b1dfa\Editor\Scripts\SubPackage\SubPackageRemover.cs:50)
System.Runtime.CompilerServices.AsyncTaskMethodBuilder:Start(<TryRemoveObsoleteSubPackagesAsync>d__5&)
SubPackage.SubPackageRemover:TryRemoveObsoleteSubPackagesAsync()
System.Reflection.RuntimeMethodInfo:InternalInvoke(RuntimeMethodInfo, Object, Object[], Exception&)
System.Reflection.RuntimeMethodInfo:Invoke(Object, BindingFlags, Binder, Object[], CultureInfo)
System.Reflection.MethodBase:Invoke(Object, Object[])
UnityEditor.EditorAssemblies:ProcessInitializeOnLoadMethodAttributes()

(Filename: ./Library/PackageCache/com.unity.cloud.draco@2ad9855b1dfa/Editor/Scripts/SubPackage/SubPackageRemover.cs Line: 50)

Mono: successfully reloaded assembly
- Finished resetting the current domain, in  0.782 seconds
Domain Reload Profiling: 1569ms
	BeginReloadAssembly (250ms)
		ExecutionOrderSort (0ms)
		DisableScriptedObjects (6ms)
		BackupInstance (0ms)
		ReleaseScriptingObjects (0ms)
		CreateAndSetChildDomain (62ms)
	RebuildCommonClasses (35ms)
	RebuildNativeTypeToScriptingClass (10ms)
	initialDomainReloadingComplete (30ms)
	LoadAllAssembliesAndSetupDomain (461ms)
		LoadAssemblies (418ms)
		RebuildTransferFunctionScriptingTraits (0ms)
		AnalyzeDomain (183ms)
			TypeCache.Refresh (7ms)
				TypeCache.ScanAssembly (0ms)
			BuildScriptInfoCaches (162ms)
			ResolveRequiredComponents (8ms)
	FinalizeReload (783ms)
		ReleaseScriptCaches (0ms)
		RebuildScriptCaches (0ms)
		SetupLoadedEditorAssemblies (613ms)
			LogAssemblyErrors (0ms)
			InitializePlatformSupportModulesInManaged (19ms)
			SetLoadedEditorAssemblies (3ms)
			BeforeProcessingInitializeOnLoad (91ms)
			ProcessInitializeOnLoadAttributes (417ms)
			ProcessInitializeOnLoadMethodAttributes (78ms)
			AfterProcessingInitializeOnLoad (6ms)
			EditorAssembliesLoaded (0ms)
		ExecutionOrderSort2 (0ms)
		AwakeInstancesAfterBackupRestoration (12ms)
Refreshing native plugins compatible for Editor in 12.87 ms, found 6 plugins.
Preloading 1 native plugins for Editor in 0.22 ms.
Unloading 34 Unused Serialized files (Serialized files now loaded: 0)
Unloading 6933 unused Assets / (6.3 MB). Loaded Objects now: 7683.
Memory consumption went from 154.2 MB to 147.9 MB.
Total: 11.128700 ms (FindLiveObjects: 0.861100 ms CreateObjectMapping: 1.024600 ms MarkObjects: 5.068500 ms  DeleteObjects: 4.173000 ms)

Prepare: number of updated asset objects reloaded= 0
========================================================================
Received Prepare
Refreshing native plugins compatible for Editor in 20.72 ms, found 6 plugins.
Preloading 1 native plugins for Editor in 0.17 ms.
Unloading 34 Unused Serialized files (Serialized files now loaded: 0)
Unloading 34 unused Assets / (3.6 MB). Loaded Objects now: 7683.
Memory consumption went from 148.3 MB to 144.7 MB.
Total: 10.506300 ms (FindLiveObjects: 0.572600 ms CreateObjectMapping: 0.501100 ms MarkObjects: 7.087000 ms  DeleteObjects: 2.344000 ms)

Prepare: number of updated asset objects reloaded= 153
========================================================================
Received Prepare
Refreshing native plugins compatible for Editor in 453.18 ms, found 6 plugins.
Preloading 1 native plugins for Editor in 0.23 ms.
Unloading 34 Unused Serialized files (Serialized files now loaded: 0)
Unloading 34 unused Assets / (3.5 MB). Loaded Objects now: 7683.
Memory consumption went from 148.4 MB to 144.8 MB.
Total: 10.925700 ms (FindLiveObjects: 0.522000 ms CreateObjectMapping: 0.727600 ms MarkObjects: 8.195400 ms  DeleteObjects: 1.478600 ms)

Prepare: number of updated asset objects reloaded= 0
========================================================================
Received Prepare
Begin MonoManager ReloadAssembly
Symbol file LoadedFromMemory is not a mono symbol file
- Loaded All Assemblies, in  0.812 seconds
Refreshing native plugins compatible for Editor in 8.84 ms, found 6 plugins.
Native extension for iOS target not found
Native extension for Android target not found
Native extension for WindowsStandalone target not found
[Package Manager] Failed to launch server process. Reason: Unity was launched with the -noUpm command-line argument
[Package Manager] Unable to send message (not connected to server process).
[Package Manager] Cannot connect to Unity Package Manager local server
[Package Manager] Failed to launch server process. Reason: Unity was launched with the -noUpm command-line argument
[Package Manager] Unable to send message (not connected to server process).
[Package Manager] Cannot connect to Unity Package Manager local server
AssertionException: Error removing Draco for Unity WebGL sub-packages.. Failed fetching installed packages.
Assertion failure. Values are not equal.
Expected: Failure == Success
  at UnityEngine.Assertions.Assert.Fail (System.String message, System.String userMessage) [0x00043] in <612ea0208cc847f49d539e6511ed3cd5>:0 
  at UnityEngine.Assertions.Assert.AreEqual[T] (T expected, T actual, System.String message, System.Collections.Generic.IEqualityComparer`1[T] comparer) [0x0005f] in <612ea0208cc847f49d539e6511ed3cd5>:0 
  at UnityEngine.Assertions.Assert.AreEqual[T] (T expected, T actual, System.String message) [0x00009] in <612ea0208cc847f49d539e6511ed3cd5>:0 
  at SubPackage.SubPackageRemover.GetAllInstalledPackagesAsync (System.Double timeout) [0x000b7] in .\Library\PackageCache\com.unity.cloud.draco@2ad9855b1dfa\Editor\Scripts\SubPackage\SubPackageRemover.cs:79 
  at SubPackage.SubPackageRemover.TryRemoveObsoleteSubPackagesAsync () [0x0002a] in .\Library\PackageCache\com.unity.cloud.draco@2ad9855b1dfa\Editor\Scripts\SubPackage\SubPackageRemover.cs:33 
UnityEngine.DebugLogHandler:Internal_LogException_Injected(Exception, IntPtr)
UnityEngine.DebugLogHandler:Internal_LogException(Exception, Object)
UnityEngine.DebugLogHandler:LogException(Exception, Object)
UnityEngine.Logger:LogException(Exception, Object)
UnityEngine.Debug:LogException(Exception)
SubPackage.<TryRemoveObsoleteSubPackagesAsync>d__5:MoveNext() (at .\Library\PackageCache\com.unity.cloud.draco@2ad9855b1dfa\Editor\Scripts\SubPackage\SubPackageRemover.cs:50)
System.Runtime.CompilerServices.AsyncTaskMethodBuilder:Start(<TryRemoveObsoleteSubPackagesAsync>d__5&)
SubPackage.SubPackageRemover:TryRemoveObsoleteSubPackagesAsync()
System.Reflection.RuntimeMethodInfo:InternalInvoke(RuntimeMethodInfo, Object, Object[], Exception&)
System.Reflection.RuntimeMethodInfo:Invoke(Object, BindingFlags, Binder, Object[], CultureInfo)
System.Reflection.MethodBase:Invoke(Object, Object[])
UnityEditor.EditorAssemblies:ProcessInitializeOnLoadMethodAttributes()

(Filename: ./Library/PackageCache/com.unity.cloud.draco@2ad9855b1dfa/Editor/Scripts/SubPackage/SubPackageRemover.cs Line: 50)

Mono: successfully reloaded assembly
- Finished resetting the current domain, in  0.890 seconds
Domain Reload Profiling: 1703ms
	BeginReloadAssembly (238ms)
		ExecutionOrderSort (0ms)
		DisableScriptedObjects (7ms)
		BackupInstance (0ms)
		ReleaseScriptingObjects (0ms)
		CreateAndSetChildDomain (44ms)
	RebuildCommonClasses (36ms)
	RebuildNativeTypeToScriptingClass (10ms)
	initialDomainReloadingComplete (32ms)
	LoadAllAssembliesAndSetupDomain (497ms)
		LoadAssemblies (409ms)
		RebuildTransferFunctionScriptingTraits (0ms)
		AnalyzeDomain (233ms)
			TypeCache.Refresh (117ms)
				TypeCache.ScanAssembly (103ms)
			BuildScriptInfoCaches (99ms)
			ResolveRequiredComponents (11ms)
	FinalizeReload (890ms)
		ReleaseScriptCaches (0ms)
		RebuildScriptCaches (0ms)
		SetupLoadedEditorAssemblies (721ms)
			LogAssemblyErrors (0ms)
			InitializePlatformSupportModulesInManaged (21ms)
			SetLoadedEditorAssemblies (5ms)
			BeforeProcessingInitializeOnLoad (110ms)
			ProcessInitializeOnLoadAttributes (490ms)
			ProcessInitializeOnLoadMethodAttributes (90ms)
			AfterProcessingInitializeOnLoad (6ms)
			EditorAssembliesLoaded (0ms)
		ExecutionOrderSort2 (0ms)
		AwakeInstancesAfterBackupRestoration (12ms)
Refreshing native plugins compatible for Editor in 10.91 ms, found 6 plugins.
Preloading 1 native plugins for Editor in 0.14 ms.
Unloading 34 Unused Serialized files (Serialized files now loaded: 0)
Unloading 6933 unused Assets / (7.5 MB). Loaded Objects now: 7686.
Memory consumption went from 153.5 MB to 146.0 MB.
Total: 10.853100 ms (FindLiveObjects: 0.595500 ms CreateObjectMapping: 0.731800 ms MarkObjects: 4.981600 ms  DeleteObjects: 4.543200 ms)

Prepare: number of updated asset objects reloaded= 0
